 &plot nbnd= 250, nks=    61 /
            0.000000  0.000000  0.000000
  -43.065  -43.065  -43.065  -43.065  -43.064  -43.064  -43.064  -43.063  -43.060  -43.060
  -43.059  -43.059  -43.054  -43.053  -43.052  -43.052  -43.052  -43.052  -43.051  -43.051
  -43.035  -43.035  -43.034  -43.034  -43.031  -43.031  -43.031  -43.031  -43.030  -43.030
  -43.026  -43.026  -43.023  -43.023  -43.022  -43.022  -43.022  -43.022  -43.022  -43.022
  -43.020  -43.020  -43.018  -43.018  -43.017  -43.017  -43.011  -43.011  -43.009  -43.009
  -42.958  -42.958  -42.957  -42.957  -42.921  -42.921  -42.917  -42.917  -42.906  -42.906
  -17.034  -17.030  -17.026  -17.024  -17.019  -17.017  -17.015  -17.013  -17.013  -17.013
  -17.012  -17.010  -17.008  -17.008  -17.004  -17.004  -16.995  -16.995  -16.994  -16.993
  -16.991  -16.988  -16.988  -16.988  -16.986  -16.982  -16.982  -16.981  -16.981  -16.979
  -16.979  -16.975  -16.975  -16.972  -16.972  -16.970  -16.970  -16.961  -16.961  -16.960
  -16.960  -16.955  -16.955  -16.955  -16.954  -16.952  -16.948  -16.948  -16.948  -16.947
  -16.941  -16.941  -16.928  -16.928  -16.923  -16.923  -16.921  -16.921  -16.915  -16.915
   -9.308   -9.266   -9.208   -9.142   -9.081   -9.056   -8.305   -8.228   -8.139   -8.059
   -8.000   -7.975   -2.876   -2.780   -2.633   -2.445   -2.241   -2.090   -1.148   -0.976
   -0.833   -0.736   -0.674   -0.659   -0.253   -0.088    0.164    0.451    0.723    1.009
    1.084    1.282    1.282    1.335    1.379    1.412    1.413    1.503    1.516    1.532
    1.591    1.642    2.353    2.392    2.393    2.459    2.484    2.563    2.579    2.689
    2.774    2.814    2.818    3.167    3.573    3.683    3.814    3.931    4.017    4.029
    5.281    5.602    6.126    6.613    6.727    6.739    6.802    6.860    6.914    6.949
    6.974    7.158    7.166    7.329    7.482    7.706    7.717    7.810    7.881    7.923
    7.954    8.145    8.232    8.372    8.436    8.587    8.720    8.956    9.016    9.063
    9.169    9.199    9.283    9.327    9.505    9.542    9.765    9.931    9.947   10.027
   10.092   10.169   10.315   10.384   10.570   10.865   11.016   11.051   11.175   11.200
   11.389   11.433   11.453   11.644   11.808   11.859   12.050   12.144   12.177   12.190
   12.332   12.410   12.435   12.521   12.590   12.606   12.736   12.752   12.814   12.883
            0.025000  0.000000  0.000000
  -43.065  -43.065  -43.065  -43.065  -43.064  -43.064  -43.064  -43.063  -43.060  -43.060
  -43.059  -43.059  -43.054  -43.053  -43.052  -43.052  -43.052  -43.052  -43.051  -43.051
  -43.035  -43.035  -43.034  -43.034  -43.031  -43.031  -43.031  -43.031  -43.030  -43.030
  -43.026  -43.026  -43.023  -43.023  -43.022  -43.022  -43.022  -43.022  -43.022  -43.022
  -43.020  -43.020  -43.018  -43.018  -43.017  -43.017  -43.011  -43.011  -43.009  -43.009
  -42.958  -42.958  -42.957  -42.957  -42.921  -42.921  -42.917  -42.917  -42.906  -42.906
  -17.034  -17.030  -17.026  -17.024  -17.019  -17.017  -17.015  -17.013  -17.013  -17.013
  -17.012  -17.010  -17.008  -17.008  -17.004  -17.004  -16.995  -16.994  -16.994  -16.993
  -16.991  -16.989  -16.988  -16.988  -16.986  -16.982  -16.982  -16.981  -16.981  -16.979
  -16.979  -16.975  -16.975  -16.972  -16.972  -16.970  -16.970  -16.961  -16.961  -16.960
  -16.960  -16.955  -16.955  -16.955  -16.954  -16.952  -16.948  -16.948  -16.948  -16.947
  -16.941  -16.941  -16.928  -16.928  -16.923  -16.923  -16.921  -16.921  -16.915  -16.915
   -9.304   -9.262   -9.205   -9.139   -9.078   -9.053   -8.303   -8.226   -8.138   -8.058
   -7.999   -7.974   -2.879   -2.783   -2.637   -2.448   -2.246   -2.096   -1.152   -0.983
   -0.843   -0.749   -0.687   -0.674   -0.252   -0.085    0.168    0.455    0.727    1.012
    1.088    1.234    1.310    1.328    1.380    1.398    1.437    1.481    1.538    1.548
    1.586    1.635    2.353    2.394    2.396    2.453    2.487    2.544    2.599    2.684
    2.767    2.809    2.827    3.176    3.575    3.686    3.817    3.932    4.016    4.027
    5.285    5.606    6.129    6.617    6.743    6.756    6.818    6.876    6.919    6.961
    6.990    7.169    7.174    7.310    7.467    7.685    7.701    7.778    7.886    7.915
    7.925    8.095    8.242    8.332    8.445    8.549    8.735    8.973    8.980    9.083
    9.190    9.215    9.247    9.344    9.515    9.517    9.738    9.904    9.954   10.001
   10.095   10.172   10.319   10.386   10.570   10.857   10.993   11.014   11.137   11.169
   11.343   11.380   11.412   11.606   11.777   11.828   12.052   12.132   12.205   12.210
   12.291   12.375   12.475   12.536   12.625   12.657   12.765   12.772   12.797   12.899
            0.050000  0.000000  0.000000
  -43.065  -43.065  -43.065  -43.065  -43.064  -43.064  -43.064  -43.063  -43.060  -43.060
  -43.059  -43.059  -43.054  -43.053  -43.052  -43.052  -43.052  -43.052  -43.051  -43.051
  -43.035  -43.035  -43.034  -43.034  -43.031  -43.031  -43.031  -43.031  -43.030  -43.030
  -43.026  -43.026  -43.023  -43.023  -43.022  -43.022  -43.022  -43.022  -43.022  -43.022
  -43.020  -43.020  -43.018  -43.018  -43.017  -43.017  -43.011  -43.011  -43.009  -43.009
  -42.958  -42.958  -42.957  -42.957  -42.921  -42.921  -42.917  -42.917  -42.906  -42.906
  -17.034  -17.030  -17.025  -17.024  -17.018  -17.017  -17.015  -17.013  -17.013  -17.013
  -17.012  -17.010  -17.008  -17.008  -17.004  -17.004  -16.994  -16.994  -16.994  -16.993
  -16.991  -16.989  -16.988  -16.988  -16.987  -16.982  -16.982  -16.981  -16.981  -16.979
  -16.979  -16.975  -16.975  -16.972  -16.972  -16.970  -16.970  -16.962  -16.961  -16.960
  -16.959  -16.955  -16.955  -16.955  -16.954  -16.952  -16.948  -16.948  -16.948  -16.947
  -16.941  -16.941  -16.928  -16.928  -16.923  -16.923  -16.921  -16.921  -16.915  -16.915
   -9.294   -9.252   -9.195   -9.129   -9.068   -9.044   -8.298   -8.222   -8.135   -8.055
   -7.996   -7.972   -2.888   -2.793   -2.647   -2.460   -2.260   -2.113   -1.166   -1.005
   -0.873   -0.786   -0.728   -0.718   -0.247   -0.077    0.178    0.466    0.738    1.023
    1.099    1.187    1.267    1.356    1.373    1.397    1.449    1.482    1.565    1.572
    1.581    1.616    2.354    2.399    2.402    2.439    2.495    2.521    2.626    2.669
    2.749    2.785    2.857    3.202    3.580    3.696    3.825    3.935    4.013    4.022
    5.298    5.618    6.139    6.626    6.790    6.804    6.862    6.920    6.933    6.994
    7.036    7.185    7.202    7.258    7.408    7.621    7.658    7.709    7.832    7.900
    7.929    7.975    8.228    8.261    8.448    8.465    8.768    8.877    9.024    9.113
    9.179    9.237    9.243    9.378    9.446    9.540    9.665    9.831    9.929    9.970
   10.098   10.179   10.329   10.386   10.563   10.821   10.918   10.920   11.041   11.081
   11.231   11.253   11.317   11.510   11.692   11.753   12.043   12.095   12.245   12.265
   12.268   12.349   12.471   12.534   12.729   12.773   12.815   12.823   12.917   12.962
            0.075000  0.000000  0.000000
  -43.065  -43.065  -43.065  -43.065  -43.064  -43.064  -43.064  -43.063  -43.060  -43.060
  -43.059  -43.059  -43.054  -43.053  -43.052  -43.052  -43.052  -43.052  -43.051  -43.051
  -43.035  -43.035  -43.034  -43.034  -43.031  -43.031  -43.031  -43.031  -43.030  -43.030
  -43.026  -43.026  -43.023  -43.023  -43.022  -43.022  -43.022  -43.022  -43.022  -43.022
  -43.020  -43.020  -43.018  -43.018  -43.017  -43.017  -43.011  -43.011  -43.009  -43.009
  -42.958  -42.958  -42.957  -42.957  -42.921  -42.921  -42.917  -42.917  -42.906  -42.906
  -17.033  -17.029  -17.025  -17.023  -17.018  -17.016  -17.015  -17.014  -17.012  -17.012
  -17.012  -17.010  -17.009  -17.008  -17.005  -17.005  -16.994  -16.994  -16.994  -16.993
  -16.991  -16.989  -16.988  -16.988  -16.987  -16.982  -16.982  -16.981  -16.981  -16.980
  -16.980  -16.975  -16.975  -16.972  -16.972  -16.971  -16.970  -16.962  -16.961  -16.959
  -16.959  -16.956  -16.956  -16.955  -16.954  -16.951  -16.949  -16.948  -16.948  -16.947
  -16.941  -16.941  -16.928  -16.928  -16.923  -16.923  -16.921  -16.921  -16.915  -16.915
   -9.277   -9.236   -9.179   -9.114   -9.053   -9.029   -8.290   -8.215   -8.129   -8.051
   -7.993   -7.969   -2.904   -2.809   -2.664   -2.480   -2.284   -2.140   -1.189   -1.041
   -0.923   -0.848   -0.795   -0.788   -0.237   -0.064    0.195    0.485    0.758    1.040
    1.117    1.143    1.224    1.319    1.401    1.419    1.425    1.526    1.554    1.579
    1.600    1.620    2.356    2.405    2.407    2.426    2.502    2.505    2.649    2.650
    2.728    2.750    2.901    3.243    3.589    3.709    3.836    3.937    4.006    4.011
    5.320    5.637    6.153    6.634    6.856    6.877    6.919    6.950    6.961    7.030
    7.094    7.118    7.253    7.268    7.306    7.519    7.585    7.647    7.775    7.819
    7.921    7.934    8.090    8.289    8.309    8.492    8.738    8.801    9.024    9.072
    9.199    9.243    9.285    9.368    9.413    9.534    9.583    9.725    9.823    9.992
   10.102   10.183   10.349   10.372   10.537   10.704   10.790   10.827   10.922   10.957
   11.099   11.106   11.222   11.385   11.583   11.652   12.020   12.023   12.238   12.323
   12.345   12.384   12.459   12.487   12.762   12.882   12.970   12.986   13.042   13.087
            0.100000  0.000000  0.000000
  -43.065  -43.065  -43.065  -43.065  -43.064  -43.064  -43.064  -43.063  -43.060  -43.060
  -43.059  -43.059  -43.054  -43.054  -43.052  -43.052  -43.052  -43.052  -43.051  -43.051
  -43.035  -43.035  -43.034  -43.034  -43.031  -43.031  -43.031  -43.031  -43.030  -43.030
  -43.026  -43.026  -43.023  -43.023  -43.022  -43.022  -43.022  -43.022  -43.022  -43.022
  -43.020  -43.020  -43.018  -43.018  -43.017  -43.017  -43.011  -43.011  -43.009  -43.009
  -42.958  -42.958  -42.957  -42.957  -42.921  -42.921  -42.917  -42.917  -42.906  -42.906
  -17.032  -17.029  -17.024  -17.023  -17.017  -17.016  -17.015  -17.014  -17.012  -17.011
  -17.011  -17.011  -17.009  -17.009  -17.005  -17.005  -16.994  -16.993  -16.993  -16.993
  -16.991  -16.989  -16.988  -16.988  -16.987  -16.982  -16.981  -16.981  -16.981  -16.980
  -16.980  -16.975  -16.975  -16.972  -16.972  -16.971  -16.971  -16.962  -16.961  -16.959
  -16.959  -16.956  -16.956  -16.955  -16.954  -16.951  -16.949  -16.948  -16.947  -16.947
  -16.941  -16.941  -16.929  -16.928  -16.924  -16.924  -16.921  -16.921  -16.915  -16.915
   -9.254   -9.213   -9.156   -9.092   -9.032   -9.008   -8.280   -8.205   -8.121   -8.044
   -7.988   -7.965   -2.925   -2.831   -2.688   -2.507   -2.316   -2.178   -1.224   -1.093
   -0.993   -0.933   -0.883   -0.881   -0.223   -0.044    0.219    0.512    0.785    1.061
    1.104    1.135    1.190    1.282    1.388    1.414    1.466    1.538    1.544    1.571
    1.628    1.660    2.361    2.399    2.408    2.430    2.492    2.516    2.632    2.646
    2.710    2.732    2.953    3.294    3.599    3.726    3.849    3.936    3.994    3.994
    5.348    5.662    6.170    6.634    6.835    6.899    6.936    6.956    6.963    7.071
    7.105    7.118    7.271    7.318    7.326    7.387    7.536    7.589    7.669    7.740
    7.893    7.938    8.004    8.159    8.327    8.523    8.578    8.805    8.910    9.077
    9.193    9.230    9.311    9.337    9.415    9.448    9.568    9.598    9.698   10.015
   10.108   10.178   10.334   10.379   10.484   10.526   10.638   10.720   10.801   10.852
   10.983   10.984   11.147   11.254   11.483   11.538   11.912   12.014   12.263   12.322
   12.442   12.458   12.477   12.493   12.801   12.882   13.058   13.203   13.213   13.281
            0.125000  0.000000  0.000000
  -43.065  -43.065  -43.065  -43.065  -43.064  -43.064  -43.064  -43.063  -43.060  -43.060
  -43.059  -43.059  -43.054  -43.054  -43.052  -43.052  -43.052  -43.052  -43.051  -43.051
  -43.035  -43.035  -43.034  -43.034  -43.031  -43.031  -43.031  -43.031  -43.030  -43.030
  -43.026  -43.026  -43.023  -43.023  -43.022  -43.022  -43.022  -43.022  -43.022  -43.022
  -43.020  -43.020  -43.018  -43.018  -43.017  -43.017  -43.011  -43.011  -43.009  -43.009
  -42.958  -42.958  -42.957  -42.957  -42.921  -42.921  -42.917  -42.917  -42.906  -42.906
  -17.031  -17.028  -17.023  -17.022  -17.017  -17.017  -17.014  -17.014  -17.013  -17.011
  -17.011  -17.010  -17.010  -17.009  -17.005  -17.005  -16.994  -16.993  -16.992  -16.992
  -16.991  -16.990  -16.989  -16.987  -16.987  -16.981  -16.981  -16.981  -16.981  -16.979
  -16.979  -16.975  -16.975  -16.972  -16.972  -16.971  -16.971  -16.962  -16.961  -16.959
  -16.959  -16.957  -16.956  -16.955  -16.954  -16.951  -16.949  -16.948  -16.947  -16.946
  -16.941  -16.941  -16.929  -16.929  -16.924  -16.924  -16.921  -16.921  -16.914  -16.914
   -9.224   -9.183   -9.128   -9.064   -9.004   -8.981   -8.267   -8.194   -8.111   -8.037
   -7.982   -7.961   -2.951   -2.859   -2.718   -2.541   -2.356   -2.225   -1.270   -1.160
   -1.082   -1.042   -0.990   -0.989   -0.201   -0.016    0.251    0.546    0.821    1.060
    1.100    1.129    1.192    1.250    1.361    1.417    1.504    1.507    1.539    1.616
    1.663    1.702    2.369    2.388    2.406    2.439    2.494    2.525    2.617    2.619
    2.675    2.762    3.008    3.351    3.610    3.746    3.859    3.927    3.971    3.975
    5.384    5.693    6.183    6.596    6.623    6.763    6.897    6.986    6.997    7.094
    7.125    7.139    7.298    7.333    7.381    7.412    7.486    7.522    7.580    7.706
    7.780    7.934    8.031    8.042    8.376    8.404    8.570    8.690    8.902    8.969
    9.189    9.206    9.311    9.319    9.320    9.443    9.467    9.540    9.578   10.032
   10.104   10.152   10.264   10.346   10.352   10.432   10.547   10.612   10.703   10.788
   10.910   10.917   11.082   11.132   11.416   11.423   11.794   12.021   12.234   12.300
   12.490   12.551   12.579   12.600   12.847   12.855   13.101   13.377   13.420   13.429
            0.150000  0.000000  0.000000
  -43.065  -43.065  -43.065  -43.065  -43.064  -43.064  -43.064  -43.063  -43.060  -43.060
  -43.059  -43.059  -43.054  -43.054  -43.052  -43.052  -43.052  -43.052  -43.051  -43.051
  -43.035  -43.035  -43.034  -43.034  -43.031  -43.031  -43.031  -43.031  -43.030  -43.030
  -43.026  -43.026  -43.023  -43.023  -43.022  -43.022  -43.022  -43.022  -43.022  -43.022
  -43.020  -43.020  -43.018  -43.018  -43.017  -43.017  -43.011  -43.011  -43.009  -43.009
  -42.958  -42.958  -42.957  -42.957  -42.921  -42.921  -42.917  -42.917  -42.906  -42.906
  -17.030  -17.027  -17.023  -17.022  -17.017  -17.016  -17.014  -17.013  -17.013  -17.012
  -17.011  -17.010  -17.009  -17.009  -17.006  -17.006  -16.993  -16.993  -16.992  -16.992
  -16.991  -16.990  -16.989  -16.987  -16.987  -16.982  -16.982  -16.981  -16.981  -16.979
  -16.979  -16.975  -16.975  -16.973  -16.973  -16.971  -16.971  -16.963  -16.961  -16.959
  -16.959  -16.958  -16.956  -16.954  -16.953  -16.951  -16.948  -16.948  -16.947  -16.946
  -16.941  -16.941  -16.929  -16.929  -16.925  -16.925  -16.920  -16.920  -16.914  -16.914
   -9.188   -9.148   -9.093   -9.030   -8.971   -8.949   -8.252   -8.181   -8.101   -8.029
   -7.976   -7.957   -2.983   -2.892   -2.754   -2.581   -2.404   -2.281   -1.330   -1.243
   -1.190   -1.173   -1.109   -1.109   -0.172    0.019    0.291    0.589    0.864    1.036
    1.107    1.129    1.221    1.229    1.340    1.405    1.467    1.544    1.567    1.662
    1.702    1.746    2.375    2.380    2.405    2.445    2.502    2.531    2.593    2.595
    2.665    2.802    3.064    3.409    3.620    3.767    3.867    3.902    3.948    3.948
    5.425    5.725    6.178    6.363    6.531    6.570    6.808    6.912    6.986    7.049
    7.149    7.164    7.315    7.327    7.404    7.423    7.476    7.510    7.558    7.669
    7.728    7.878    8.001    8.102    8.257    8.435    8.534    8.619    8.819    8.926
    9.089    9.183    9.266    9.280    9.297    9.358    9.403    9.432    9.551   10.023
   10.060   10.101   10.145   10.230   10.253   10.368   10.579   10.595   10.682   10.774
   10.894   10.908   11.020   11.028   11.320   11.386   11.684   12.020   12.154   12.325
   12.498   12.643   12.716   12.738   12.831   12.915   13.157   13.429   13.590   13.608
            0.175000  0.000000  0.000000
  -43.065  -43.065  -43.065  -43.065  -43.064  -43.064  -43.064  -43.063  -43.060  -43.060
  -43.059  -43.059  -43.054  -43.054  -43.052  -43.052  -43.052  -43.052  -43.051  -43.051
  -43.035  -43.035  -43.034  -43.034  -43.031  -43.031  -43.031  -43.031  -43.030  -43.030
  -43.026  -43.026  -43.023  -43.023  -43.022  -43.022  -43.022  -43.022  -43.022  -43.022
  -43.020  -43.020  -43.018  -43.018  -43.017  -43.017  -43.011  -43.011  -43.009  -43.009
  -42.958  -42.958  -42.957  -42.956  -42.921  -42.921  -42.917  -42.917  -42.906  -42.905
  -17.029  -17.026  -17.022  -17.022  -17.018  -17.017  -17.014  -17.013  -17.013  -17.012
  -17.011  -17.011  -17.009  -17.009  -17.006  -17.006  -16.994  -16.993  -16.991  -16.991
  -16.990  -16.990  -16.990  -16.987  -16.987  -16.982  -16.982  -16.981  -16.980  -16.978
  -16.978  -16.975  -16.975  -16.973  -16.973  -16.971  -16.971  -16.964  -16.961  -16.960
  -16.958  -16.958  -16.956  -16.954  -16.953  -16.950  -16.948  -16.948  -16.947  -16.946
  -16.941  -16.941  -16.930  -16.930  -16.925  -16.925  -16.920  -16.920  -16.914  -16.914
   -9.146   -9.107   -9.053   -8.991   -8.933   -8.911   -8.235   -8.166   -8.090   -8.021
   -7.971   -7.953   -3.019   -2.929   -2.794   -2.627   -2.458   -2.342   -1.402   -1.341
   -1.319   -1.316   -1.236   -1.236   -0.134    0.063    0.339    0.639    0.915    1.018
    1.090    1.154    1.226    1.249    1.332    1.390    1.441    1.584    1.609    1.709
    1.745    1.792    2.375    2.376    2.415    2.446    2.505    2.529    2.578    2.582
    2.679    2.844    3.116    3.463    3.628    3.790    3.859    3.868    3.914    3.926
    5.471    5.752    6.108    6.120    6.385    6.425    6.670    6.812    6.910    6.977
    7.136    7.141    7.285    7.291    7.320    7.399    7.491    7.526    7.580    7.634
    7.751    7.814    8.039    8.077    8.240    8.378    8.506    8.658    8.679    8.900
    8.990    9.107    9.199    9.228    9.268    9.289    9.302    9.344    9.552    9.980
    9.999   10.048   10.068   10.164   10.176   10.330   10.649   10.693   10.770   10.821
   10.911   10.933   10.974   10.993   11.238   11.380   11.596   11.965   12.146   12.304
   12.514   12.719   12.797   12.874   12.888   12.973   13.227   13.493   13.710   13.733
            0.200000  0.000000  0.000000
  -43.065  -43.065  -43.065  -43.065  -43.064  -43.064  -43.063  -43.063  -43.060  -43.060
  -43.059  -43.059  -43.054  -43.054  -43.052  -43.052  -43.052  -43.052  -43.051  -43.051
  -43.035  -43.035  -43.034  -43.034  -43.031  -43.031  -43.031  -43.031  -43.030  -43.030
  -43.026  -43.026  -43.023  -43.023  -43.022  -43.022  -43.022  -43.022  -43.022  -43.022
  -43.020  -43.020  -43.018  -43.018  -43.017  -43.017  -43.011  -43.011  -43.009  -43.009
  -42.958  -42.958  -42.956  -42.956  -42.921  -42.921  -42.917  -42.917  -42.906  -42.905
  -17.028  -17.025  -17.021  -17.021  -17.019  -17.017  -17.014  -17.013  -17.013  -17.012
  -17.011  -17.011  -17.008  -17.008  -17.006  -17.006  -16.994  -16.993  -16.991  -16.991
  -16.991  -16.990  -16.989  -16.987  -16.987  -16.983  -16.982  -16.981  -16.980  -16.978
  -16.978  -16.975  -16.975  -16.973  -16.972  -16.971  -16.971  -16.964  -16.962  -16.961
  -16.958  -16.958  -16.956  -16.954  -16.952  -16.950  -16.948  -16.948  -16.946  -16.946
  -16.941  -16.941  -16.930  -16.930  -16.926  -16.926  -16.919  -16.919  -16.914  -16.913
   -9.099   -9.060   -9.007   -8.947   -8.890   -8.870   -8.218   -8.152   -8.079   -8.014
   -7.966   -7.951   -3.058   -2.970   -2.838   -2.677   -2.515   -2.407   -1.487   -1.477
   -1.458   -1.454   -1.368   -1.367   -0.086    0.115    0.395    0.697    0.972    1.011
    1.083    1.163    1.250    1.261    1.337    1.382    1.440    1.630    1.654    1.757
    1.792    1.840    2.374    2.376    2.432    2.444    2.499    2.509    2.587    2.592
    2.705    2.886    3.162    3.504    3.631    3.802    3.816    3.850    3.886    3.901
    5.519    5.733    5.926    5.949    6.211    6.346    6.531    6.674    6.787    6.916
    7.066    7.081    7.198    7.199    7.234    7.359    7.470    7.524    7.565    7.615
    7.762    7.767    8.000    8.085    8.240    8.320    8.506    8.584    8.736    8.757
    8.967    8.984    9.116    9.128    9.178    9.196    9.250    9.276    9.563    9.983
   10.009   10.037   10.078   10.139   10.141   10.341   10.792   10.834   10.866   10.869
   10.939   10.983   11.052   11.074   11.188   11.376   11.547   11.891   12.183   12.236
   12.564   12.767   12.797   12.978   13.007   13.038   13.307   13.525   13.610   13.762
            0.225000  0.000000  0.000000
  -43.065  -43.065  -43.065  -43.065  -43.064  -43.064  -43.063  -43.063  -43.060  -43.060
  -43.059  -43.059  -43.054  -43.054  -43.052  -43.052  -43.052  -43.052  -43.051  -43.051
  -43.035  -43.035  -43.034  -43.034  -43.032  -43.031  -43.031  -43.031  -43.030  -43.030
  -43.026  -43.026  -43.023  -43.023  -43.022  -43.022  -43.022  -43.022  -43.022  -43.022
  -43.020  -43.020  -43.018  -43.018  -43.017  -43.017  -43.011  -43.011  -43.009  -43.009
  -42.958  -42.958  -42.956  -42.956  -42.921  -42.921  -42.917  -42.917  -42.906  -42.905
  -17.026  -17.025  -17.021  -17.021  -17.019  -17.018  -17.014  -17.014  -17.012  -17.012
  -17.011  -17.011  -17.008  -17.008  -17.005  -17.005  -16.994  -16.993  -16.992  -16.991
  -16.990  -16.989  -16.989  -16.988  -16.987  -16.983  -16.983  -16.981  -16.980  -16.978
  -16.978  -16.976  -16.976  -16.972  -16.972  -16.971  -16.971  -16.965  -16.963  -16.962
  -16.958  -16.957  -16.956  -16.953  -16.952  -16.949  -16.948  -16.948  -16.946  -16.946
  -16.942  -16.942  -16.931  -16.930  -16.926  -16.926  -16.919  -16.919  -16.913  -16.913
   -9.046   -9.008   -8.956   -8.898   -8.843   -8.823   -8.201   -8.138   -8.069   -8.009
   -7.963   -7.951   -3.099   -3.013   -2.884   -2.728   -2.575   -2.474   -1.641   -1.611
   -1.584   -1.583   -1.500   -1.499   -0.029    0.175    0.458    0.762    1.015    1.035
    1.087    1.168    1.266    1.281    1.341    1.394    1.476    1.680    1.702    1.804
    1.844    1.890    2.373    2.378    2.440    2.445    2.491    2.498    2.607    2.613
    2.735    2.925    3.199    3.527    3.626    3.738    3.806    3.835    3.875    3.880
    5.560    5.573    5.768    5.858    6.062    6.230    6.458    6.509    6.645    6.847
    6.966    6.977    7.072    7.082    7.157    7.304    7.411    7.471    7.517    7.575
    7.705    7.729    7.950    8.053    8.178    8.357    8.391    8.593    8.666    8.786
    8.799    8.939    8.961    9.029    9.059    9.098    9.221    9.221    9.590   10.073
   10.104   10.141   10.156   10.183   10.201   10.386   10.837   10.850   10.997   11.002
   11.136   11.138   11.151   11.217   11.241   11.363   11.550   11.833   12.158   12.237
   12.633   12.773   12.783   13.028   13.100   13.129   13.381   13.411   13.428   13.693
            0.250000  0.000000  0.000000
  -43.065  -43.065  -43.065  -43.065  -43.064  -43.064  -43.063  -43.063  -43.060  -43.060
  -43.059  -43.059  -43.054  -43.054  -43.052  -43.052  -43.052  -43.052  -43.051  -43.051
  -43.035  -43.035  -43.034  -43.034  -43.032  -43.031  -43.031  -43.031  -43.030  -43.030
  -43.026  -43.026  -43.023  -43.023  -43.022  -43.022  -43.022  -43.022  -43.022  -43.022
  -43.020  -43.020  -43.018  -43.018  -43.017  -43.017  -43.011  -43.011  -43.009  -43.009
  -42.958  -42.958  -42.956  -42.956  -42.921  -42.921  -42.917  -42.917  -42.906  -42.905
  -17.026  -17.025  -17.021  -17.021  -17.020  -17.019  -17.015  -17.015  -17.012  -17.011
  -17.010  -17.010  -17.007  -17.007  -17.004  -17.004  -16.994  -16.993  -16.992  -16.992
  -16.990  -16.989  -16.989  -16.987  -16.987  -16.983  -16.983  -16.981  -16.979  -16.978
  -16.978  -16.976  -16.976  -16.972  -16.972  -16.971  -16.971  -16.966  -16.964  -16.963
  -16.957  -16.957  -16.955  -16.953  -16.951  -16.949  -16.948  -16.948  -16.946  -16.946
  -16.942  -16.942  -16.931  -16.931  -16.927  -16.927  -16.918  -16.918  -16.913  -16.913
   -8.989   -8.952   -8.902   -8.845   -8.791   -8.773   -8.185   -8.126   -8.062   -8.006
   -7.963   -7.953   -3.140   -3.056   -2.930   -2.780   -2.634   -2.540   -1.808   -1.769
   -1.723   -1.694   -1.632   -1.630    0.038    0.244    0.529    0.834    1.028    1.086
    1.118    1.180    1.275    1.306    1.344    1.430    1.537    1.725    1.756    1.850
    1.901    1.943    2.373    2.381    2.430    2.448    2.484    2.513    2.632    2.638
    2.765    2.960    3.226    3.526    3.610    3.671    3.752    3.818    3.863    3.889
    5.374    5.517    5.681    5.763    6.009    6.076    6.343    6.396    6.533    6.746
    6.843    6.847    6.937    6.965    7.092    7.213    7.330    7.376    7.451    7.498
    7.609    7.665    7.903    7.951    8.171    8.225    8.417    8.421    8.607    8.720
    8.743    8.795    8.889    8.933    8.967    8.990    9.184    9.210    9.641   10.235
   10.264   10.265   10.333   10.369   10.381   10.458   10.839   10.859   11.073   11.196
   11.299   11.308   11.360   11.370   11.432   11.441   11.598   11.804   12.093   12.305
   12.710   12.726   12.760   13.045   13.109   13.185   13.231   13.332   13.421   13.526
            0.275000  0.000000  0.000000
  -43.065  -43.065  -43.065  -43.065  -43.064  -43.064  -43.063  -43.063  -43.060  -43.060
  -43.059  -43.059  -43.054  -43.053  -43.052  -43.052  -43.052  -43.052  -43.051  -43.051
  -43.035  -43.035  -43.034  -43.034  -43.031  -43.031  -43.031  -43.031  -43.030  -43.030
  -43.026  -43.026  -43.023  -43.023  -43.022  -43.022  -43.022  -43.022  -43.022  -43.022
  -43.020  -43.020  -43.018  -43.018  -43.017  -43.017  -43.011  -43.011  -43.009  -43.009
  -42.958  -42.958  -42.956  -42.956  -42.921  -42.921  -42.917  -42.917  -42.906  -42.905
  -17.025  -17.025  -17.022  -17.021  -17.020  -17.019  -17.015  -17.015  -17.012  -17.011
  -17.009  -17.009  -17.007  -17.007  -17.003  -17.003  -16.994  -16.993  -16.992  -16.992
  -16.990  -16.990  -16.990  -16.987  -16.986  -16.983  -16.982  -16.981  -16.979  -16.978
  -16.978  -16.976  -16.976  -16.971  -16.971  -16.970  -16.970  -16.967  -16.965  -16.965
  -16.957  -16.957  -16.955  -16.952  -16.951  -16.949  -16.948  -16.947  -16.946  -16.946
  -16.942  -16.942  -16.931  -16.931  -16.928  -16.928  -16.917  -16.917  -16.913  -16.912
   -8.927   -8.891   -8.843   -8.788   -8.737   -8.720   -8.170   -8.116   -8.057   -8.006
   -7.966   -7.959   -3.180   -3.096   -2.974   -2.829   -2.690   -2.602   -1.975   -1.928
   -1.869   -1.817   -1.760   -1.760    0.113    0.321    0.606    0.912    1.051    1.114
    1.187    1.200    1.293    1.328    1.355    1.484    1.610    1.762    1.819    1.891
    1.961    1.996    2.372    2.381    2.417    2.445    2.489    2.539    2.660    2.663
    2.794    2.988    3.239    3.503    3.581    3.605    3.697    3.777    3.842    3.901
    5.201    5.380    5.631    5.710    5.930    6.009    6.199    6.269    6.481    6.610
    6.703    6.716    6.807    6.874    7.013    7.094    7.249    7.252    7.369    7.394
    7.485    7.574    7.854    7.858    8.089    8.131    8.247    8.394    8.420    8.525
    8.719    8.720    8.782    8.866    8.891    8.967    9.158    9.233    9.710   10.407
   10.438   10.472   10.571   10.581   10.649   10.661   10.889   10.901   11.105   11.267
   11.441   11.516   11.563   11.594   11.654   11.682   11.688   11.838   12.070   12.382
   12.629   12.701   12.791   12.961   13.039   13.058   13.248   13.328   13.355   13.469
            0.300000  0.000000  0.000000
  -43.065  -43.065  -43.065  -43.065  -43.064  -43.064  -43.063  -43.063  -43.060  -43.060
  -43.059  -43.059  -43.054  -43.054  -43.052  -43.052  -43.052  -43.052  -43.051  -43.051
  -43.035  -43.035  -43.034  -43.034  -43.031  -43.031  -43.031  -43.031  -43.030  -43.030
  -43.026  -43.026  -43.023  -43.023  -43.022  -43.022  -43.022  -43.022  -43.022  -43.022
  -43.020  -43.020  -43.018  -43.018  -43.017  -43.017  -43.011  -43.011  -43.009  -43.009
  -42.958  -42.958  -42.956  -42.956  -42.921  -42.921  -42.917  -42.917  -42.906  -42.905
  -17.026  -17.025  -17.022  -17.022  -17.020  -17.020  -17.016  -17.016  -17.012  -17.010
  -17.008  -17.008  -17.006  -17.006  -17.002  -17.002  -16.994  -16.993  -16.992  -16.992
  -16.991  -16.990  -16.990  -16.987  -16.985  -16.983  -16.982  -16.981  -16.979  -16.978
  -16.977  -16.976  -16.976  -16.971  -16.971  -16.969  -16.969  -16.968  -16.966  -16.966
  -16.957  -16.956  -16.954  -16.951  -16.950  -16.948  -16.947  -16.947  -16.946  -16.945
  -16.942  -16.942  -16.932  -16.932  -16.928  -16.928  -16.917  -16.917  -16.912  -16.912
   -8.862   -8.827   -8.781   -8.729   -8.679   -8.665   -8.159   -8.109   -8.056   -8.011
   -7.973   -7.969   -3.215   -3.133   -3.014   -2.873   -2.741   -2.658   -2.140   -2.086
   -2.017   -1.948   -1.889   -1.882    0.197    0.404    0.689    0.995    1.081    1.146
    1.229    1.260    1.322    1.356    1.378    1.545    1.691    1.792    1.885    1.927
    2.023    2.048    2.366    2.374    2.402    2.441    2.500    2.568    2.687    2.690
    2.819    3.010    3.241    3.459    3.540    3.544    3.642    3.726    3.805    3.886
    5.074    5.265    5.514    5.721    5.835    5.953    6.125    6.132    6.420    6.453
    6.571    6.578    6.691    6.824    6.907    6.971    7.105    7.167    7.262    7.288
    7.349    7.479    7.773    7.794    7.946    8.008    8.134    8.197    8.320    8.392
    8.611    8.634    8.680    8.738    8.857    9.043    9.138    9.292    9.793   10.524
   10.596   10.679   10.809   10.868   10.954   10.990   11.026   11.031   11.178   11.284
   11.583   11.645   11.721   11.790   11.811   11.922   11.924   12.025   12.152   12.400
   12.577   12.590   12.780   12.874   12.955   13.009   13.215   13.218   13.305   13.330
            0.325000  0.000000  0.000000
  -43.065  -43.065  -43.065  -43.065  -43.064  -43.064  -43.063  -43.063  -43.060  -43.060
  -43.059  -43.059  -43.054  -43.054  -43.052  -43.052  -43.052  -43.052  -43.051  -43.051
  -43.035  -43.035  -43.034  -43.034  -43.032  -43.031  -43.031  -43.031  -43.030  -43.030
  -43.026  -43.026  -43.023  -43.023  -43.022  -43.022  -43.022  -43.022  -43.022  -43.022
  -43.020  -43.020  -43.018  -43.018  -43.017  -43.017  -43.011  -43.011  -43.009  -43.009
  -42.958  -42.958  -42.956  -42.956  -42.921  -42.921  -42.917  -42.917  -42.906  -42.905
  -17.026  -17.025  -17.023  -17.022  -17.020  -17.020  -17.017  -17.017  -17.011  -17.009
  -17.007  -17.007  -17.005  -17.005  -17.001  -17.001  -16.994  -16.993  -16.993  -16.992
  -16.991  -16.991  -16.989  -16.987  -16.984  -16.984  -16.982  -16.981  -16.979  -16.978
  -16.977  -16.976  -16.976  -16.970  -16.970  -16.969  -16.969  -16.969  -16.967  -16.967
  -16.956  -16.956  -16.953  -16.951  -16.950  -16.948  -16.947  -16.947  -16.945  -16.945
  -16.943  -16.943  -16.932  -16.932  -16.928  -16.928  -16.916  -16.916  -16.912  -16.912
   -8.793   -8.760   -8.717   -8.668   -8.620   -8.608   -8.152   -8.107   -8.061   -8.022
   -7.985   -7.983   -3.245   -3.164   -3.046   -2.910   -2.783   -2.705   -2.299   -2.240
   -2.162   -2.082   -2.017   -2.001    0.288    0.495    0.779    1.083    1.115    1.183
    1.265    1.325    1.368    1.392    1.416    1.608    1.778    1.812    1.955    1.955
    2.085    2.095    2.354    2.356    2.390    2.438    2.513    2.596    2.710    2.722
    2.840    3.025    3.234    3.405    3.489    3.493    3.584    3.665    3.747    3.831
    5.008    5.194    5.429    5.649    5.843    5.843    5.990    6.122    6.292    6.333
    6.441    6.447    6.599    6.776    6.791    6.890    6.958    7.051    7.140    7.181
    7.214    7.412    7.675    7.707    7.800    7.826    8.008    8.080    8.137    8.377
    8.504    8.518    8.593    8.602    8.818    9.093    9.173    9.378    9.888   10.611
   10.704   10.809   11.027   11.124   11.256   11.259   11.286   11.342   11.389   11.404
   11.660   11.706   11.772   11.935   11.985   12.150   12.174   12.270   12.318   12.342
   12.510   12.594   12.670   12.891   12.903   12.943   13.076   13.182   13.212   13.229
            0.350000  0.000000  0.000000
  -43.065  -43.065  -43.065  -43.065  -43.064  -43.064  -43.063  -43.063  -43.060  -43.060
  -43.059  -43.059  -43.054  -43.054  -43.052  -43.052  -43.052  -43.052  -43.051  -43.050
  -43.035  -43.035  -43.034  -43.034  -43.031  -43.031  -43.031  -43.031  -43.030  -43.030
  -43.026  -43.026  -43.023  -43.023  -43.022  -43.022  -43.022  -43.022  -43.022  -43.022
  -43.020  -43.020  -43.018  -43.018  -43.017  -43.017  -43.011  -43.011  -43.009  -43.009
  -42.958  -42.958  -42.956  -42.956  -42.921  -42.921  -42.917  -42.917  -42.906  -42.905
  -17.027  -17.025  -17.024  -17.023  -17.021  -17.021  -17.018  -17.018  -17.011  -17.008
  -17.006  -17.006  -17.004  -17.004  -17.000  -17.000  -16.994  -16.993  -16.993  -16.992
  -16.992  -16.992  -16.990  -16.987  -16.984  -16.984  -16.982  -16.981  -16.979  -16.977
  -16.977  -16.976  -16.976  -16.970  -16.970  -16.970  -16.968  -16.968  -16.968  -16.968
  -16.956  -16.956  -16.952  -16.950  -16.949  -16.948  -16.947  -16.947  -16.945  -16.945
  -16.943  -16.943  -16.933  -16.933  -16.929  -16.929  -16.915  -16.915  -16.912  -16.912
   -8.723   -8.692   -8.651   -8.606   -8.560   -8.550   -8.149   -8.110   -8.071   -8.040
   -8.002   -8.001   -3.266   -3.186   -3.070   -2.937   -2.815   -2.741   -2.452   -2.388
   -2.303   -2.214   -2.142   -2.118    0.385    0.591    0.872    1.149    1.173    1.222
    1.307    1.378    1.427    1.435    1.471    1.668    1.824    1.867    1.972    2.025
    2.132    2.143    2.328    2.333    2.376    2.433    2.526    2.622    2.736    2.757
    2.858    3.035    3.222    3.350    3.436    3.444    3.524    3.591    3.665    3.738
    5.002    5.171    5.382    5.575    5.737    5.849    5.886    6.093    6.145    6.232
    6.312    6.331    6.532    6.685    6.693    6.814    6.888    6.921    7.013    7.067
    7.094    7.359    7.550    7.592    7.649    7.660    7.853    7.941    8.090    8.352
    8.396    8.414    8.480    8.515    8.773    9.068    9.293    9.481    9.991   10.686
   10.786   10.890   11.156   11.211   11.526   11.541   11.600   11.612   11.711   11.716
   11.773   11.793   11.878   11.922   12.091   12.239   12.313   12.402   12.458   12.503
   12.567   12.577   12.708   12.756   12.776   12.978   13.047   13.119   13.216   13.255
            0.375000  0.000000  0.000000
  -43.065  -43.065  -43.065  -43.065  -43.064  -43.064  -43.063  -43.063  -43.060  -43.060
  -43.059  -43.059  -43.054  -43.054  -43.052  -43.052  -43.052  -43.052  -43.050  -43.050
  -43.035  -43.035  -43.034  -43.034  -43.031  -43.031  -43.031  -43.031  -43.030  -43.030
  -43.026  -43.026  -43.023  -43.023  -43.022  -43.022  -43.022  -43.022  -43.022  -43.022
  -43.020  -43.020  -43.018  -43.018  -43.017  -43.017  -43.011  -43.011  -43.009  -43.009
  -42.958  -42.958  -42.956  -42.956  -42.921  -42.921  -42.917  -42.917  -42.905  -42.905
  -17.027  -17.026  -17.024  -17.024  -17.022  -17.021  -17.018  -17.018  -17.010  -17.007
  -17.005  -17.005  -17.003  -17.003  -16.999  -16.999  -16.994  -16.993  -16.993  -16.993
  -16.992  -16.992  -16.990  -16.987  -16.984  -16.984  -16.982  -16.981  -16.979  -16.977
  -16.977  -16.976  -16.975  -16.971  -16.969  -16.969  -16.969  -16.969  -16.967  -16.967
  -16.956  -16.956  -16.952  -16.950  -16.949  -16.947  -16.947  -16.947  -16.945  -16.945
  -16.944  -16.944  -16.933  -16.933  -16.929  -16.929  -16.915  -16.915  -16.911  -16.911
   -8.651   -8.622   -8.584   -8.543   -8.499   -8.491   -8.152   -8.120   -8.088   -8.066
   -8.023   -8.023   -3.277   -3.197   -3.083   -2.953   -2.836   -2.765   -2.595   -2.527
   -2.436   -2.340   -2.261   -2.229    0.488    0.691    0.970    1.177    1.260    1.265
    1.352    1.428    1.484    1.484    1.541    1.720    1.831    1.950    1.988    2.093
    2.156    2.192    2.289    2.303    2.361    2.429    2.534    2.643    2.766    2.793
    2.877    3.039    3.210    3.302    3.385    3.394    3.460    3.508    3.567    3.621
    5.041    5.191    5.372    5.527    5.651    5.755    5.877    5.980    6.069    6.120
    6.201    6.219    6.468    6.600    6.642    6.686    6.798    6.892    6.905    6.962
    6.996    7.278    7.409    7.466    7.491    7.524    7.763    7.797    8.091    8.264
    8.282    8.308    8.444    8.462    8.724    9.032    9.429    9.596   10.102   10.742
   10.875   10.953   11.247   11.258   11.567   11.581   11.765   11.798   11.929   11.973
   12.059   12.068   12.100   12.173   12.182   12.199   12.328   12.436   12.562   12.612
   12.626   12.679   12.714   12.758   12.809   12.848   13.053   13.075   13.296   13.332
            0.400000  0.000000  0.000000
  -43.065  -43.065  -43.065  -43.065  -43.064  -43.064  -43.063  -43.063  -43.060  -43.060
  -43.059  -43.059  -43.054  -43.054  -43.052  -43.052  -43.052  -43.052  -43.050  -43.050
  -43.035  -43.035  -43.035  -43.034  -43.031  -43.031  -43.031  -43.031  -43.030  -43.030
  -43.026  -43.026  -43.024  -43.023  -43.022  -43.022  -43.022  -43.022  -43.022  -43.022
  -43.020  -43.020  -43.018  -43.018  -43.017  -43.017  -43.011  -43.011  -43.009  -43.009
  -42.958  -42.958  -42.956  -42.956  -42.921  -42.921  -42.917  -42.917  -42.905  -42.905
  -17.027  -17.026  -17.025  -17.025  -17.022  -17.022  -17.019  -17.019  -17.009  -17.006
  -17.005  -17.004  -17.003  -17.003  -16.999  -16.999  -16.994  -16.993  -16.993  -16.993
  -16.992  -16.992  -16.990  -16.987  -16.984  -16.984  -16.981  -16.980  -16.979  -16.977
  -16.977  -16.975  -16.975  -16.972  -16.970  -16.970  -16.969  -16.969  -16.967  -16.967
  -16.956  -16.956  -16.951  -16.949  -16.948  -16.947  -16.947  -16.947  -16.945  -16.945
  -16.944  -16.944  -16.933  -16.933  -16.929  -16.929  -16.914  -16.914  -16.911  -16.911
   -8.578   -8.552   -8.518   -8.482   -8.440   -8.434   -8.162   -8.136   -8.113   -8.100
   -8.049   -8.049   -3.276   -3.196   -3.084   -2.957   -2.842   -2.775   -2.728   -2.657
   -2.560   -2.458   -2.373   -2.335    0.594    0.795    1.068    1.191    1.289    1.355
    1.395    1.479    1.536    1.541    1.609    1.759    1.839    1.971    2.060    2.150
    2.170    2.224    2.241    2.263    2.347    2.426    2.536    2.653    2.806    2.828
    2.906    3.040    3.202    3.262    3.336    3.342    3.393    3.419    3.462    3.498
    5.111    5.245    5.396    5.508    5.589    5.669    5.851    5.853    6.002    6.004
    6.104    6.110    6.400    6.537    6.578    6.629    6.694    6.798    6.882    6.896
    6.928    7.166    7.275    7.344    7.358    7.394    7.689    7.738    8.069    8.143
    8.204    8.206    8.384    8.503    8.671    8.988    9.575    9.719   10.215   10.767
   10.981   10.989   11.287   11.329   11.496   11.538   11.800   11.805   11.935   12.120
   12.165   12.241   12.278   12.320   12.399   12.442   12.540   12.575   12.588   12.633
   12.719   12.744   12.782   12.831   12.883   12.957   13.002   13.048   13.271   13.501
            0.425000  0.000000  0.000000
  -43.065  -43.065  -43.065  -43.065  -43.064  -43.064  -43.063  -43.063  -43.060  -43.060
  -43.059  -43.059  -43.054  -43.054  -43.052  -43.052  -43.052  -43.052  -43.050  -43.050
  -43.035  -43.035  -43.035  -43.034  -43.031  -43.031  -43.031  -43.031  -43.030  -43.030
  -43.026  -43.026  -43.023  -43.023  -43.022  -43.022  -43.022  -43.022  -43.022  -43.022
  -43.020  -43.020  -43.018  -43.018  -43.017  -43.017  -43.011  -43.011  -43.009  -43.009
  -42.958  -42.958  -42.956  -42.956  -42.921  -42.921  -42.917  -42.917  -42.905  -42.905
  -17.028  -17.026  -17.026  -17.025  -17.023  -17.023  -17.019  -17.019  -17.008  -17.006
  -17.005  -17.004  -17.002  -17.002  -16.998  -16.998  -16.994  -16.994  -16.994  -16.993
  -16.992  -16.992  -16.990  -16.988  -16.984  -16.984  -16.981  -16.980  -16.978  -16.977
  -16.977  -16.975  -16.974  -16.973  -16.971  -16.971  -16.968  -16.968  -16.967  -16.967
  -16.955  -16.955  -16.950  -16.948  -16.948  -16.947  -16.947  -16.947  -16.945  -16.945
  -16.944  -16.944  -16.934  -16.933  -16.929  -16.929  -16.914  -16.914  -16.911  -16.911
   -8.507   -8.483   -8.453   -8.422   -8.383   -8.379   -8.178   -8.160   -8.146   -8.141
   -8.079   -8.079   -3.261   -3.182   -3.071   -2.946   -2.848   -2.835   -2.774   -2.770
   -2.674   -2.566   -2.476   -2.433    0.701    0.899    1.165    1.183    1.301    1.428
    1.439    1.527    1.589    1.599    1.667    1.783    1.856    1.974    2.152    2.154
    2.184    2.206    2.223    2.229    2.343    2.432    2.530    2.644    2.857    2.866
    2.949    3.039    3.195    3.233    3.284    3.287    3.331    3.333    3.363    3.387
    5.200    5.323    5.449    5.519    5.553    5.603    5.744    5.794    5.888    5.929
    6.000    6.011    6.348    6.491    6.497    6.610    6.627    6.733    6.833    6.852
    6.890    7.046    7.161    7.232    7.264    7.290    7.629    7.746    7.992    8.014
    8.124    8.185    8.346    8.557    8.617    8.937    9.725    9.844   10.324   10.749
   10.980   11.102   11.263   11.354   11.526   11.539   11.810   11.816   11.862   12.025
   12.082   12.143   12.270   12.331   12.500   12.647   12.674   12.740   12.798   12.841
   12.861   12.904   12.944   12.994   13.001   13.031   13.160   13.212   13.324   13.604
            0.450000  0.000000  0.000000
  -43.065  -43.065  -43.065  -43.065  -43.064  -43.064  -43.063  -43.063  -43.060  -43.060
  -43.059  -43.059  -43.054  -43.054  -43.052  -43.052  -43.052  -43.052  -43.051  -43.051
  -43.035  -43.035  -43.034  -43.034  -43.031  -43.031  -43.031  -43.031  -43.030  -43.030
  -43.026  -43.026  -43.023  -43.023  -43.022  -43.022  -43.022  -43.022  -43.022  -43.022
  -43.020  -43.020  -43.018  -43.018  -43.017  -43.017  -43.011  -43.011  -43.009  -43.009
  -42.958  -42.958  -42.956  -42.956  -42.921  -42.921  -42.917  -42.917  -42.906  -42.905
  -17.028  -17.027  -17.026  -17.026  -17.023  -17.023  -17.019  -17.019  -17.007  -17.005
  -17.005  -17.004  -17.001  -17.001  -16.998  -16.998  -16.994  -16.994  -16.994  -16.994
  -16.992  -16.991  -16.990  -16.989  -16.985  -16.985  -16.980  -16.980  -16.978  -16.977
  -16.977  -16.974  -16.974  -16.974  -16.972  -16.972  -16.968  -16.968  -16.966  -16.966
  -16.955  -16.955  -16.950  -16.948  -16.948  -16.948  -16.947  -16.947  -16.945  -16.945
  -16.944  -16.944  -16.934  -16.934  -16.929  -16.929  -16.914  -16.914  -16.911  -16.911
   -8.436   -8.416   -8.391   -8.367   -8.330   -8.328   -8.202   -8.194   -8.187   -8.187
   -8.112   -8.112   -3.231   -3.152   -3.043   -2.955   -2.920   -2.880   -2.811   -2.778
   -2.747   -2.663   -2.568   -2.521    0.808    1.000    1.148    1.256    1.289    1.445
    1.511    1.566    1.639    1.654    1.706    1.790    1.887    1.986    2.122    2.141
    2.166    2.207    2.246    2.249    2.339    2.449    2.525    2.611    2.914    2.918
    3.002    3.043    3.179    3.201    3.211    3.223    3.268    3.279    3.296    3.306
    5.299    5.415    5.520    5.542    5.545    5.573    5.660    5.713    5.787    5.840
    5.894    5.916    6.323    6.437    6.463    6.564    6.602    6.705    6.777    6.819
    6.882    6.933    7.056    7.126    7.227    7.236    7.616    7.761    7.896    7.905
    8.073    8.159    8.351    8.554    8.624    8.880    9.874    9.963   10.414   10.679
   10.943   11.159   11.238   11.448   11.548   11.609   11.789   11.815   11.891   11.900
   11.930   12.075   12.130   12.321   12.499   12.502   12.606   12.892   12.966   13.021
   13.044   13.094   13.170   13.171   13.266   13.270   13.315   13.387   13.441   13.579
            0.475000  0.000000  0.000000
  -43.065  -43.065  -43.065  -43.065  -43.064  -43.064  -43.063  -43.063  -43.060  -43.060
  -43.059  -43.059  -43.054  -43.054  -43.052  -43.052  -43.052  -43.052  -43.051  -43.051
  -43.035  -43.035  -43.034  -43.034  -43.031  -43.031  -43.031  -43.031  -43.030  -43.030
  -43.026  -43.026  -43.023  -43.023  -43.022  -43.022  -43.022  -43.022  -43.022  -43.022
  -43.020  -43.020  -43.018  -43.018  -43.017  -43.017  -43.011  -43.011  -43.009  -43.009
  -42.958  -42.958  -42.956  -42.956  -42.921  -42.921  -42.917  -42.917  -42.905  -42.905
  -17.028  -17.027  -17.026  -17.026  -17.023  -17.023  -17.020  -17.019  -17.006  -17.005
  -17.004  -17.004  -17.001  -17.001  -16.998  -16.998  -16.994  -16.994  -16.994  -16.994
  -16.992  -16.991  -16.991  -16.989  -16.985  -16.985  -16.980  -16.980  -16.978  -16.978
  -16.977  -16.975  -16.974  -16.973  -16.973  -16.972  -16.967  -16.967  -16.966  -16.966
  -16.955  -16.955  -16.949  -16.948  -16.948  -16.947  -16.947  -16.947  -16.945  -16.945
  -16.945  -16.944  -16.934  -16.934  -16.929  -16.929  -16.913  -16.913  -16.911  -16.911
   -8.368   -8.352   -8.333   -8.316   -8.286   -8.285   -8.244   -8.238   -8.231   -8.231
   -8.144   -8.144   -3.186   -3.108   -3.047   -3.001   -2.969   -2.886   -2.857   -2.781
   -2.741   -2.715   -2.647   -2.598    0.911    1.086    1.097    1.246    1.338    1.437
    1.564    1.590    1.680    1.701    1.725    1.779    1.934    2.013    2.057    2.103
    2.148    2.180    2.273    2.316    2.344    2.460    2.528    2.561    2.974    2.987
    3.056    3.058    3.132    3.136    3.146    3.169    3.226    3.230    3.274    3.275
    5.404    5.511    5.538    5.541    5.611    5.615    5.617    5.618    5.709    5.738
    5.798    5.817    6.325    6.390    6.456    6.522    6.594    6.684    6.727    6.834
    6.841    6.904    6.962    7.032    7.221    7.221    7.644    7.760    7.806    7.837
    8.057    8.116    8.389    8.497    8.688    8.819   10.005   10.055   10.467   10.579
   10.934   11.066   11.383   11.550   11.606   11.631   11.718   11.757   11.793   11.895
   11.919   12.065   12.072   12.200   12.377   12.412   12.691   12.955   13.024   13.058
   13.190   13.229   13.267   13.306   13.390   13.416   13.432   13.479   13.595   13.624
            0.500000  0.000000  0.000000
  -43.065  -43.065  -43.065  -43.065  -43.064  -43.064  -43.063  -43.063  -43.060  -43.060
  -43.059  -43.059  -43.054  -43.054  -43.052  -43.052  -43.052  -43.052  -43.051  -43.051
  -43.035  -43.035  -43.035  -43.034  -43.031  -43.031  -43.031  -43.031  -43.030  -43.030
  -43.026  -43.026  -43.024  -43.023  -43.022  -43.022  -43.022  -43.022  -43.022  -43.022
  -43.020  -43.020  -43.018  -43.018  -43.017  -43.017  -43.011  -43.011  -43.009  -43.009
  -42.958  -42.958  -42.956  -42.956  -42.921  -42.921  -42.917  -42.917  -42.906  -42.905
  -17.027  -17.027  -17.026  -17.026  -17.023  -17.023  -17.020  -17.020  -17.006  -17.006
  -17.004  -17.004  -17.001  -17.001  -16.998  -16.998  -16.995  -16.995  -16.994  -16.994
  -16.991  -16.991  -16.990  -16.990  -16.985  -16.985  -16.980  -16.980  -16.978  -16.978
  -16.976  -16.976  -16.973  -16.973  -16.973  -16.973  -16.967  -16.967  -16.966  -16.966
  -16.955  -16.955  -16.949  -16.948  -16.947  -16.947  -16.947  -16.946  -16.945  -16.945
  -16.945  -16.945  -16.934  -16.934  -16.929  -16.929  -16.913  -16.913  -16.911  -16.911
   -8.304   -8.304   -8.292   -8.292   -8.280   -8.280   -8.270   -8.270   -8.263   -8.263
   -8.161   -8.161   -3.125   -3.125   -3.047   -3.047   -2.940   -2.940   -2.822   -2.822
   -2.718   -2.718   -2.660   -2.660    1.006    1.006    1.180    1.180    1.400    1.400
    1.591    1.591    1.707    1.707    1.752    1.752    1.992    1.992    2.054    2.054
    2.157    2.157    2.295    2.296    2.422    2.422    2.534    2.534    3.039    3.039
    3.060    3.060    3.100    3.100    3.121    3.121    3.212    3.212    3.269    3.269
    5.509    5.509    5.533    5.533    5.623    5.623    5.632    5.632    5.710    5.710
    5.721    5.721    6.351    6.351    6.480    6.480    6.626    6.626    6.765    6.765
    6.886    6.886    6.958    6.958    7.221    7.221    7.700    7.700    7.800    7.800
    8.077    8.077    8.441    8.441    8.754    8.754   10.079   10.079   10.503   10.503
   10.982   10.982   11.538   11.538   11.639   11.639   11.674   11.674   11.797   11.797
   12.049   12.049   12.095   12.095   12.335   12.335   12.835   12.835   13.078   13.078
   13.263   13.263   13.305   13.305   13.442   13.442   13.466   13.466   13.672   13.672
            0.500000  0.021944  0.000000
  -43.065  -43.065  -43.065  -43.065  -43.064  -43.064  -43.063  -43.063  -43.060  -43.060
  -43.059  -43.059  -43.054  -43.054  -43.052  -43.052  -43.052  -43.052  -43.051  -43.051
  -43.035  -43.035  -43.035  -43.034  -43.031  -43.031  -43.031  -43.031  -43.030  -43.030
  -43.026  -43.026  -43.024  -43.023  -43.022  -43.022  -43.022  -43.022  -43.022  -43.022
  -43.020  -43.020  -43.018  -43.018  -43.017  -43.017  -43.011  -43.011  -43.009  -43.009
  -42.958  -42.958  -42.956  -42.956  -42.921  -42.921  -42.917  -42.917  -42.906  -42.905
  -17.027  -17.027  -17.026  -17.026  -17.023  -17.023  -17.020  -17.020  -17.006  -17.006
  -17.004  -17.004  -17.001  -17.001  -16.998  -16.998  -16.995  -16.995  -16.994  -16.994
  -16.991  -16.991  -16.990  -16.990  -16.985  -16.985  -16.980  -16.980  -16.978  -16.978
  -16.976  -16.976  -16.973  -16.973  -16.973  -16.973  -16.967  -16.967  -16.966  -16.966
  -16.955  -16.955  -16.949  -16.948  -16.947  -16.947  -16.946  -16.946  -16.945  -16.945
  -16.945  -16.944  -16.934  -16.934  -16.929  -16.929  -16.913  -16.913  -16.911  -16.911
   -8.303   -8.303   -8.291   -8.291   -8.279   -8.279   -8.269   -8.269   -8.262   -8.262
   -8.160   -8.160   -3.122   -3.122   -3.045   -3.045   -2.938   -2.938   -2.820   -2.820
   -2.717   -2.717   -2.658   -2.658    1.002    1.002    1.174    1.174    1.388    1.388
    1.574    1.574    1.687    1.687    1.734    1.734    1.965    1.965    2.032    2.032
    2.145    2.145    2.296    2.296    2.436    2.436    2.538    2.538    3.040    3.040
    3.055    3.055    3.087    3.087    3.121    3.121    3.220    3.220    3.274    3.275
    5.457    5.457    5.570    5.570    5.599    5.599    5.663    5.663    5.701    5.701
    5.731    5.731    6.372    6.372    6.504    6.504    6.657    6.657    6.803    6.804
    6.926    6.926    6.997    6.997    7.227    7.227    7.708    7.708    7.805    7.805
    8.076    8.076    8.437    8.437    8.748    8.748   10.080   10.080   10.505   10.505
   10.980   10.980   11.412   11.412   11.563   11.564   11.789   11.789   11.839   11.839
   11.997   11.997   12.136   12.136   12.365   12.366   12.833   12.833   13.078   13.078
   13.222   13.222   13.336   13.336   13.426   13.426   13.504   13.505   13.671   13.671
            0.500000  0.043888  0.000000
  -43.065  -43.065  -43.065  -43.065  -43.064  -43.064  -43.063  -43.063  -43.060  -43.060
  -43.059  -43.059  -43.054  -43.054  -43.052  -43.052  -43.052  -43.052  -43.051  -43.051
  -43.035  -43.035  -43.035  -43.034  -43.031  -43.031  -43.031  -43.031  -43.030  -43.030
  -43.026  -43.026  -43.024  -43.023  -43.023  -43.023  -43.022  -43.022  -43.022  -43.022
  -43.020  -43.020  -43.018  -43.018  -43.017  -43.017  -43.011  -43.011  -43.009  -43.009
  -42.958  -42.958  -42.956  -42.956  -42.921  -42.921  -42.917  -42.917  -42.906  -42.905
  -17.028  -17.028  -17.026  -17.026  -17.023  -17.023  -17.020  -17.020  -17.006  -17.006
  -17.004  -17.004  -17.001  -17.001  -16.998  -16.998  -16.995  -16.995  -16.994  -16.994
  -16.991  -16.991  -16.990  -16.990  -16.985  -16.985  -16.980  -16.980  -16.978  -16.978
  -16.976  -16.976  -16.973  -16.973  -16.973  -16.973  -16.967  -16.967  -16.966  -16.966
  -16.955  -16.955  -16.949  -16.949  -16.947  -16.947  -16.946  -16.946  -16.945  -16.945
  -16.945  -16.944  -16.934  -16.934  -16.929  -16.929  -16.913  -16.913  -16.911  -16.911
   -8.300   -8.300   -8.289   -8.289   -8.277   -8.277   -8.267   -8.267   -8.260   -8.260
   -8.158   -8.158   -3.114   -3.114   -3.037   -3.037   -2.931   -2.931   -2.814   -2.814
   -2.711   -2.711   -2.653   -2.653    0.989    0.989    1.153    1.153    1.354    1.354
    1.524    1.524    1.629    1.629    1.683    1.683    1.903    1.903    1.979    1.979
    2.112    2.112    2.290    2.290    2.456    2.456    2.548    2.548    3.029    3.029
    3.032    3.032    3.061    3.061    3.131    3.131    3.234    3.234    3.297    3.297
    5.390    5.390    5.534    5.534    5.655    5.655    5.675    5.675    5.716    5.716
    5.752    5.752    6.441    6.441    6.579    6.579    6.747    6.747    6.907    6.907
    7.035    7.035    7.104    7.104    7.245    7.245    7.735    7.735    7.820    7.820
    8.077    8.077    8.426    8.426    8.729    8.729   10.083   10.083   10.510   10.511
   10.969   10.969   11.251   11.251   11.432   11.433   11.805   11.805   11.891   11.891
   12.018   12.018   12.208   12.208   12.411   12.411   12.846   12.846   13.074   13.074
   13.146   13.146   13.381   13.381   13.446   13.446   13.549   13.549   13.681   13.681
            0.500000  0.065832  0.000000
  -43.065  -43.065  -43.065  -43.065  -43.064  -43.064  -43.063  -43.063  -43.060  -43.060
  -43.059  -43.059  -43.054  -43.054  -43.052  -43.052  -43.052  -43.052  -43.051  -43.051
  -43.035  -43.035  -43.035  -43.034  -43.031  -43.031  -43.031  -43.031  -43.030  -43.030
  -43.026  -43.026  -43.024  -43.024  -43.023  -43.023  -43.022  -43.022  -43.022  -43.022
  -43.020  -43.020  -43.018  -43.018  -43.017  -43.017  -43.011  -43.011  -43.009  -43.009
  -42.958  -42.958  -42.956  -42.956  -42.921  -42.921  -42.917  -42.917  -42.906  -42.905
  -17.028  -17.028  -17.026  -17.026  -17.024  -17.024  -17.020  -17.020  -17.006  -17.006
  -17.004  -17.004  -17.001  -17.001  -16.998  -16.998  -16.995  -16.995  -16.994  -16.994
  -16.991  -16.991  -16.990  -16.990  -16.985  -16.985  -16.980  -16.980  -16.978  -16.978
  -16.976  -16.976  -16.973  -16.973  -16.973  -16.973  -16.967  -16.967  -16.966  -16.966
  -16.955  -16.955  -16.949  -16.949  -16.947  -16.947  -16.946  -16.946  -16.945  -16.945
  -16.944  -16.944  -16.934  -16.934  -16.929  -16.929  -16.913  -16.913  -16.911  -16.911
   -8.296   -8.296   -8.284   -8.284   -8.273   -8.273   -8.263   -8.263   -8.256   -8.256
   -8.154   -8.154   -3.100   -3.100   -3.025   -3.025   -2.919   -2.919   -2.804   -2.803
   -2.703   -2.703   -2.646   -2.646    0.965    0.965    1.117    1.117    1.297    1.297
    1.446    1.446    1.535    1.535    1.607    1.607    1.834    1.834    1.914    1.914
    2.067    2.067    2.269    2.269    2.454    2.454    2.547    2.547    2.970    2.970
    2.998    2.998    3.051    3.051    3.141    3.141    3.252    3.252    3.339    3.339
    5.325    5.325    5.496    5.496    5.666    5.666    5.749    5.749    5.759    5.759
    5.808    5.808    6.557    6.557    6.700    6.700    6.880    6.880    7.052    7.052
    7.180    7.180    7.246    7.246    7.293    7.293    7.785    7.785    7.849    7.849
    8.080    8.080    8.409    8.409    8.698    8.698   10.087   10.087   10.519   10.519
   10.936   10.936   11.119   11.119   11.296   11.296   11.744   11.744   11.828   11.829
   12.183   12.183   12.242   12.242   12.448   12.448   12.881   12.881   13.054   13.054
   13.106   13.106   13.397   13.397   13.513   13.513   13.591   13.591   13.715   13.715
            0.500000  0.087776  0.000000
  -43.065  -43.065  -43.065  -43.065  -43.064  -43.064  -43.063  -43.063  -43.060  -43.060
  -43.059  -43.059  -43.054  -43.054  -43.052  -43.052  -43.052  -43.052  -43.051  -43.051
  -43.035  -43.035  -43.035  -43.034  -43.031  -43.031  -43.031  -43.031  -43.030  -43.030
  -43.026  -43.026  -43.024  -43.024  -43.023  -43.023  -43.022  -43.022  -43.022  -43.022
  -43.020  -43.020  -43.018  -43.018  -43.017  -43.017  -43.011  -43.011  -43.009  -43.009
  -42.958  -42.958  -42.956  -42.956  -42.921  -42.921  -42.917  -42.917  -42.906  -42.905
  -17.028  -17.028  -17.027  -17.027  -17.024  -17.024  -17.020  -17.020  -17.006  -17.006
  -17.004  -17.004  -17.001  -17.001  -16.998  -16.998  -16.995  -16.995  -16.994  -16.994
  -16.991  -16.991  -16.990  -16.990  -16.985  -16.985  -16.980  -16.980  -16.978  -16.978
  -16.976  -16.976  -16.973  -16.973  -16.972  -16.972  -16.967  -16.967  -16.966  -16.966
  -16.955  -16.955  -16.949  -16.949  -16.947  -16.947  -16.946  -16.946  -16.945  -16.945
  -16.944  -16.944  -16.934  -16.934  -16.929  -16.929  -16.913  -16.913  -16.911  -16.911
   -8.290   -8.290   -8.278   -8.278   -8.267   -8.267   -8.257   -8.257   -8.250   -8.250
   -8.148   -8.148   -3.082   -3.082   -3.007   -3.007   -2.904   -2.904   -2.790   -2.790
   -2.690   -2.690   -2.635   -2.635    0.928    0.928    1.064    1.064    1.220    1.220
    1.347    1.347    1.419    1.419    1.514    1.514    1.766    1.766    1.847    1.847
    2.015    2.015    2.233    2.233    2.426    2.426    2.520    2.520    2.897    2.897
    2.949    2.949    3.029    3.029    3.142    3.142    3.275    3.275    3.390    3.390
    5.273    5.273    5.476    5.476    5.686    5.686    5.821    5.821    5.862    5.862
    5.907    5.907    6.713    6.713    6.853    6.853    7.037    7.037    7.207    7.207
    7.296    7.296    7.384    7.384    7.438    7.438    7.865    7.865    7.901    7.901
    8.092    8.092    8.389    8.389    8.660    8.660   10.093   10.093   10.529   10.529
   10.853   10.853   11.044   11.044   11.174   11.174   11.648   11.648   11.794   11.795
   12.192   12.192   12.328   12.328   12.459   12.459   12.905   12.905   13.056   13.056
   13.132   13.132   13.415   13.415   13.560   13.560   13.666   13.666   13.757   13.757
            0.500000  0.109720  0.000000
  -43.065  -43.065  -43.065  -43.065  -43.064  -43.064  -43.063  -43.063  -43.060  -43.060
  -43.059  -43.059  -43.054  -43.054  -43.052  -43.052  -43.052  -43.052  -43.051  -43.051
  -43.035  -43.035  -43.035  -43.034  -43.031  -43.031  -43.031  -43.031  -43.030  -43.030
  -43.026  -43.026  -43.024  -43.024  -43.023  -43.023  -43.022  -43.022  -43.022  -43.022
  -43.020  -43.020  -43.018  -43.018  -43.017  -43.017  -43.011  -43.011  -43.009  -43.009
  -42.958  -42.958  -42.956  -42.956  -42.921  -42.921  -42.917  -42.917  -42.906  -42.905
  -17.028  -17.028  -17.027  -17.027  -17.024  -17.024  -17.020  -17.020  -17.006  -17.006
  -17.004  -17.004  -17.001  -17.001  -16.998  -16.998  -16.995  -16.995  -16.994  -16.994
  -16.991  -16.991  -16.990  -16.990  -16.986  -16.985  -16.980  -16.980  -16.978  -16.978
  -16.976  -16.976  -16.973  -16.973  -16.972  -16.972  -16.967  -16.967  -16.966  -16.966
  -16.955  -16.955  -16.949  -16.949  -16.947  -16.947  -16.946  -16.946  -16.945  -16.945
  -16.944  -16.944  -16.934  -16.934  -16.929  -16.929  -16.913  -16.913  -16.911  -16.911
   -8.282   -8.282   -8.271   -8.271   -8.260   -8.260   -8.250   -8.250   -8.244   -8.244
   -8.141   -8.141   -3.059   -3.059   -2.985   -2.985   -2.884   -2.884   -2.772   -2.772
   -2.675   -2.675   -2.621   -2.621    0.875    0.875    0.992    0.992    1.126    1.126
    1.238    1.238    1.297    1.297    1.411    1.412    1.697    1.697    1.782    1.782
    1.959    1.959    2.184    2.184    2.374    2.374    2.460    2.460    2.821    2.821
    2.885    2.885    2.993    2.993    3.133    3.134    3.295    3.295    3.435    3.435
    5.248    5.248    5.483    5.483    5.735    5.735    5.914    5.914    5.997    5.997
    6.045    6.045    6.894    6.894    7.020    7.020    7.190    7.190    7.327    7.327
    7.424    7.424    7.542    7.542    7.611    7.611    7.986    7.986    7.990    7.990
    8.126    8.126    8.374    8.374    8.617    8.617   10.098   10.098   10.532   10.533
   10.746   10.746   10.995   10.995   11.085   11.085   11.563   11.563   11.756   11.756
   12.137   12.137   12.344   12.344   12.440   12.440   12.941   12.941   13.081   13.081
   13.222   13.222   13.419   13.419   13.626   13.626   13.732   13.732   13.802   13.802
            0.500000  0.131663  0.000000
  -43.065  -43.065  -43.065  -43.065  -43.064  -43.064  -43.063  -43.063  -43.060  -43.060
  -43.059  -43.059  -43.054  -43.054  -43.052  -43.052  -43.052  -43.052  -43.051  -43.051
  -43.035  -43.035  -43.035  -43.034  -43.031  -43.031  -43.031  -43.031  -43.030  -43.030
  -43.026  -43.026  -43.024  -43.023  -43.023  -43.023  -43.022  -43.022  -43.022  -43.022
  -43.020  -43.020  -43.018  -43.018  -43.017  -43.017  -43.011  -43.011  -43.009  -43.009
  -42.958  -42.958  -42.956  -42.956  -42.921  -42.921  -42.917  -42.917  -42.906  -42.905
  -17.029  -17.029  -17.027  -17.027  -17.024  -17.024  -17.021  -17.021  -17.006  -17.006
  -17.004  -17.004  -17.001  -17.001  -16.999  -16.999  -16.995  -16.995  -16.994  -16.994
  -16.991  -16.991  -16.989  -16.989  -16.986  -16.986  -16.979  -16.979  -16.978  -16.978
  -16.976  -16.976  -16.973  -16.973  -16.972  -16.972  -16.967  -16.967  -16.966  -16.966
  -16.955  -16.955  -16.949  -16.949  -16.947  -16.947  -16.946  -16.946  -16.945  -16.945
  -16.944  -16.944  -16.934  -16.934  -16.929  -16.929  -16.913  -16.913  -16.911  -16.911
   -8.273   -8.273   -8.262   -8.262   -8.251   -8.251   -8.242   -8.242   -8.236   -8.235
   -8.133   -8.133   -3.031   -3.031   -2.959   -2.959   -2.860   -2.860   -2.751   -2.751
   -2.658   -2.658   -2.606   -2.606    0.801    0.801    0.903    0.903    1.021    1.021
    1.125    1.125    1.181    1.181    1.305    1.305    1.629    1.629    1.715    1.715
    1.898    1.898    2.122    2.122    2.304    2.304    2.374    2.374    2.743    2.743
    2.814    2.814    2.947    2.947    3.117    3.117    3.306    3.306    3.464    3.464
    5.261    5.261    5.524    5.524    5.815    5.815    6.038    6.038    6.157    6.157
    6.215    6.215    7.083    7.083    7.170    7.170    7.313    7.313    7.452    7.452
    7.564    7.564    7.682    7.682    7.784    7.784    8.120    8.120    8.138    8.138
    8.210    8.210    8.379    8.379    8.580    8.580   10.102   10.102   10.515   10.515
   10.658   10.658   10.935   10.935   11.041   11.041   11.500   11.500   11.713   11.713
   12.064   12.064   12.276   12.276   12.412   12.412   12.954   12.954   13.164   13.164
   13.274   13.274   13.460   13.460   13.680   13.680   13.790   13.790   13.858   13.858
            0.500000  0.153607  0.000000
  -43.065  -43.065  -43.065  -43.065  -43.064  -43.064  -43.063  -43.063  -43.060  -43.060
  -43.059  -43.059  -43.054  -43.053  -43.052  -43.052  -43.052  -43.052  -43.051  -43.051
  -43.035  -43.035  -43.035  -43.034  -43.031  -43.031  -43.031  -43.031  -43.030  -43.030
  -43.026  -43.026  -43.024  -43.024  -43.023  -43.023  -43.022  -43.022  -43.022  -43.022
  -43.020  -43.020  -43.018  -43.018  -43.017  -43.017  -43.011  -43.011  -43.009  -43.009
  -42.958  -42.958  -42.956  -42.956  -42.921  -42.921  -42.917  -42.917  -42.905  -42.905
  -17.029  -17.029  -17.028  -17.028  -17.025  -17.025  -17.021  -17.021  -17.006  -17.006
  -17.004  -17.004  -17.001  -17.001  -16.999  -16.999  -16.995  -16.995  -16.993  -16.993
  -16.991  -16.991  -16.989  -16.989  -16.986  -16.986  -16.979  -16.979  -16.978  -16.978
  -16.976  -16.976  -16.972  -16.972  -16.971  -16.971  -16.967  -16.967  -16.967  -16.966
  -16.955  -16.955  -16.949  -16.949  -16.947  -16.947  -16.946  -16.946  -16.945  -16.945
  -16.943  -16.943  -16.934  -16.934  -16.929  -16.929  -16.913  -16.913  -16.911  -16.911
   -8.263   -8.263   -8.252   -8.252   -8.242   -8.242   -8.233   -8.233   -8.226   -8.226
   -8.124   -8.124   -2.998   -2.998   -2.928   -2.928   -2.832   -2.832   -2.728   -2.728
   -2.638   -2.638   -2.588   -2.588    0.708    0.708    0.799    0.799    0.910    0.910
    1.015    1.015    1.075    1.075    1.198    1.198    1.558    1.558    1.645    1.645
    1.828    1.828    2.048    2.048    2.220    2.220    2.276    2.276    2.663    2.663
    2.741    2.741    2.898    2.898    3.096    3.096    3.305    3.305    3.471    3.471
    5.314    5.314    5.595    5.595    5.920    5.920    6.186    6.186    6.339    6.339
    6.409    6.409    7.222    7.222    7.314    7.314    7.431    7.431    7.576    7.576
    7.690    7.690    7.806    7.806    7.953    7.953    8.259    8.259    8.286    8.286
    8.351    8.351    8.453    8.453    8.588    8.588   10.102   10.102   10.459   10.459
   10.613   10.613   10.890   10.890   11.018   11.018   11.457   11.457   11.672   11.672
   11.978   11.978   12.173   12.173   12.395   12.395   12.929   12.929   13.241   13.241
   13.280   13.280   13.528   13.528   13.702   13.702   13.872   13.872   13.920   13.920
            0.500000  0.175551  0.000000
  -43.065  -43.065  -43.065  -43.065  -43.064  -43.064  -43.063  -43.063  -43.060  -43.060
  -43.059  -43.059  -43.054  -43.053  -43.052  -43.052  -43.052  -43.052  -43.051  -43.051
  -43.035  -43.035  -43.035  -43.034  -43.031  -43.031  -43.031  -43.031  -43.030  -43.030
  -43.026  -43.026  -43.024  -43.024  -43.023  -43.023  -43.022  -43.022  -43.022  -43.022
  -43.020  -43.020  -43.018  -43.018  -43.017  -43.017  -43.011  -43.011  -43.009  -43.009
  -42.958  -42.958  -42.956  -42.956  -42.921  -42.921  -42.917  -42.917  -42.906  -42.905
  -17.030  -17.030  -17.028  -17.028  -17.025  -17.025  -17.021  -17.021  -17.006  -17.006
  -17.004  -17.004  -17.001  -17.001  -16.999  -16.999  -16.995  -16.995  -16.993  -16.993
  -16.990  -16.990  -16.989  -16.989  -16.986  -16.986  -16.979  -16.979  -16.978  -16.978
  -16.975  -16.975  -16.972  -16.972  -16.971  -16.971  -16.967  -16.967  -16.967  -16.966
  -16.955  -16.955  -16.949  -16.949  -16.947  -16.947  -16.946  -16.946  -16.945  -16.945
  -16.943  -16.943  -16.934  -16.933  -16.929  -16.929  -16.913  -16.913  -16.911  -16.911
   -8.252   -8.252   -8.241   -8.241   -8.231   -8.231   -8.223   -8.223   -8.216   -8.216
   -8.114   -8.114   -2.962   -2.962   -2.895   -2.894   -2.802   -2.802   -2.702   -2.702
   -2.616   -2.616   -2.568   -2.568    0.601    0.601    0.686    0.686    0.797    0.797
    0.909    0.909    0.979    0.979    1.093    1.093    1.482    1.482    1.567    1.567
    1.747    1.747    1.962    1.962    2.129    2.129    2.177    2.177    2.580    2.580
    2.671    2.671    2.852    2.852    3.073    3.073    3.293    3.293    3.458    3.458
    5.402    5.402    5.693    5.693    6.042    6.042    6.350    6.350    6.538    6.538
    6.619    6.619    7.285    7.285    7.472    7.472    7.531    7.531    7.671    7.671
    7.813    7.813    7.922    7.922    8.116    8.116    8.376    8.376    8.395    8.395
    8.501    8.501    8.630    8.630    8.726    8.726   10.098   10.098   10.388   10.388
   10.590   10.590   10.875   10.875   11.005   11.005   11.425   11.426   11.640   11.641
   11.888   11.888   12.062   12.062   12.393   12.393   12.895   12.895   13.205   13.205
   13.333   13.333   13.569   13.569   13.699   13.699   13.963   13.963   13.993   13.993
            0.500000  0.197495  0.000000
  -43.065  -43.065  -43.065  -43.065  -43.064  -43.064  -43.063  -43.063  -43.060  -43.060
  -43.059  -43.059  -43.054  -43.053  -43.052  -43.052  -43.052  -43.052  -43.051  -43.051
  -43.035  -43.035  -43.035  -43.035  -43.031  -43.031  -43.031  -43.031  -43.030  -43.030
  -43.026  -43.026  -43.024  -43.024  -43.023  -43.023  -43.022  -43.022  -43.022  -43.022
  -43.020  -43.020  -43.018  -43.018  -43.017  -43.017  -43.011  -43.011  -43.009  -43.009
  -42.958  -42.958  -42.956  -42.956  -42.921  -42.921  -42.917  -42.917  -42.905  -42.905
  -17.030  -17.030  -17.028  -17.028  -17.026  -17.026  -17.022  -17.022  -17.006  -17.006
  -17.004  -17.004  -17.001  -17.001  -16.999  -16.999  -16.995  -16.995  -16.993  -16.993
  -16.990  -16.990  -16.989  -16.989  -16.987  -16.987  -16.979  -16.979  -16.978  -16.978
  -16.975  -16.975  -16.972  -16.972  -16.971  -16.971  -16.967  -16.967  -16.967  -16.967
  -16.955  -16.955  -16.949  -16.949  -16.947  -16.947  -16.946  -16.946  -16.945  -16.945
  -16.943  -16.943  -16.933  -16.933  -16.929  -16.929  -16.913  -16.913  -16.911  -16.911
   -8.240   -8.240   -8.230   -8.230   -8.220   -8.220   -8.212   -8.212   -8.206   -8.206
   -8.104   -8.104   -2.922   -2.922   -2.858   -2.858   -2.769   -2.769   -2.674   -2.674
   -2.593   -2.593   -2.547   -2.547    0.487    0.487    0.571    0.571    0.686    0.686
    0.808    0.808    0.892    0.892    0.992    0.992    1.398    1.398    1.480    1.480
    1.656    1.656    1.866    1.866    2.034    2.034    2.084    2.084    2.498    2.498
    2.608    2.608    2.814    2.814    3.053    3.053    3.275    3.275    3.430    3.430
    5.518    5.518    5.808    5.808    6.173    6.173    6.519    6.519    6.746    6.746
    6.841    6.841    7.326    7.326    7.574    7.574    7.617    7.617    7.755    7.755
    7.913    7.913    8.039    8.039    8.268    8.268    8.429    8.429    8.555    8.555
    8.713    8.713    8.854    8.854    8.945    8.945   10.090   10.090   10.330   10.330
   10.575   10.575   10.884   10.884   11.003   11.003   11.396   11.396   11.624   11.624
   11.805   11.805   11.957   11.957   12.404   12.404   12.858   12.858   13.157   13.158
   13.345   13.345   13.572   13.572   13.695   13.695   13.986   13.986   14.104   14.104
            0.500000  0.219439  0.000000
  -43.065  -43.065  -43.065  -43.065  -43.064  -43.064  -43.063  -43.063  -43.060  -43.060
  -43.059  -43.059  -43.054  -43.053  -43.052  -43.052  -43.052  -43.052  -43.051  -43.051
  -43.035  -43.035  -43.035  -43.035  -43.031  -43.031  -43.031  -43.031  -43.030  -43.030
  -43.026  -43.026  -43.024  -43.024  -43.023  -43.023  -43.022  -43.022  -43.022  -43.022
  -43.020  -43.020  -43.018  -43.018  -43.017  -43.017  -43.011  -43.011  -43.009  -43.009
  -42.958  -42.958  -42.956  -42.956  -42.921  -42.921  -42.917  -42.917  -42.905  -42.905
  -17.031  -17.031  -17.029  -17.029  -17.026  -17.026  -17.022  -17.022  -17.006  -17.006
  -17.004  -17.004  -17.001  -17.001  -17.000  -17.000  -16.996  -16.996  -16.993  -16.993
  -16.990  -16.990  -16.989  -16.989  -16.987  -16.987  -16.979  -16.979  -16.978  -16.978
  -16.975  -16.975  -16.972  -16.972  -16.971  -16.970  -16.967  -16.967  -16.967  -16.967
  -16.955  -16.955  -16.949  -16.949  -16.947  -16.947  -16.946  -16.946  -16.945  -16.945
  -16.942  -16.942  -16.933  -16.933  -16.929  -16.929  -16.913  -16.913  -16.911  -16.911
   -8.228   -8.228   -8.218   -8.218   -8.209   -8.209   -8.201   -8.201   -8.195   -8.195
   -8.093   -8.093   -2.880   -2.880   -2.818   -2.818   -2.735   -2.735   -2.645   -2.645
   -2.569   -2.569   -2.526   -2.526    0.373    0.373    0.459    0.459    0.579    0.579
    0.713    0.713    0.811    0.811    0.896    0.897    1.307    1.307    1.384    1.384
    1.555    1.555    1.762    1.762    1.934    1.934    1.998    1.998    2.420    2.420
    2.558    2.558    2.786    2.786    3.035    3.035    3.254    3.254    3.392    3.392
    5.652    5.652    5.933    5.933    6.302    6.302    6.681    6.681    6.952    6.952
    7.067    7.067    7.360    7.360    7.629    7.629    7.683    7.683    7.836    7.836
    7.979    7.979    8.150    8.150    8.397    8.397    8.559    8.559    8.762    8.762
    8.943    8.943    9.090    9.090    9.182    9.182   10.080   10.080   10.293   10.293
   10.571   10.571   10.903   10.903   11.017   11.017   11.364   11.364   11.620   11.620
   11.736   11.736   11.871   11.871   12.421   12.421   12.823   12.823   13.114   13.114
   13.328   13.328   13.544   13.544   13.699   13.700   13.973   13.973   14.176   14.176
            0.500000  0.241383  0.000000
  -43.065  -43.065  -43.065  -43.065  -43.064  -43.064  -43.063  -43.063  -43.060  -43.060
  -43.059  -43.059  -43.054  -43.053  -43.052  -43.052  -43.052  -43.052  -43.051  -43.051
  -43.035  -43.035  -43.035  -43.035  -43.031  -43.031  -43.031  -43.031  -43.030  -43.030
  -43.026  -43.026  -43.024  -43.024  -43.023  -43.023  -43.022  -43.022  -43.022  -43.022
  -43.020  -43.020  -43.018  -43.018  -43.017  -43.017  -43.011  -43.011  -43.009  -43.009
  -42.958  -42.958  -42.956  -42.956  -42.921  -42.921  -42.917  -42.917  -42.906  -42.905
  -17.031  -17.031  -17.029  -17.029  -17.026  -17.026  -17.023  -17.023  -17.006  -17.006
  -17.004  -17.004  -17.001  -17.001  -17.000  -17.000  -16.996  -16.996  -16.993  -16.993
  -16.990  -16.990  -16.989  -16.989  -16.988  -16.988  -16.978  -16.978  -16.978  -16.978
  -16.975  -16.975  -16.972  -16.972  -16.970  -16.970  -16.967  -16.967  -16.967  -16.967
  -16.955  -16.955  -16.949  -16.949  -16.947  -16.947  -16.946  -16.946  -16.945  -16.945
  -16.942  -16.942  -16.933  -16.933  -16.929  -16.929  -16.913  -16.913  -16.911  -16.911
   -8.215   -8.215   -8.206   -8.206   -8.197   -8.197   -8.190   -8.190   -8.184   -8.184
   -8.082   -8.082   -2.836   -2.836   -2.778   -2.778   -2.699   -2.699   -2.615   -2.615
   -2.545   -2.545   -2.504   -2.504    0.264    0.264    0.353    0.353    0.480    0.480
    0.624    0.624    0.735    0.735    0.807    0.807    1.210    1.210    1.281    1.281
    1.449    1.449    1.654    1.654    1.832    1.832    1.915    1.915    2.355    2.355
    2.522    2.522    2.768    2.768    3.022    3.022    3.230    3.230    3.350    3.350
    5.796    5.796    6.060    6.060    6.421    6.421    6.816    6.816    7.138    7.138
    7.293    7.293    7.392    7.392    7.680    7.680    7.745    7.745    7.901    7.901
    8.037    8.037    8.236    8.236    8.544    8.544    8.750    8.750    8.982    8.983
    9.175    9.175    9.323    9.323    9.416    9.416   10.079   10.079   10.279   10.279
   10.580   10.580   10.925   10.925   11.050   11.050   11.336   11.336   11.614   11.614
   11.680   11.680   11.825   11.825   12.439   12.440   12.793   12.793   13.077   13.077
   13.292   13.292   13.503   13.503   13.695   13.695   13.910   13.910   14.104   14.104
            0.500000  0.263327  0.000000
  -43.065  -43.065  -43.065  -43.065  -43.064  -43.064  -43.063  -43.063  -43.060  -43.060
  -43.059  -43.059  -43.054  -43.053  -43.052  -43.052  -43.052  -43.052  -43.051  -43.051
  -43.035  -43.035  -43.035  -43.035  -43.031  -43.031  -43.031  -43.031  -43.030  -43.030
  -43.026  -43.026  -43.024  -43.024  -43.023  -43.023  -43.022  -43.022  -43.022  -43.022
  -43.020  -43.020  -43.018  -43.018  -43.017  -43.017  -43.011  -43.011  -43.009  -43.009
  -42.958  -42.958  -42.956  -42.956  -42.921  -42.921  -42.917  -42.917  -42.905  -42.905
  -17.032  -17.032  -17.030  -17.030  -17.027  -17.027  -17.023  -17.023  -17.006  -17.006
  -17.004  -17.004  -17.001  -17.001  -17.000  -17.000  -16.996  -16.996  -16.993  -16.993
  -16.990  -16.990  -16.988  -16.988  -16.988  -16.988  -16.978  -16.978  -16.978  -16.978
  -16.975  -16.975  -16.971  -16.971  -16.970  -16.970  -16.967  -16.967  -16.967  -16.967
  -16.955  -16.955  -16.949  -16.949  -16.947  -16.947  -16.946  -16.945  -16.944  -16.944
  -16.942  -16.942  -16.933  -16.933  -16.929  -16.929  -16.913  -16.913  -16.911  -16.911
   -8.203   -8.203   -8.194   -8.194   -8.186   -8.186   -8.180   -8.180   -8.174   -8.174
   -8.072   -8.071   -2.791   -2.791   -2.736   -2.736   -2.663   -2.663   -2.586   -2.586
   -2.522   -2.522   -2.482   -2.482    0.163    0.163    0.256    0.256    0.390    0.390
    0.544    0.544    0.665    0.665    0.724    0.724    1.113    1.113    1.177    1.177
    1.339    1.339    1.543    1.543    1.727    1.727    1.829    1.829    2.309    2.309
    2.500    2.500    2.759    2.759    3.013    3.013    3.206    3.206    3.305    3.305
    5.943    5.943    6.183    6.183    6.522    6.522    6.909    6.909    7.261    7.261
    7.430    7.430    7.514    7.514    7.755    7.755    7.825    7.825    7.959    7.959
    8.105    8.105    8.320    8.320    8.708    8.708    8.948    8.948    9.201    9.201
    9.400    9.400    9.548    9.548    9.641    9.641   10.097   10.097   10.289   10.289
   10.602   10.602   10.948   10.948   11.096   11.096   11.323   11.323   11.580   11.580
   11.649   11.650   11.830   11.830   12.454   12.454   12.770   12.770   13.047   13.047
   13.247   13.247   13.456   13.456   13.655   13.655   13.827   13.827   13.991   13.991
            0.500000  0.285271  0.000000
  -43.065  -43.065  -43.065  -43.065  -43.064  -43.064  -43.063  -43.063  -43.060  -43.060
  -43.059  -43.059  -43.054  -43.054  -43.052  -43.052  -43.052  -43.052  -43.051  -43.051
  -43.035  -43.035  -43.035  -43.035  -43.031  -43.031  -43.031  -43.031  -43.030  -43.030
  -43.026  -43.026  -43.024  -43.024  -43.023  -43.023  -43.022  -43.022  -43.022  -43.022
  -43.020  -43.020  -43.018  -43.018  -43.017  -43.017  -43.011  -43.011  -43.009  -43.009
  -42.958  -42.958  -42.956  -42.956  -42.921  -42.921  -42.917  -42.917  -42.906  -42.905
  -17.032  -17.032  -17.030  -17.030  -17.027  -17.027  -17.023  -17.023  -17.006  -17.006
  -17.004  -17.004  -17.001  -17.001  -17.001  -17.001  -16.996  -16.996  -16.993  -16.993
  -16.990  -16.990  -16.988  -16.988  -16.988  -16.988  -16.978  -16.978  -16.978  -16.978
  -16.975  -16.975  -16.971  -16.971  -16.970  -16.970  -16.967  -16.967  -16.967  -16.967
  -16.955  -16.955  -16.949  -16.949  -16.947  -16.947  -16.945  -16.945  -16.944  -16.944
  -16.941  -16.941  -16.933  -16.933  -16.929  -16.929  -16.913  -16.913  -16.911  -16.911
   -8.191   -8.191   -8.183   -8.183   -8.176   -8.176   -8.170   -8.170   -8.163   -8.163
   -8.061   -8.061   -2.745   -2.745   -2.695   -2.695   -2.628   -2.628   -2.558   -2.558
   -2.501   -2.501   -2.460   -2.460    0.071    0.071    0.169    0.169    0.310    0.310
    0.473    0.473    0.601    0.601    0.645    0.645    1.023    1.023    1.077    1.077
    1.232    1.232    1.433    1.433    1.622    1.622    1.738    1.738    2.281    2.281
    2.492    2.492    2.757    2.757    3.006    3.006    3.182    3.182    3.261    3.261
    6.090    6.090    6.299    6.299    6.603    6.603    6.959    6.959    7.292    7.293
    7.465    7.465    7.724    7.724    7.871    7.871    7.936    7.936    8.041    8.041
    8.186    8.186    8.406    8.406    8.862    8.862    9.133    9.133    9.409    9.409
    9.614    9.614    9.758    9.758    9.849    9.849   10.146   10.146   10.322   10.322
   10.636   10.636   10.975   10.975   11.146   11.146   11.332   11.332   11.530   11.530
   11.644   11.645   11.872   11.872   12.459   12.460   12.761   12.761   13.018   13.019
   13.203   13.203   13.394   13.394   13.560   13.560   13.779   13.779   13.878   13.879
            0.500000  0.307215  0.000000
  -43.065  -43.065  -43.065  -43.065  -43.064  -43.064  -43.063  -43.063  -43.060  -43.060
  -43.059  -43.059  -43.054  -43.054  -43.052  -43.052  -43.052  -43.052  -43.051  -43.051
  -43.035  -43.035  -43.035  -43.035  -43.031  -43.031  -43.031  -43.031  -43.030  -43.030
  -43.026  -43.026  -43.024  -43.024  -43.023  -43.023  -43.022  -43.022  -43.022  -43.022
  -43.020  -43.020  -43.018  -43.018  -43.017  -43.017  -43.011  -43.011  -43.009  -43.009
  -42.958  -42.958  -42.956  -42.956  -42.921  -42.921  -42.917  -42.917  -42.906  -42.905
  -17.033  -17.033  -17.030  -17.030  -17.028  -17.028  -17.024  -17.024  -17.007  -17.007
  -17.004  -17.004  -17.001  -17.001  -17.001  -17.001  -16.996  -16.996  -16.992  -16.992
  -16.990  -16.990  -16.989  -16.989  -16.988  -16.988  -16.978  -16.978  -16.978  -16.978
  -16.975  -16.974  -16.971  -16.971  -16.969  -16.969  -16.967  -16.967  -16.967  -16.967
  -16.955  -16.955  -16.949  -16.949  -16.947  -16.947  -16.945  -16.945  -16.944  -16.944
  -16.941  -16.941  -16.933  -16.933  -16.929  -16.929  -16.913  -16.913  -16.911  -16.911
   -8.180   -8.180   -8.172   -8.172   -8.166   -8.166   -8.160   -8.160   -8.154   -8.154
   -8.052   -8.052   -2.701   -2.701   -2.656   -2.656   -2.595   -2.595   -2.532   -2.532
   -2.482   -2.482   -2.440   -2.439   -0.009   -0.009    0.094    0.094    0.242    0.242
    0.413    0.413    0.542    0.542    0.570    0.570    0.944    0.944    0.986    0.986
    1.131    1.131    1.328    1.328    1.519    1.519    1.644    1.644    2.272    2.272
    2.493    2.493    2.761    2.761    3.001    3.001    3.159    3.159    3.217    3.217
    6.233    6.233    6.405    6.405    6.664    6.664    6.975    6.975    7.272    7.272
    7.458    7.458    7.918    7.918    8.015    8.015    8.070    8.070    8.153    8.153
    8.274    8.274    8.489    8.489    8.991    8.991    9.294    9.294    9.599    9.599
    9.812    9.812    9.953    9.953   10.038   10.038   10.229   10.229   10.377   10.377
   10.677   10.677   11.007   11.007   11.196   11.196   11.365   11.365   11.493   11.493
   11.656   11.656   11.936   11.936   12.450   12.450   12.765   12.765   12.986   12.986
   13.166   13.166   13.303   13.303   13.467   13.467   13.719   13.719   13.806   13.806
            0.500000  0.329159  0.000000
  -43.065  -43.065  -43.065  -43.065  -43.064  -43.064  -43.063  -43.063  -43.060  -43.060
  -43.059  -43.059  -43.054  -43.053  -43.052  -43.052  -43.052  -43.052  -43.051  -43.051
  -43.035  -43.035  -43.035  -43.035  -43.031  -43.031  -43.031  -43.031  -43.030  -43.030
  -43.026  -43.026  -43.024  -43.024  -43.023  -43.023  -43.022  -43.022  -43.022  -43.022
  -43.020  -43.020  -43.018  -43.018  -43.017  -43.017  -43.011  -43.011  -43.009  -43.009
  -42.958  -42.958  -42.956  -42.956  -42.921  -42.921  -42.917  -42.917  -42.905  -42.905
  -17.033  -17.033  -17.031  -17.031  -17.028  -17.028  -17.024  -17.024  -17.007  -17.007
  -17.004  -17.004  -17.001  -17.001  -17.001  -17.001  -16.996  -16.996  -16.992  -16.992
  -16.989  -16.989  -16.989  -16.989  -16.988  -16.988  -16.978  -16.978  -16.977  -16.977
  -16.974  -16.974  -16.971  -16.971  -16.969  -16.969  -16.967  -16.967  -16.967  -16.967
  -16.955  -16.955  -16.949  -16.949  -16.947  -16.947  -16.945  -16.945  -16.944  -16.944
  -16.941  -16.941  -16.933  -16.933  -16.929  -16.929  -16.913  -16.913  -16.911  -16.911
   -8.170   -8.170   -8.163   -8.163   -8.157   -8.157   -8.152   -8.152   -8.145   -8.145
   -8.043   -8.043   -2.659   -2.659   -2.619   -2.619   -2.565   -2.565   -2.509   -2.509
   -2.466   -2.466   -2.421   -2.420   -0.077   -0.077    0.030    0.030    0.186    0.186
    0.362    0.362    0.488    0.488    0.500    0.500    0.879    0.879    0.911    0.911
    1.041    1.041    1.230    1.230    1.421    1.421    1.551    1.551    2.274    2.274
    2.501    2.501    2.768    2.768    2.998    2.998    3.135    3.135    3.177    3.177
    6.368    6.368    6.500    6.500    6.710    6.710    6.972    6.972    7.233    7.233
    7.417    7.417    8.090    8.090    8.160    8.160    8.209    8.209    8.281    8.281
    8.367    8.367    8.563    8.563    9.093    9.093    9.429    9.429    9.767    9.767
    9.993    9.993   10.130   10.130   10.206   10.206   10.335   10.335   10.450   10.450
   10.721   10.721   11.043   11.043   11.244   11.244   11.409   11.409   11.478   11.478
   11.686   11.686   12.013   12.013   12.424   12.425   12.772   12.772   12.943   12.943
   13.144   13.144   13.200   13.200   13.399   13.399   13.630   13.630   13.776   13.776
            0.500000  0.351103  0.000000
  -43.065  -43.065  -43.065  -43.065  -43.064  -43.064  -43.063  -43.063  -43.060  -43.060
  -43.059  -43.059  -43.054  -43.054  -43.052  -43.052  -43.052  -43.052  -43.051  -43.051
  -43.035  -43.035  -43.035  -43.035  -43.031  -43.031  -43.031  -43.031  -43.030  -43.030
  -43.026  -43.026  -43.024  -43.024  -43.023  -43.023  -43.022  -43.022  -43.022  -43.022
  -43.020  -43.020  -43.018  -43.018  -43.017  -43.017  -43.011  -43.011  -43.009  -43.009
  -42.958  -42.958  -42.956  -42.956  -42.921  -42.921  -42.917  -42.917  -42.905  -42.905
  -17.033  -17.033  -17.031  -17.031  -17.028  -17.028  -17.024  -17.024  -17.007  -17.007
  -17.004  -17.004  -17.002  -17.002  -17.001  -17.001  -16.996  -16.996  -16.992  -16.992
  -16.989  -16.989  -16.989  -16.989  -16.988  -16.988  -16.978  -16.978  -16.977  -16.977
  -16.974  -16.974  -16.971  -16.971  -16.969  -16.969  -16.967  -16.967  -16.967  -16.967
  -16.955  -16.955  -16.949  -16.949  -16.947  -16.947  -16.945  -16.945  -16.944  -16.944
  -16.941  -16.941  -16.933  -16.933  -16.929  -16.929  -16.913  -16.913  -16.911  -16.911
   -8.161   -8.161   -8.155   -8.155   -8.150   -8.150   -8.145   -8.144   -8.138   -8.138
   -8.036   -8.036   -2.622   -2.622   -2.586   -2.586   -2.539   -2.539   -2.490   -2.490
   -2.454   -2.454   -2.404   -2.404   -0.132   -0.132   -0.020   -0.020    0.141    0.141
    0.321    0.321    0.430    0.430    0.446    0.446    0.826    0.826    0.856    0.856
    0.966    0.966    1.143    1.143    1.332    1.332    1.463    1.463    2.284    2.284
    2.513    2.513    2.777    2.777    2.995    2.995    3.113    3.113    3.141    3.141
    6.495    6.495    6.583    6.583    6.743    6.743    6.960    6.960    7.187    7.187
    7.358    7.358    8.233    8.233    8.282    8.282    8.344    8.344    8.399    8.399
    8.464    8.464    8.625    8.625    9.170    9.170    9.538    9.538    9.910    9.910
   10.154   10.154   10.288   10.288   10.352   10.352   10.446   10.446   10.537   10.537
   10.766   10.766   11.077   11.077   11.291   11.291   11.431   11.431   11.512   11.513
   11.738   11.738   12.097   12.097   12.384   12.384   12.745   12.745   12.900   12.900
   13.114   13.114   13.157   13.157   13.347   13.347   13.541   13.541   13.759   13.759
            0.500000  0.373046  0.000000
  -43.065  -43.065  -43.065  -43.065  -43.064  -43.064  -43.063  -43.063  -43.060  -43.060
  -43.059  -43.059  -43.054  -43.054  -43.052  -43.052  -43.052  -43.052  -43.051  -43.051
  -43.035  -43.035  -43.035  -43.035  -43.031  -43.031  -43.031  -43.031  -43.030  -43.030
  -43.026  -43.026  -43.024  -43.024  -43.023  -43.023  -43.022  -43.022  -43.022  -43.022
  -43.020  -43.020  -43.018  -43.018  -43.017  -43.017  -43.011  -43.011  -43.009  -43.009
  -42.958  -42.958  -42.956  -42.956  -42.921  -42.921  -42.917  -42.917  -42.905  -42.905
  -17.034  -17.034  -17.031  -17.031  -17.028  -17.028  -17.025  -17.025  -17.007  -17.007
  -17.004  -17.004  -17.002  -17.002  -17.001  -17.001  -16.996  -16.996  -16.992  -16.992
  -16.989  -16.989  -16.989  -16.989  -16.988  -16.988  -16.978  -16.978  -16.977  -16.977
  -16.974  -16.974  -16.971  -16.971  -16.969  -16.969  -16.967  -16.967  -16.967  -16.967
  -16.955  -16.955  -16.949  -16.949  -16.947  -16.947  -16.945  -16.945  -16.944  -16.944
  -16.941  -16.940  -16.933  -16.933  -16.929  -16.929  -16.914  -16.913  -16.911  -16.911
   -8.154   -8.154   -8.148   -8.148   -8.144   -8.144   -8.139   -8.139   -8.132   -8.132
   -8.030   -8.030   -2.589   -2.589   -2.558   -2.558   -2.517   -2.517   -2.475   -2.475
   -2.444   -2.444   -2.390   -2.390   -0.174   -0.174   -0.059   -0.059    0.108    0.108
    0.290    0.290    0.374    0.374    0.405    0.405    0.785    0.785    0.818    0.818
    0.911    0.911    1.070    1.070    1.256    1.256    1.386    1.386    2.296    2.296
    2.526    2.526    2.787    2.787    2.993    2.993    3.091    3.091    3.113    3.113
    6.609    6.609    6.654    6.654    6.771    6.771    6.944    6.944    7.140    7.140
    7.289    7.289    8.342    8.342    8.374    8.374    8.464    8.464    8.497    8.497
    8.555    8.555    8.674    8.674    9.228    9.228    9.625    9.625   10.023   10.023
   10.291   10.291   10.424   10.424   10.474   10.474   10.546   10.546   10.625   10.625
   10.809   10.809   11.103   11.103   11.331   11.331   11.437   11.437   11.579   11.579
   11.812   11.812   12.171   12.171   12.343   12.343   12.656   12.656   12.869   12.870
   13.097   13.097   13.178   13.178   13.309   13.309   13.469   13.469   13.753   13.753
            0.500000  0.394990  0.000000
  -43.065  -43.065  -43.065  -43.065  -43.064  -43.064  -43.063  -43.063  -43.060  -43.060
  -43.059  -43.059  -43.054  -43.054  -43.052  -43.052  -43.052  -43.052  -43.051  -43.051
  -43.035  -43.035  -43.035  -43.035  -43.031  -43.031  -43.031  -43.031  -43.030  -43.030
  -43.026  -43.026  -43.024  -43.024  -43.023  -43.023  -43.022  -43.022  -43.022  -43.022
  -43.020  -43.020  -43.018  -43.018  -43.017  -43.017  -43.011  -43.011  -43.009  -43.009
  -42.958  -42.958  -42.956  -42.956  -42.921  -42.921  -42.917  -42.917  -42.906  -42.905
  -17.034  -17.034  -17.031  -17.031  -17.029  -17.029  -17.025  -17.025  -17.007  -17.007
  -17.004  -17.004  -17.002  -17.002  -17.001  -17.001  -16.996  -16.996  -16.992  -16.992
  -16.990  -16.990  -16.989  -16.989  -16.988  -16.988  -16.978  -16.978  -16.977  -16.977
  -16.974  -16.974  -16.970  -16.970  -16.969  -16.969  -16.967  -16.967  -16.967  -16.967
  -16.955  -16.955  -16.949  -16.949  -16.947  -16.947  -16.945  -16.945  -16.944  -16.944
  -16.940  -16.940  -16.933  -16.933  -16.929  -16.929  -16.914  -16.913  -16.911  -16.911
   -8.148   -8.148   -8.144   -8.144   -8.140   -8.140   -8.134   -8.134   -8.128   -8.128
   -8.026   -8.026   -2.564   -2.564   -2.537   -2.537   -2.501   -2.501   -2.465   -2.465
   -2.438   -2.438   -2.379   -2.379   -0.204   -0.204   -0.085   -0.085    0.085    0.085
    0.268    0.268    0.330    0.330    0.374    0.374    0.758    0.758    0.788    0.788
    0.880    0.880    1.015    1.015    1.197    1.197    1.324    1.324    2.309    2.309
    2.538    2.538    2.795    2.795    2.992    2.992    3.071    3.071    3.094    3.094
    6.700    6.700    6.711    6.711    6.802    6.802    6.928    6.928    7.096    7.096
    7.220    7.220    8.416    8.416    8.435    8.435    8.556    8.556    8.576    8.576
    8.629    8.629    8.709    8.709    9.269    9.269    9.691    9.691   10.104   10.104
   10.396   10.396   10.531   10.531   10.573   10.573   10.624   10.624   10.699   10.699
   10.847   10.847   11.118   11.118   11.359   11.359   11.443   11.443   11.653   11.653
   11.903   11.903   12.183   12.183   12.342   12.342   12.555   12.555   12.819   12.819
   13.124   13.124   13.216   13.216   13.290   13.290   13.420   13.420   13.758   13.758
            0.500000  0.416934  0.000000
  -43.065  -43.065  -43.065  -43.065  -43.064  -43.064  -43.063  -43.063  -43.060  -43.060
  -43.059  -43.059  -43.054  -43.054  -43.052  -43.052  -43.052  -43.052  -43.050  -43.050
  -43.035  -43.035  -43.035  -43.035  -43.031  -43.031  -43.031  -43.031  -43.030  -43.030
  -43.026  -43.026  -43.024  -43.024  -43.023  -43.023  -43.022  -43.022  -43.022  -43.022
  -43.020  -43.020  -43.018  -43.018  -43.017  -43.017  -43.011  -43.011  -43.009  -43.009
  -42.958  -42.958  -42.956  -42.956  -42.921  -42.921  -42.917  -42.917  -42.905  -42.905
  -17.034  -17.034  -17.032  -17.031  -17.029  -17.029  -17.025  -17.025  -17.007  -17.007
  -17.004  -17.004  -17.002  -17.002  -17.001  -17.001  -16.996  -16.996  -16.992  -16.992
  -16.990  -16.990  -16.989  -16.989  -16.988  -16.988  -16.978  -16.978  -16.977  -16.977
  -16.974  -16.974  -16.970  -16.970  -16.969  -16.969  -16.967  -16.967  -16.967  -16.967
  -16.955  -16.955  -16.949  -16.949  -16.947  -16.947  -16.945  -16.945  -16.944  -16.944
  -16.940  -16.940  -16.933  -16.933  -16.929  -16.929  -16.914  -16.913  -16.911  -16.911
   -8.145   -8.145   -8.141   -8.141   -8.137   -8.137   -8.132   -8.132   -8.125   -8.125
   -8.023   -8.023   -2.548   -2.548   -2.523   -2.523   -2.492   -2.492   -2.460   -2.460
   -2.435   -2.435   -2.373   -2.373   -0.221   -0.221   -0.101   -0.101    0.072    0.072
    0.254    0.254    0.302    0.302    0.354    0.354    0.744    0.744    0.767    0.767
    0.868    0.868    0.980    0.980    1.158    1.158    1.284    1.284    2.317    2.317
    2.546    2.546    2.800    2.800    2.990    2.990    3.057    3.057    3.083    3.083
    6.744    6.744    6.754    6.754    6.848    6.848    6.919    6.919    7.056    7.056
    7.162    7.162    8.457    8.457    8.469    8.469    8.614    8.614    8.628    8.628
    8.677    8.677    8.727    8.727    9.293    9.293    9.733    9.733   10.152   10.152
   10.463   10.463   10.601   10.601   10.642   10.642   10.672   10.672   10.746   10.746
   10.873   10.873   11.125   11.125   11.372   11.372   11.449   11.449   11.720   11.720
   11.992   11.993   12.149   12.149   12.316   12.316   12.543   12.543   12.742   12.742
   13.174   13.174   13.244   13.244   13.297   13.297   13.385   13.385   13.766   13.766
            0.500000  0.438878  0.000000
  -43.065  -43.065  -43.065  -43.065  -43.064  -43.064  -43.063  -43.063  -43.060  -43.060
  -43.059  -43.059  -43.054  -43.054  -43.052  -43.052  -43.052  -43.052  -43.050  -43.050
  -43.035  -43.035  -43.035  -43.035  -43.031  -43.031  -43.031  -43.031  -43.030  -43.030
  -43.026  -43.026  -43.024  -43.024  -43.023  -43.023  -43.022  -43.022  -43.022  -43.021
  -43.020  -43.020  -43.018  -43.018  -43.017  -43.017  -43.011  -43.010  -43.009  -43.009
  -42.958  -42.958  -42.956  -42.956  -42.921  -42.921  -42.917  -42.917  -42.905  -42.905
  -17.034  -17.034  -17.032  -17.031  -17.029  -17.029  -17.025  -17.025  -17.007  -17.007
  -17.004  -17.004  -17.002  -17.002  -17.001  -17.001  -16.996  -16.996  -16.992  -16.992
  -16.990  -16.990  -16.989  -16.989  -16.988  -16.988  -16.978  -16.978  -16.977  -16.977
  -16.974  -16.974  -16.970  -16.970  -16.969  -16.969  -16.967  -16.967  -16.967  -16.967
  -16.955  -16.955  -16.949  -16.949  -16.947  -16.947  -16.945  -16.945  -16.944  -16.944
  -16.940  -16.940  -16.933  -16.932  -16.929  -16.929  -16.914  -16.913  -16.911  -16.911
   -8.143   -8.143   -8.140   -8.140   -8.136   -8.136   -8.131   -8.131   -8.124   -8.124
   -8.022   -8.022   -2.542   -2.542   -2.519   -2.519   -2.489   -2.489   -2.458   -2.458
   -2.433   -2.433   -2.370   -2.370   -0.227   -0.227   -0.106   -0.106    0.068    0.068
    0.249    0.249    0.293    0.293    0.347    0.347    0.740    0.740    0.760    0.760
    0.865    0.865    0.968    0.968    1.145    1.145    1.270    1.270    2.320    2.320
    2.549    2.549    2.802    2.802    2.990    2.990    3.052    3.052    3.080    3.080
    6.755    6.755    6.771    6.771    6.874    6.874    6.922    6.922    7.034    7.034
    7.138    7.138    8.470    8.471    8.480    8.480    8.635    8.635    8.646    8.646
    8.696    8.696    8.731    8.731    9.301    9.301    9.748    9.748   10.168   10.168
   10.486   10.486   10.625   10.625   10.670   10.670   10.685   10.686   10.763   10.763
   10.883   10.883   11.126   11.126   11.375   11.375   11.451   11.451   11.751   11.751
   12.026   12.026   12.156   12.157   12.259   12.259   12.595   12.595   12.676   12.676
   13.210   13.210   13.240   13.240   13.314   13.314   13.366   13.366   13.756   13.756
            0.475000  0.416934  0.000000
  -43.065  -43.065  -43.065  -43.065  -43.064  -43.064  -43.063  -43.063  -43.060  -43.060
  -43.059  -43.059  -43.054  -43.054  -43.052  -43.052  -43.052  -43.052  -43.051  -43.051
  -43.035  -43.035  -43.035  -43.035  -43.031  -43.031  -43.031  -43.031  -43.030  -43.030
  -43.026  -43.026  -43.024  -43.024  -43.023  -43.023  -43.022  -43.022  -43.022  -43.022
  -43.020  -43.020  -43.018  -43.018  -43.017  -43.017  -43.011  -43.011  -43.009  -43.009
  -42.958  -42.958  -42.956  -42.956  -42.921  -42.921  -42.917  -42.917  -42.905  -42.905
  -17.034  -17.034  -17.032  -17.031  -17.029  -17.029  -17.025  -17.025  -17.007  -17.007
  -17.005  -17.004  -17.002  -17.002  -17.001  -17.001  -16.996  -16.996  -16.992  -16.992
  -16.990  -16.990  -16.990  -16.989  -16.988  -16.988  -16.978  -16.978  -16.977  -16.977
  -16.974  -16.974  -16.971  -16.970  -16.969  -16.969  -16.967  -16.967  -16.967  -16.967
  -16.955  -16.955  -16.950  -16.949  -16.947  -16.947  -16.945  -16.945  -16.944  -16.944
  -16.940  -16.940  -16.933  -16.932  -16.929  -16.929  -16.914  -16.914  -16.911  -16.911
   -8.161   -8.155   -8.152   -8.143   -8.143   -8.134   -8.130   -8.130   -8.120   -8.120
   -8.026   -8.026   -2.581   -2.561   -2.556   -2.536   -2.535   -2.448   -2.441   -2.432
   -2.417   -2.412   -2.369   -2.369   -0.244   -0.205   -0.126   -0.086    0.032    0.102
    0.230    0.274    0.311    0.318    0.341    0.369    0.736    0.754    0.760    0.793
    0.858    0.894    0.982    1.032    1.159    1.216    1.282    1.348    2.295    2.330
    2.522    2.559    2.774    2.819    2.980    3.003    3.059    3.069    3.087    3.089
    6.681    6.690    6.756    6.764    6.808    6.882    6.925    6.929    7.059    7.088
    7.170    7.249    8.430    8.430    8.478    8.480    8.579    8.594    8.639    8.641
    8.655    8.688    8.709    8.750    9.286    9.298    9.709    9.744   10.123   10.164
   10.416   10.479   10.557   10.606   10.610   10.621   10.645   10.683   10.712   10.746
   10.844   10.873   11.110   11.119   11.329   11.398   11.420   11.463   11.635   11.710
   11.959   12.020   12.070   12.183   12.325   12.384   12.449   12.648   12.724   12.843
   13.096   13.147   13.232   13.253   13.325   13.355   13.397   13.462   13.736   13.764
            0.450000  0.394990  0.000000
  -43.065  -43.065  -43.065  -43.065  -43.064  -43.064  -43.063  -43.063  -43.060  -43.060
  -43.059  -43.059  -43.054  -43.054  -43.052  -43.052  -43.052  -43.052  -43.051  -43.051
  -43.035  -43.035  -43.035  -43.035  -43.031  -43.031  -43.031  -43.031  -43.030  -43.030
  -43.026  -43.026  -43.024  -43.024  -43.023  -43.023  -43.022  -43.022  -43.022  -43.022
  -43.020  -43.020  -43.018  -43.018  -43.017  -43.017  -43.011  -43.011  -43.009  -43.009
  -42.958  -42.958  -42.956  -42.956  -42.921  -42.921  -42.917  -42.917  -42.906  -42.905
  -17.034  -17.033  -17.031  -17.031  -17.028  -17.028  -17.024  -17.024  -17.007  -17.007
  -17.005  -17.004  -17.002  -17.002  -17.001  -17.001  -16.996  -16.996  -16.993  -16.992
  -16.990  -16.989  -16.989  -16.988  -16.988  -16.987  -16.978  -16.978  -16.977  -16.977
  -16.975  -16.974  -16.971  -16.970  -16.969  -16.969  -16.967  -16.967  -16.967  -16.967
  -16.955  -16.955  -16.950  -16.949  -16.948  -16.947  -16.945  -16.945  -16.944  -16.944
  -16.940  -16.940  -16.933  -16.932  -16.929  -16.929  -16.914  -16.914  -16.911  -16.911
   -8.195   -8.186   -8.175   -8.165   -8.158   -8.139   -8.131   -8.124   -8.117   -8.116
   -8.034   -8.034   -2.657   -2.628   -2.597   -2.576   -2.575   -2.415   -2.411   -2.403
   -2.397   -2.385   -2.357   -2.356   -0.278   -0.170   -0.136   -0.040   -0.006    0.147
    0.197    0.297    0.323    0.353    0.388    0.440    0.753    0.782    0.832    0.849
    0.876    0.997    1.039    1.161    1.225    1.301    1.396    1.527    2.232    2.358
    2.460    2.582    2.724    2.844    2.959    3.031    3.078    3.108    3.110    3.116
    6.471    6.556    6.678    6.745    6.808    6.904    6.957    6.981    7.108    7.144
    7.268    7.414    8.334    8.335    8.396    8.422    8.448    8.505    8.565    8.617
    8.625    8.654    8.681    8.781    9.237    9.282    9.609    9.728    9.992   10.130
   10.236   10.372   10.423   10.437   10.482   10.549   10.583   10.604   10.656   10.687
   10.773   10.823   11.055   11.105   11.239   11.336   11.397   11.426   11.519   11.638
   11.852   11.972   12.078   12.168   12.276   12.429   12.602   12.661   12.840   12.935
   13.104   13.109   13.211   13.242   13.333   13.360   13.502   13.633   13.710   13.769
            0.425000  0.373046  0.000000
  -43.065  -43.065  -43.065  -43.065  -43.064  -43.064  -43.063  -43.063  -43.060  -43.060
  -43.059  -43.059  -43.054  -43.054  -43.052  -43.052  -43.052  -43.052  -43.051  -43.051
  -43.035  -43.035  -43.035  -43.035  -43.031  -43.031  -43.031  -43.031  -43.030  -43.030
  -43.026  -43.026  -43.024  -43.024  -43.023  -43.023  -43.022  -43.022  -43.022  -43.022
  -43.020  -43.020  -43.018  -43.018  -43.017  -43.017  -43.011  -43.011  -43.009  -43.009
  -42.958  -42.958  -42.956  -42.956  -42.921  -42.921  -42.917  -42.917  -42.906  -42.905
  -17.033  -17.032  -17.031  -17.030  -17.028  -17.027  -17.024  -17.024  -17.008  -17.007
  -17.006  -17.004  -17.002  -17.002  -17.002  -17.001  -16.996  -16.996  -16.993  -16.992
  -16.990  -16.989  -16.989  -16.988  -16.988  -16.987  -16.978  -16.978  -16.977  -16.977
  -16.975  -16.974  -16.972  -16.970  -16.969  -16.969  -16.967  -16.967  -16.967  -16.966
  -16.955  -16.955  -16.951  -16.949  -16.948  -16.947  -16.945  -16.945  -16.944  -16.944
  -16.941  -16.941  -16.932  -16.932  -16.929  -16.929  -16.914  -16.914  -16.911  -16.911
   -8.244   -8.231   -8.215   -8.197   -8.176   -8.160   -8.141   -8.125   -8.113   -8.108
   -8.043   -8.043   -2.746   -2.705   -2.657   -2.616   -2.598   -2.407   -2.407   -2.373
   -2.371   -2.359   -2.329   -2.327   -0.303   -0.202   -0.063   -0.033    0.047    0.143
    0.233    0.270    0.302    0.451    0.492    0.555    0.788    0.834    0.903    0.972
    0.998    1.094    1.208    1.233    1.344    1.415    1.610    1.747    2.161    2.369
    2.421    2.608    2.671    2.876    2.934    3.069    3.095    3.154    3.156    3.160
    6.224    6.386    6.595    6.740    6.827    6.944    6.995    7.045    7.153    7.205
    7.376    7.545    8.137    8.159    8.199    8.275    8.315    8.410    8.451    8.591
    8.598    8.613    8.677    8.821    9.155    9.231    9.459    9.681    9.785    9.953
   10.029   10.156   10.160   10.285   10.398   10.428   10.507   10.521   10.588   10.600
   10.706   10.730   10.940   11.056   11.147   11.197   11.367   11.386   11.551   11.597
   11.728   11.952   12.102   12.145   12.280   12.471   12.597   12.770   12.823   12.918
   13.131   13.231   13.237   13.316   13.359   13.389   13.529   13.716   13.804   13.829
            0.400000  0.351103  0.000000
  -43.065  -43.065  -43.065  -43.065  -43.064  -43.064  -43.063  -43.063  -43.060  -43.060
  -43.059  -43.059  -43.054  -43.053  -43.052  -43.052  -43.052  -43.052  -43.051  -43.051
  -43.035  -43.035  -43.035  -43.035  -43.031  -43.031  -43.031  -43.031  -43.030  -43.030
  -43.026  -43.026  -43.024  -43.024  -43.023  -43.023  -43.022  -43.022  -43.022  -43.022
  -43.020  -43.020  -43.018  -43.018  -43.017  -43.017  -43.011  -43.011  -43.009  -43.009
  -42.958  -42.958  -42.956  -42.956  -42.921  -42.921  -42.917  -42.917  -42.906  -42.905
  -17.033  -17.031  -17.030  -17.029  -17.027  -17.026  -17.023  -17.023  -17.009  -17.007
  -17.007  -17.005  -17.003  -17.002  -17.001  -17.001  -16.996  -16.996  -16.993  -16.992
  -16.991  -16.988  -16.988  -16.988  -16.988  -16.987  -16.979  -16.978  -16.978  -16.977
  -16.976  -16.974  -16.973  -16.970  -16.969  -16.969  -16.968  -16.968  -16.967  -16.966
  -16.955  -16.955  -16.951  -16.950  -16.949  -16.947  -16.945  -16.945  -16.944  -16.943
  -16.941  -16.941  -16.932  -16.932  -16.929  -16.929  -16.914  -16.914  -16.911  -16.911
   -8.306   -8.288   -8.267   -8.242   -8.209   -8.197   -8.153   -8.127   -8.108   -8.098
   -8.046   -8.046   -2.839   -2.787   -2.719   -2.653   -2.612   -2.412   -2.412   -2.353
   -2.345   -2.324   -2.292   -2.289   -0.307   -0.213   -0.084    0.053    0.102    0.189
    0.232    0.252    0.388    0.571    0.613    0.703    0.831    0.907    0.961    1.131
    1.177    1.252    1.310    1.380    1.439    1.641    1.842    1.977    2.117    2.307
    2.488    2.568    2.698    2.864    2.965    3.077    3.150    3.190    3.226    3.228
    5.970    6.201    6.502    6.742    6.857    6.994    7.038    7.100    7.193    7.258
    7.460    7.580    7.863    7.896    7.964    8.100    8.141    8.288    8.350    8.540
    8.557    8.583    8.692    8.867    9.058    9.138    9.253    9.461    9.604    9.674
    9.720    9.848   10.075   10.163   10.311   10.340   10.411   10.437   10.478   10.510
   10.545   10.703   10.804   10.878   11.098   11.174   11.361   11.401   11.504   11.575
   11.723   11.960   12.133   12.144   12.315   12.477   12.578   12.768   12.878   12.935
   13.105   13.218   13.281   13.327   13.397   13.461   13.630   13.777   13.787   13.830
            0.375000  0.329159  0.000000
  -43.065  -43.065  -43.065  -43.065  -43.064  -43.064  -43.063  -43.063  -43.060  -43.060
  -43.059  -43.059  -43.054  -43.054  -43.052  -43.052  -43.052  -43.052  -43.051  -43.051
  -43.035  -43.035  -43.035  -43.035  -43.031  -43.031  -43.031  -43.031  -43.030  -43.030
  -43.026  -43.026  -43.024  -43.024  -43.023  -43.023  -43.022  -43.022  -43.022  -43.022
  -43.020  -43.020  -43.018  -43.018  -43.017  -43.017  -43.011  -43.011  -43.009  -43.009
  -42.958  -42.958  -42.956  -42.956  -42.921  -42.921  -42.917  -42.917  -42.906  -42.905
  -17.032  -17.030  -17.030  -17.028  -17.026  -17.025  -17.022  -17.022  -17.009  -17.007
  -17.007  -17.005  -17.003  -17.003  -17.001  -17.001  -16.996  -16.996  -16.993  -16.992
  -16.991  -16.988  -16.987  -16.987  -16.987  -16.986  -16.979  -16.978  -16.978  -16.978
  -16.977  -16.974  -16.973  -16.970  -16.970  -16.969  -16.968  -16.968  -16.966  -16.966
  -16.955  -16.955  -16.952  -16.950  -16.950  -16.947  -16.945  -16.945  -16.944  -16.943
  -16.941  -16.941  -16.932  -16.932  -16.929  -16.929  -16.915  -16.915  -16.912  -16.912
   -8.378   -8.357   -8.330   -8.299   -8.259   -8.249   -8.162   -8.131   -8.104   -8.088
   -8.045   -8.045   -2.931   -2.867   -2.780   -2.689   -2.617   -2.417   -2.417   -2.342
   -2.314   -2.281   -2.247   -2.242   -0.287   -0.200   -0.080    0.049    0.160    0.220
    0.271    0.368    0.514    0.692    0.719    0.869    0.877    0.989    1.065    1.250
    1.378    1.415    1.425    1.507    1.657    1.869    2.065    2.126    2.198    2.282
    2.508    2.603    2.732    2.872    3.014    3.092    3.210    3.237    3.316    3.321
    5.727    6.014    6.393    6.733    6.896    7.044    7.079    7.134    7.227    7.283
    7.427    7.475    7.548    7.641    7.736    7.919    7.984    8.129    8.190    8.476
    8.512    8.573    8.718    8.881    8.935    9.043    9.064    9.168    9.266    9.354
    9.388    9.706   10.008   10.134   10.199   10.260   10.297   10.336   10.369   10.393
   10.419   10.621   10.677   10.807   11.020   11.166   11.378   11.428   11.487   11.568
   11.802   11.983   12.127   12.196   12.370   12.453   12.602   12.788   12.880   13.000
   13.039   13.200   13.273   13.339   13.349   13.467   13.637   13.710   13.750   13.844
            0.350000  0.307215  0.000000
  -43.065  -43.065  -43.065  -43.065  -43.064  -43.064  -43.063  -43.063  -43.060  -43.060
  -43.059  -43.059  -43.054  -43.054  -43.052  -43.052  -43.052  -43.052  -43.051  -43.051
  -43.035  -43.035  -43.035  -43.035  -43.031  -43.031  -43.031  -43.031  -43.030  -43.030
  -43.026  -43.026  -43.024  -43.024  -43.023  -43.023  -43.022  -43.022  -43.022  -43.022
  -43.020  -43.020  -43.018  -43.018  -43.017  -43.017  -43.011  -43.011  -43.009  -43.009
  -42.958  -42.958  -42.956  -42.956  -42.921  -42.921  -42.917  -42.917  -42.906  -42.905
  -17.031  -17.029  -17.029  -17.026  -17.024  -17.024  -17.021  -17.021  -17.010  -17.008
  -17.008  -17.006  -17.004  -17.004  -17.002  -17.002  -16.995  -16.995  -16.994  -16.992
  -16.991  -16.988  -16.987  -16.986  -16.986  -16.986  -16.979  -16.979  -16.978  -16.978
  -16.977  -16.974  -16.974  -16.970  -16.970  -16.969  -16.969  -16.968  -16.966  -16.966
  -16.956  -16.955  -16.953  -16.951  -16.950  -16.947  -16.946  -16.945  -16.944  -16.944
  -16.941  -16.941  -16.932  -16.932  -16.929  -16.929  -16.915  -16.915  -16.912  -16.912
   -8.458   -8.434   -8.402   -8.365   -8.322   -8.311   -8.171   -8.134   -8.101   -8.079
   -8.041   -8.041   -3.015   -2.941   -2.837   -2.721   -2.616   -2.422   -2.414   -2.325
   -2.276   -2.231   -2.192   -2.184   -0.243   -0.162   -0.052    0.065    0.165    0.218
    0.430    0.515    0.644    0.769    0.804    0.914    1.029    1.089    1.196    1.378
    1.487    1.516    1.658    1.724    1.873    2.081    2.199    2.256    2.328    2.392
    2.497    2.714    2.747    2.967    3.010    3.183    3.224    3.343    3.421    3.431
    5.514    5.842    6.270    6.679    6.916    7.065    7.079    7.122    7.146    7.219
    7.283    7.295    7.372    7.492    7.534    7.724    7.810    7.924    7.952    8.443
    8.474    8.570    8.718    8.743    8.805    8.870    8.911    8.983    8.991    9.037
    9.120    9.665    9.913   10.049   10.092   10.152   10.197   10.218   10.237   10.289
   10.444   10.491   10.572   10.867   10.934   11.109   11.424   11.484   11.539   11.557
   11.893   12.008   12.140   12.276   12.437   12.468   12.595   12.829   12.900   12.920
   13.025   13.163   13.185   13.273   13.348   13.383   13.487   13.554   13.560   13.596
            0.325000  0.285271  0.000000
  -43.065  -43.065  -43.065  -43.065  -43.064  -43.064  -43.063  -43.063  -43.060  -43.060
  -43.059  -43.059  -43.054  -43.054  -43.052  -43.052  -43.052  -43.052  -43.051  -43.051
  -43.035  -43.035  -43.035  -43.035  -43.031  -43.031  -43.031  -43.031  -43.030  -43.030
  -43.026  -43.026  -43.024  -43.024  -43.023  -43.023  -43.022  -43.022  -43.022  -43.022
  -43.020  -43.020  -43.018  -43.018  -43.017  -43.017  -43.011  -43.011  -43.009  -43.009
  -42.958  -42.958  -42.956  -42.956  -42.921  -42.921  -42.917  -42.917  -42.906  -42.905
  -17.030  -17.028  -17.027  -17.025  -17.023  -17.023  -17.020  -17.020  -17.012  -17.009
  -17.008  -17.007  -17.005  -17.005  -17.002  -17.002  -16.994  -16.994  -16.994  -16.992
  -16.992  -16.988  -16.987  -16.985  -16.985  -16.985  -16.980  -16.979  -16.978  -16.978
  -16.978  -16.975  -16.974  -16.971  -16.971  -16.969  -16.969  -16.968  -16.966  -16.965
  -16.956  -16.956  -16.953  -16.951  -16.951  -16.947  -16.946  -16.946  -16.944  -16.944
  -16.941  -16.941  -16.932  -16.932  -16.928  -16.928  -16.916  -16.916  -16.913  -16.912
   -8.544   -8.517   -8.481   -8.439   -8.393   -8.381   -8.180   -8.138   -8.100   -8.070
   -8.035   -8.034   -3.088   -3.005   -2.888   -2.750   -2.612   -2.429   -2.394   -2.294
   -2.225   -2.169   -2.125   -2.113   -0.177   -0.101   -0.001    0.103    0.192    0.242
    0.558    0.653    0.761    0.795    0.899    0.936    1.160    1.192    1.313    1.510
    1.624    1.662    1.881    1.946    2.076    2.269    2.331    2.374    2.475    2.526
    2.556    2.712    2.900    3.012    3.118    3.225    3.322    3.462    3.530    3.534
    5.363    5.707    6.148    6.549    6.761    6.782    7.013    7.030    7.113    7.179
    7.219    7.288    7.313    7.331    7.370    7.527    7.589    7.635    7.712    8.434
    8.442    8.534    8.559    8.576    8.614    8.629    8.653    8.735    8.901    9.008
    9.160    9.641    9.772    9.883    9.933    9.996   10.044   10.062   10.200   10.364
   10.368   10.401   10.670   10.814   10.927   11.131   11.431   11.481   11.600   11.620
   11.964   12.063   12.192   12.371   12.460   12.516   12.576   12.760   12.815   12.913
   12.976   13.050   13.076   13.104   13.125   13.154   13.239   13.303   13.358   13.389
            0.300000  0.263327  0.000000
  -43.065  -43.065  -43.065  -43.065  -43.064  -43.064  -43.063  -43.063  -43.060  -43.060
  -43.059  -43.059  -43.054  -43.054  -43.052  -43.052  -43.052  -43.052  -43.051  -43.051
  -43.035  -43.035  -43.035  -43.035  -43.031  -43.031  -43.031  -43.031  -43.030  -43.030
  -43.026  -43.026  -43.024  -43.024  -43.023  -43.023  -43.022  -43.022  -43.022  -43.022
  -43.020  -43.020  -43.018  -43.018  -43.017  -43.017  -43.011  -43.011  -43.009  -43.009
  -42.958  -42.958  -42.956  -42.956  -42.921  -42.921  -42.917  -42.917  -42.906  -42.905
  -17.029  -17.027  -17.026  -17.024  -17.022  -17.021  -17.019  -17.019  -17.013  -17.010
  -17.009  -17.008  -17.006  -17.006  -17.003  -17.003  -16.994  -16.993  -16.993  -16.992
  -16.992  -16.988  -16.987  -16.985  -16.984  -16.984  -16.981  -16.980  -16.979  -16.978
  -16.978  -16.975  -16.975  -16.971  -16.971  -16.970  -16.970  -16.967  -16.965  -16.965
  -16.956  -16.956  -16.954  -16.952  -16.952  -16.948  -16.946  -16.946  -16.944  -16.944
  -16.941  -16.941  -16.931  -16.931  -16.928  -16.928  -16.916  -16.916  -16.913  -16.913
   -8.633   -8.603   -8.563   -8.517   -8.469   -8.456   -8.189   -8.143   -8.099   -8.063
   -8.029   -8.027   -3.145   -3.057   -2.927   -2.772   -2.609   -2.436   -2.353   -2.242
   -2.159   -2.093   -2.045   -2.030   -0.092   -0.022    0.068    0.158    0.237    0.291
    0.569    0.740    0.854    0.897    0.954    0.996    1.267    1.285    1.399    1.621
    1.784    1.849    2.071    2.155    2.272    2.442    2.494    2.515    2.611    2.622
    2.658    2.746    2.957    3.160    3.216    3.304    3.458    3.575    3.597    3.621
    5.307    5.640    6.056    6.386    6.476    6.504    6.891    6.933    7.014    7.097
    7.119    7.150    7.206    7.276    7.324    7.325    7.351    7.477    7.523    8.278
    8.283    8.307    8.366    8.466    8.480    8.493    8.638    8.687    8.913    9.015
    9.188    9.585    9.623    9.745    9.765    9.829    9.867    9.877   10.105   10.269
   10.345   10.581   10.724   10.878   10.901   11.230   11.385   11.462   11.628   11.745
   12.010   12.138   12.240   12.379   12.484   12.497   12.566   12.639   12.696   12.720
   12.726   12.766   12.804   12.924   12.998   13.039   13.068   13.112   13.249   13.288
            0.275000  0.241383  0.000000
  -43.065  -43.065  -43.065  -43.065  -43.064  -43.064  -43.063  -43.063  -43.060  -43.060
  -43.059  -43.059  -43.054  -43.054  -43.052  -43.052  -43.052  -43.052  -43.051  -43.051
  -43.035  -43.035  -43.035  -43.035  -43.031  -43.031  -43.031  -43.031  -43.030  -43.030
  -43.026  -43.026  -43.024  -43.024  -43.023  -43.023  -43.022  -43.022  -43.022  -43.022
  -43.020  -43.020  -43.018  -43.018  -43.017  -43.017  -43.011  -43.011  -43.009  -43.009
  -42.958  -42.958  -42.956  -42.956  -42.921  -42.921  -42.917  -42.917  -42.906  -42.905
  -17.028  -17.026  -17.025  -17.022  -17.021  -17.020  -17.018  -17.018  -17.013  -17.011
  -17.010  -17.009  -17.007  -17.007  -17.004  -17.004  -16.994  -16.992  -16.992  -16.991
  -16.991  -16.989  -16.987  -16.985  -16.984  -16.984  -16.982  -16.980  -16.979  -16.978
  -16.978  -16.975  -16.975  -16.972  -16.972  -16.970  -16.970  -16.966  -16.964  -16.964
  -16.956  -16.956  -16.955  -16.952  -16.952  -16.948  -16.946  -16.946  -16.945  -16.945
  -16.941  -16.941  -16.931  -16.931  -16.928  -16.928  -16.917  -16.917  -16.913  -16.913
   -8.723   -8.691   -8.648   -8.598   -8.548   -8.532   -8.199   -8.149   -8.099   -8.058
   -8.023   -8.018   -3.186   -3.092   -2.954   -2.785   -2.605   -2.439   -2.287   -2.170
   -2.077   -2.004   -1.951   -1.934    0.009    0.072    0.152    0.224    0.283    0.362
    0.513    0.734    0.930    1.014    1.050    1.078    1.364    1.377    1.480    1.694
    1.921    2.036    2.218    2.329    2.451    2.595    2.670    2.681    2.713    2.718
    2.740    2.831    3.010    3.254    3.322    3.440    3.570    3.629    3.666    3.688
    5.356    5.657    6.020    6.238    6.257    6.319    6.680    6.731    6.815    6.886
    6.950    6.975    7.077    7.106    7.181    7.234    7.346    7.500    7.516    8.059
    8.068    8.113    8.241    8.388    8.464    8.492    8.625    8.675    8.892    9.032
    9.174    9.398    9.548    9.596    9.615    9.647    9.686    9.738    9.998   10.208
   10.313   10.657   10.805   10.906   11.130   11.188   11.349   11.525   11.652   11.828
   12.026   12.139   12.204   12.326   12.344   12.348   12.395   12.407   12.464   12.545
   12.587   12.661   12.707   12.729   12.792   12.883   13.048   13.154   13.211   13.276
            0.250000  0.219439  0.000000
  -43.065  -43.065  -43.065  -43.065  -43.064  -43.064  -43.063  -43.063  -43.060  -43.060
  -43.059  -43.059  -43.054  -43.054  -43.052  -43.052  -43.052  -43.052  -43.051  -43.051
  -43.035  -43.035  -43.035  -43.035  -43.031  -43.031  -43.031  -43.031  -43.030  -43.030
  -43.026  -43.026  -43.024  -43.024  -43.023  -43.023  -43.022  -43.022  -43.022  -43.022
  -43.020  -43.020  -43.018  -43.018  -43.017  -43.017  -43.011  -43.011  -43.009  -43.009
  -42.958  -42.958  -42.956  -42.956  -42.921  -42.921  -42.917  -42.917  -42.906  -42.905
  -17.027  -17.025  -17.023  -17.021  -17.020  -17.020  -17.016  -17.016  -17.014  -17.012
  -17.011  -17.010  -17.008  -17.007  -17.005  -17.005  -16.994  -16.992  -16.992  -16.990
  -16.990  -16.989  -16.987  -16.985  -16.985  -16.983  -16.982  -16.980  -16.979  -16.978
  -16.978  -16.976  -16.976  -16.972  -16.972  -16.971  -16.971  -16.965  -16.964  -16.963
  -16.957  -16.956  -16.955  -16.953  -16.952  -16.948  -16.947  -16.946  -16.945  -16.945
  -16.941  -16.941  -16.931  -16.931  -16.927  -16.927  -16.918  -16.918  -16.914  -16.913
   -8.811   -8.777   -8.731   -8.678   -8.626   -8.609   -8.210   -8.157   -8.101   -8.054
   -8.017   -8.010   -3.208   -3.111   -2.967   -2.788   -2.597   -2.434   -2.200   -2.079
   -1.979   -1.900   -1.843   -1.825    0.122    0.173    0.241    0.278    0.288    0.452
    0.505    0.693    0.938    1.098    1.176    1.186    1.461    1.478    1.577    1.745
    2.007    2.182    2.322    2.443    2.569    2.680    2.697    2.722    2.871    2.873
    2.899    2.975    3.108    3.318    3.375    3.521    3.629    3.712    3.728    3.757
    5.470    5.735    6.021    6.113    6.180    6.270    6.451    6.480    6.630    6.701
    6.726    6.753    6.962    6.988    7.072    7.229    7.379    7.533    7.548    7.933
    7.960    8.006    8.144    8.312    8.453    8.479    8.598    8.673    8.849    9.023
    9.119    9.220    9.397    9.403    9.440    9.464    9.548    9.719    9.888   10.177
   10.303   10.604   10.779   11.079   11.203   11.213   11.395   11.517   11.786   11.850
   11.958   12.005   12.035   12.049   12.079   12.155   12.165   12.326   12.400   12.428
   12.452   12.497   12.555   12.683   12.755   13.011   13.034   13.150   13.190   13.295
            0.225000  0.197495  0.000000
  -43.065  -43.065  -43.065  -43.065  -43.064  -43.064  -43.063  -43.063  -43.060  -43.060
  -43.059  -43.059  -43.054  -43.054  -43.052  -43.052  -43.052  -43.052  -43.051  -43.051
  -43.035  -43.035  -43.035  -43.035  -43.032  -43.031  -43.031  -43.031  -43.030  -43.030
  -43.026  -43.026  -43.024  -43.024  -43.023  -43.023  -43.022  -43.022  -43.022  -43.022
  -43.020  -43.020  -43.018  -43.018  -43.017  -43.017  -43.011  -43.011  -43.009  -43.009
  -42.958  -42.958  -42.957  -42.956  -42.921  -42.921  -42.917  -42.917  -42.906  -42.905
  -17.027  -17.025  -17.022  -17.021  -17.020  -17.019  -17.015  -17.015  -17.014  -17.013
  -17.012  -17.010  -17.008  -17.008  -17.006  -17.005  -16.994  -16.992  -16.991  -16.990
  -16.989  -16.989  -16.988  -16.986  -16.985  -16.983  -16.982  -16.981  -16.979  -16.978
  -16.978  -16.976  -16.976  -16.973  -16.973  -16.971  -16.971  -16.965  -16.963  -16.962
  -16.957  -16.957  -16.956  -16.953  -16.953  -16.949  -16.947  -16.947  -16.946  -16.945
  -16.941  -16.941  -16.930  -16.930  -16.927  -16.927  -16.918  -16.918  -16.914  -16.914
   -8.896   -8.860   -8.812   -8.756   -8.703   -8.684   -8.222   -8.165   -8.104   -8.051
   -8.012   -8.002   -3.212   -3.113   -2.964   -2.778   -2.580   -2.419   -2.094   -1.971
   -1.866   -1.782   -1.723   -1.704    0.183    0.238    0.303    0.304    0.349    0.555
    0.574    0.683    0.915    1.138    1.269    1.315    1.568    1.584    1.684    1.809
    2.055    2.271    2.377    2.493    2.596    2.608    2.668    2.676    3.030    3.033
    3.060    3.120    3.206    3.388    3.397    3.586    3.668    3.768    3.808    3.825
    5.581    5.810    6.012    6.092    6.141    6.215    6.251    6.408    6.527    6.549
    6.603    6.641    6.906    6.931    7.051    7.231    7.378    7.523    7.569    7.873
    7.959    8.002    8.070    8.236    8.422    8.443    8.583    8.639    8.807    8.958
    9.033    9.061    9.184    9.215    9.286    9.318    9.478    9.711    9.803   10.166
   10.306   10.547   10.727   10.971   11.110   11.263   11.558   11.661   11.710   11.752
   11.774   11.789   11.804   11.860   11.903   12.001   12.144   12.197   12.212   12.283
   12.363   12.450   12.580   12.719   12.926   12.931   13.011   13.138   13.202   13.306
            0.200000  0.175551  0.000000
  -43.065  -43.065  -43.065  -43.065  -43.064  -43.064  -43.063  -43.063  -43.060  -43.060
  -43.059  -43.059  -43.054  -43.054  -43.052  -43.052  -43.052  -43.052  -43.051  -43.051
  -43.035  -43.035  -43.035  -43.035  -43.031  -43.031  -43.031  -43.031  -43.030  -43.030
  -43.026  -43.026  -43.024  -43.024  -43.023  -43.023  -43.022  -43.022  -43.022  -43.022
  -43.020  -43.020  -43.018  -43.018  -43.017  -43.017  -43.011  -43.011  -43.009  -43.009
  -42.958  -42.958  -42.957  -42.956  -42.921  -42.921  -42.917  -42.917  -42.906  -42.905
  -17.027  -17.025  -17.021  -17.021  -17.020  -17.018  -17.015  -17.014  -17.013  -17.013
  -17.012  -17.011  -17.008  -17.008  -17.006  -17.006  -16.994  -16.991  -16.991  -16.990
  -16.989  -16.989  -16.988  -16.986  -16.986  -16.983  -16.983  -16.981  -16.980  -16.978
  -16.978  -16.975  -16.975  -16.973  -16.973  -16.971  -16.971  -16.964  -16.962  -16.961
  -16.957  -16.957  -16.956  -16.954  -16.953  -16.949  -16.947  -16.947  -16.946  -16.946
  -16.941  -16.941  -16.930  -16.930  -16.926  -16.926  -16.919  -16.919  -16.914  -16.914
   -8.976   -8.939   -8.888   -8.830   -8.775   -8.755   -8.235   -8.174   -8.108   -8.050
   -8.007   -7.996   -3.198   -3.097   -2.946   -2.756   -2.553   -2.394   -1.973   -1.849
   -1.739   -1.652   -1.592   -1.573    0.093    0.260    0.388    0.394    0.433    0.662
    0.671    0.735    0.902    1.140    1.330    1.420    1.682    1.695    1.795    1.895
    2.092    2.307    2.367    2.451    2.477    2.554    2.564    2.593    3.112    3.118
    3.161    3.213    3.251    3.445    3.467    3.671    3.717    3.814    3.864    3.880
    5.623    5.827    5.974    6.037    6.077    6.183    6.252    6.422    6.458    6.566
    6.608    6.782    6.873    7.017    7.129    7.247    7.347    7.487    7.571    7.862
    7.957    8.068    8.080    8.156    8.371    8.378    8.573    8.587    8.765    8.851
    8.912    8.952    8.983    9.055    9.169    9.221    9.464    9.646    9.783   10.162
   10.312   10.482   10.675   10.858   11.001   11.130   11.493   11.506   11.515   11.531
   11.568   11.601   11.698   11.759   11.817   11.945   12.070   12.127   12.235   12.292
   12.381   12.497   12.696   12.797   12.823   12.913   13.015   13.134   13.198   13.256
            0.175000  0.153607  0.000000
  -43.065  -43.065  -43.065  -43.065  -43.064  -43.064  -43.064  -43.063  -43.060  -43.060
  -43.059  -43.059  -43.054  -43.054  -43.052  -43.052  -43.052  -43.052  -43.051  -43.051
  -43.035  -43.035  -43.035  -43.034  -43.031  -43.031  -43.031  -43.031  -43.030  -43.030
  -43.026  -43.026  -43.024  -43.024  -43.023  -43.023  -43.022  -43.022  -43.022  -43.022
  -43.020  -43.020  -43.018  -43.018  -43.017  -43.017  -43.011  -43.011  -43.009  -43.009
  -42.958  -42.958  -42.957  -42.957  -42.921  -42.921  -42.917  -42.917  -42.906  -42.906
  -17.028  -17.026  -17.022  -17.021  -17.019  -17.018  -17.014  -17.014  -17.013  -17.013
  -17.012  -17.012  -17.009  -17.009  -17.007  -17.007  -16.994  -16.991  -16.991  -16.990
  -16.990  -16.989  -16.989  -16.986  -16.986  -16.983  -16.982  -16.981  -16.980  -16.979
  -16.978  -16.975  -16.975  -16.973  -16.973  -16.972  -16.972  -16.963  -16.961  -16.960
  -16.958  -16.957  -16.956  -16.954  -16.953  -16.950  -16.948  -16.947  -16.946  -16.946
  -16.941  -16.941  -16.929  -16.929  -16.925  -16.925  -16.920  -16.920  -16.914  -16.914
   -9.049   -9.011   -8.959   -8.899   -8.842   -8.821   -8.248   -8.184   -8.113   -8.050
   -8.004   -7.990   -3.168   -3.067   -2.914   -2.722   -2.516   -2.358   -1.841   -1.714
   -1.601   -1.513   -1.452   -1.434    0.003    0.203    0.425    0.516    0.530    0.766
    0.773    0.830    0.934    1.128    1.349    1.486    1.795    1.805    1.905    1.990
    2.110    2.260    2.274    2.325    2.400    2.448    2.468    2.475    3.108    3.121
    3.182    3.245    3.281    3.485    3.512    3.726    3.762    3.856    3.901    3.919
    5.591    5.808    5.966    6.032    6.040    6.281    6.305    6.480    6.538    6.663
    6.741    6.924    6.987    7.148    7.222    7.306    7.311    7.457    7.543    7.881
    7.936    8.068    8.152    8.176    8.293    8.317    8.522    8.589    8.699    8.758
    8.818    8.849    8.902    8.960    9.093    9.175    9.463    9.576    9.772   10.153
   10.320   10.420   10.618   10.744   10.893   11.008   11.248   11.262   11.319   11.341
   11.391   11.441   11.555   11.632   11.652   11.830   11.966   12.194   12.311   12.447
   12.507   12.638   12.701   12.772   12.801   12.902   12.996   13.162   13.193   13.263
            0.150000  0.131663  0.000000
  -43.065  -43.065  -43.065  -43.065  -43.064  -43.064  -43.064  -43.063  -43.060  -43.060
  -43.059  -43.059  -43.054  -43.054  -43.052  -43.052  -43.052  -43.052  -43.051  -43.051
  -43.035  -43.035  -43.035  -43.034  -43.031  -43.031  -43.031  -43.031  -43.030  -43.030
  -43.026  -43.026  -43.024  -43.024  -43.023  -43.023  -43.022  -43.022  -43.022  -43.022
  -43.020  -43.020  -43.018  -43.018  -43.017  -43.017  -43.011  -43.011  -43.009  -43.009
  -42.958  -42.958  -42.957  -42.957  -42.921  -42.921  -42.917  -42.917  -42.906  -42.906
  -17.029  -17.026  -17.022  -17.022  -17.018  -17.017  -17.015  -17.013  -17.013  -17.012
  -17.011  -17.011  -17.009  -17.009  -17.006  -17.006  -16.994  -16.992  -16.991  -16.991
  -16.990  -16.989  -16.989  -16.986  -16.986  -16.982  -16.982  -16.981  -16.980  -16.979
  -16.979  -16.975  -16.975  -16.973  -16.973  -16.971  -16.971  -16.963  -16.961  -16.959
  -16.958  -16.957  -16.956  -16.954  -16.954  -16.950  -16.948  -16.948  -16.947  -16.946
  -16.941  -16.941  -16.929  -16.929  -16.925  -16.925  -16.920  -16.920  -16.915  -16.914
   -9.115   -9.076   -9.022   -8.961   -8.903   -8.881   -8.261   -8.193   -8.118   -8.051
   -8.002   -7.985   -3.125   -3.024   -2.871   -2.678   -2.471   -2.314   -1.701   -1.571
   -1.456   -1.368   -1.307   -1.290   -0.076    0.135    0.403    0.603    0.642    0.863
    0.870    0.939    1.011    1.134    1.335    1.503    1.878    1.888    1.980    2.013
    2.073    2.167    2.190    2.221    2.267    2.315    2.394    2.490    3.038    3.058
    3.130    3.222    3.301    3.480    3.525    3.726    3.771    3.876    3.927    3.942
    5.526    5.785    6.039    6.110    6.138    6.382    6.412    6.604    6.666    6.849
    6.914    7.007    7.136    7.220    7.247    7.299    7.349    7.461    7.508    7.872
    7.966    8.002    8.193    8.224    8.265    8.330    8.500    8.575    8.659    8.720
    8.815    8.872    8.921    8.957    9.059    9.159    9.443    9.533    9.736   10.133
   10.336   10.375   10.551   10.631   10.782   10.888   11.009   11.049   11.142   11.224
   11.265   11.315   11.408   11.496   11.550   11.750   11.908   12.182   12.280   12.488
   12.609   12.657   12.681   12.787   12.809   12.928   13.042   13.123   13.231   13.267
            0.125000  0.109720  0.000000
  -43.065  -43.065  -43.065  -43.065  -43.064  -43.064  -43.064  -43.063  -43.060  -43.060
  -43.059  -43.059  -43.054  -43.053  -43.052  -43.052  -43.052  -43.052  -43.051  -43.051
  -43.035  -43.035  -43.035  -43.034  -43.031  -43.031  -43.031  -43.031  -43.030  -43.030
  -43.026  -43.026  -43.024  -43.024  -43.023  -43.023  -43.022  -43.022  -43.022  -43.022
  -43.020  -43.020  -43.018  -43.018  -43.017  -43.017  -43.011  -43.011  -43.009  -43.009
  -42.958  -42.958  -42.957  -42.957  -42.921  -42.921  -42.917  -42.917  -42.906  -42.906
  -17.031  -17.027  -17.023  -17.022  -17.017  -17.017  -17.015  -17.014  -17.013  -17.012
  -17.011  -17.011  -17.010  -17.010  -17.006  -17.006  -16.993  -16.992  -16.992  -16.992
  -16.990  -16.989  -16.989  -16.987  -16.987  -16.982  -16.981  -16.981  -16.981  -16.979
  -16.979  -16.975  -16.975  -16.973  -16.973  -16.971  -16.971  -16.962  -16.961  -16.959
  -16.959  -16.957  -16.956  -16.955  -16.954  -16.951  -16.948  -16.948  -16.947  -16.946
  -16.941  -16.941  -16.929  -16.929  -16.924  -16.924  -16.921  -16.921  -16.915  -16.915
   -9.173   -9.132   -9.078   -9.015   -8.956   -8.932   -8.273   -8.202   -8.123   -8.053
   -8.001   -7.982   -3.073   -2.973   -2.821   -2.627   -2.420   -2.264   -1.560   -1.426
   -1.309   -1.220   -1.160   -1.146   -0.139    0.070    0.355    0.624    0.749    0.952
    0.956    1.042    1.102    1.177    1.315    1.475    1.786    1.851    1.917    2.012
    2.024    2.067    2.111    2.163    2.226    2.305    2.437    2.545    2.926    2.947
    3.023    3.135    3.284    3.459    3.516    3.675    3.768    3.885    3.948    3.960
    5.455    5.746    6.132    6.275    6.313    6.533    6.556    6.806    6.837    6.992
    7.058    7.087    7.178    7.207    7.217    7.293    7.319    7.468    7.490    7.871
    7.926    8.008    8.185    8.213    8.309    8.449    8.480    8.614    8.662    8.834
    8.877    8.991    9.037    9.074    9.115    9.146    9.404    9.504    9.668   10.103
   10.342   10.365   10.477   10.534   10.666   10.780   10.822   10.901   11.015   11.112
   11.199   11.232   11.321   11.400   11.523   11.705   11.891   12.189   12.235   12.467
   12.546   12.582   12.643   12.729   12.817   12.904   13.071   13.125   13.211   13.286
            0.100000  0.087776  0.000000
  -43.065  -43.065  -43.065  -43.065  -43.064  -43.064  -43.064  -43.063  -43.060  -43.060
  -43.059  -43.059  -43.054  -43.053  -43.052  -43.052  -43.052  -43.052  -43.051  -43.051
  -43.035  -43.035  -43.035  -43.034  -43.031  -43.031  -43.031  -43.031  -43.030  -43.030
  -43.026  -43.026  -43.024  -43.024  -43.023  -43.023  -43.022  -43.022  -43.022  -43.022
  -43.020  -43.020  -43.018  -43.018  -43.017  -43.017  -43.011  -43.011  -43.009  -43.009
  -42.958  -42.958  -42.957  -42.957  -42.921  -42.921  -42.917  -42.917  -42.906  -42.906
  -17.032  -17.028  -17.024  -17.023  -17.018  -17.017  -17.015  -17.014  -17.013  -17.012
  -17.011  -17.011  -17.009  -17.009  -17.005  -17.005  -16.994  -16.993  -16.993  -16.993
  -16.991  -16.989  -16.988  -16.987  -16.987  -16.982  -16.981  -16.981  -16.981  -16.980
  -16.980  -16.975  -16.975  -16.972  -16.972  -16.971  -16.971  -16.962  -16.961  -16.959
  -16.959  -16.956  -16.956  -16.955  -16.954  -16.951  -16.948  -16.948  -16.947  -16.947
  -16.941  -16.941  -16.928  -16.928  -16.924  -16.924  -16.921  -16.921  -16.915  -16.915
   -9.220   -9.180   -9.124   -9.060   -9.000   -8.976   -8.284   -8.211   -8.129   -8.055
   -8.000   -7.979   -3.017   -2.918   -2.767   -2.574   -2.367   -2.213   -1.426   -1.286
   -1.165   -1.077   -1.019   -1.007   -0.186    0.016    0.300    0.597    0.811    1.023
    1.033    1.125    1.181    1.241    1.325    1.428    1.644    1.736    1.800    1.859
    1.867    1.911    2.190    2.228    2.296    2.389    2.512    2.600    2.807    2.820
    2.888    3.000    3.182    3.449    3.480    3.640    3.776    3.897    3.968    3.982
    5.391    5.700    6.162    6.478    6.494    6.683    6.735    7.009    7.043    7.049
    7.082    7.133    7.153    7.188    7.207    7.279    7.291    7.467    7.492    7.876
    7.925    7.995    8.142    8.261    8.392    8.429    8.572    8.655    8.852    8.889
    9.089    9.101    9.121    9.146    9.281    9.348    9.391    9.467    9.588   10.067
   10.282   10.346   10.449   10.502   10.560   10.694   10.730   10.841   10.955   11.032
   11.163   11.183   11.303   11.388   11.541   11.694   11.911   12.155   12.249   12.421
   12.484   12.498   12.597   12.631   12.789   12.868   13.016   13.058   13.123   13.210
            0.075000  0.065832  0.000000
  -43.065  -43.065  -43.065  -43.065  -43.064  -43.064  -43.064  -43.063  -43.060  -43.060
  -43.059  -43.059  -43.054  -43.053  -43.052  -43.052  -43.052  -43.052  -43.051  -43.051
  -43.035  -43.035  -43.035  -43.034  -43.031  -43.031  -43.031  -43.031  -43.030  -43.030
  -43.026  -43.026  -43.024  -43.023  -43.022  -43.022  -43.022  -43.022  -43.022  -43.022
  -43.020  -43.020  -43.018  -43.018  -43.017  -43.017  -43.011  -43.011  -43.009  -43.009
  -42.958  -42.958  -42.957  -42.957  -42.921  -42.921  -42.917  -42.917  -42.906  -42.906
  -17.033  -17.029  -17.025  -17.023  -17.018  -17.016  -17.015  -17.014  -17.012  -17.012
  -17.012  -17.010  -17.009  -17.008  -17.005  -17.005  -16.994  -16.993  -16.993  -16.993
  -16.991  -16.989  -16.988  -16.988  -16.987  -16.982  -16.981  -16.981  -16.981  -16.980
  -16.980  -16.975  -16.975  -16.972  -16.972  -16.971  -16.971  -16.962  -16.961  -16.959
  -16.959  -16.956  -16.956  -16.955  -16.954  -16.951  -16.949  -16.948  -16.948  -16.947
  -16.941  -16.941  -16.928  -16.928  -16.923  -16.923  -16.921  -16.921  -16.915  -16.915
   -9.258   -9.217   -9.160   -9.095   -9.035   -9.011   -8.293   -8.218   -8.133   -8.056
   -8.000   -7.977   -2.963   -2.865   -2.715   -2.524   -2.318   -2.164   -1.309   -1.160
   -1.035   -0.947   -0.888   -0.878   -0.216   -0.028    0.248    0.548    0.809    1.075
    1.080    1.173    1.231    1.302    1.370    1.403    1.539    1.630    1.680    1.712
    1.726    1.763    2.267    2.310    2.375    2.464    2.557    2.596    2.726    2.734
    2.777    2.856    3.046    3.342    3.513    3.649    3.790    3.910    3.988    4.002
    5.342    5.658    6.154    6.582    6.665    6.783    6.855    6.940    7.018    7.045
    7.091    7.137    7.190    7.243    7.309    7.355    7.414    7.522    7.565    7.893
    7.935    7.979    8.142    8.322    8.342    8.516    8.627    8.816    8.893    9.068
    9.138    9.152    9.218    9.288    9.381    9.416    9.522    9.561    9.649   10.026
   10.199   10.275   10.410   10.443   10.576   10.694   10.763   10.861   10.965   11.011
   11.177   11.193   11.311   11.444   11.599   11.719   11.952   12.123   12.277   12.360
   12.390   12.467   12.505   12.547   12.773   12.850   12.931   12.952   13.031   13.090
            0.050000  0.043888  0.000000
  -43.065  -43.065  -43.065  -43.065  -43.064  -43.064  -43.064  -43.063  -43.060  -43.060
  -43.059  -43.059  -43.054  -43.053  -43.052  -43.052  -43.052  -43.052  -43.051  -43.051
  -43.035  -43.035  -43.034  -43.034  -43.031  -43.031  -43.031  -43.031  -43.030  -43.030
  -43.026  -43.026  -43.024  -43.023  -43.022  -43.022  -43.022  -43.022  -43.022  -43.022
  -43.020  -43.020  -43.018  -43.018  -43.017  -43.017  -43.011  -43.011  -43.009  -43.009
  -42.958  -42.958  -42.957  -42.957  -42.921  -42.921  -42.917  -42.917  -42.906  -42.906
  -17.033  -17.030  -17.025  -17.024  -17.018  -17.017  -17.015  -17.013  -17.013  -17.013
  -17.012  -17.010  -17.008  -17.008  -17.004  -17.004  -16.994  -16.994  -16.994  -16.993
  -16.991  -16.989  -16.988  -16.988  -16.987  -16.982  -16.982  -16.981  -16.981  -16.979
  -16.979  -16.975  -16.975  -16.972  -16.972  -16.970  -16.970  -16.962  -16.961  -16.959
  -16.959  -16.955  -16.955  -16.955  -16.954  -16.952  -16.948  -16.948  -16.948  -16.947
  -16.941  -16.941  -16.928  -16.928  -16.923  -16.923  -16.921  -16.921  -16.915  -16.915
   -9.286   -9.244   -9.187   -9.121   -9.060   -9.036   -8.299   -8.223   -8.137   -8.058
   -8.000   -7.976   -2.917   -2.820   -2.672   -2.482   -2.277   -2.125   -1.220   -1.061
   -0.928   -0.838   -0.778   -0.768   -0.236   -0.060    0.204    0.499    0.771    1.059
    1.104    1.201    1.273    1.356    1.392    1.406    1.464    1.546    1.604    1.610
    1.639    1.651    2.324    2.374    2.421    2.480    2.532    2.545    2.659    2.711
    2.753    2.787    2.923    3.247    3.545    3.666    3.803    3.922    4.004    4.017
    5.307    5.627    6.140    6.609    6.760    6.778    6.858    6.881    6.962    7.004
    7.029    7.142    7.165    7.281    7.411    7.540    7.597    7.645    7.736    7.913
    7.927    7.993    8.220    8.277    8.439    8.476    8.776    8.824    9.022    9.083
    9.137    9.220    9.231    9.364    9.386    9.520    9.596    9.761    9.857    9.988
   10.137   10.215   10.353   10.405   10.558   10.807   10.878   10.921   11.036   11.069
   11.244   11.269   11.355   11.527   11.688   11.769   12.002   12.118   12.267   12.288
   12.304   12.403   12.478   12.517   12.757   12.796   12.830   12.836   12.917   12.984
            0.025000  0.021944  0.000000
  -43.065  -43.065  -43.065  -43.065  -43.064  -43.064  -43.064  -43.063  -43.060  -43.060
  -43.059  -43.059  -43.054  -43.053  -43.052  -43.052  -43.052  -43.052  -43.051  -43.051
  -43.035  -43.035  -43.034  -43.034  -43.031  -43.031  -43.031  -43.031  -43.030  -43.030
  -43.026  -43.026  -43.024  -43.023  -43.022  -43.022  -43.022  -43.022  -43.022  -43.022
  -43.020  -43.020  -43.018  -43.018  -43.017  -43.017  -43.011  -43.011  -43.009  -43.009
  -42.958  -42.958  -42.957  -42.957  -42.921  -42.921  -42.917  -42.917  -42.906  -42.906
  -17.034  -17.030  -17.026  -17.024  -17.019  -17.017  -17.015  -17.013  -17.013  -17.013
  -17.012  -17.010  -17.008  -17.008  -17.004  -17.004  -16.994  -16.994  -16.994  -16.993
  -16.991  -16.988  -16.988  -16.988  -16.986  -16.982  -16.982  -16.981  -16.981  -16.979
  -16.979  -16.975  -16.975  -16.972  -16.972  -16.970  -16.970  -16.961  -16.961  -16.960
  -16.960  -16.955  -16.955  -16.955  -16.954  -16.952  -16.948  -16.948  -16.948  -16.947
  -16.941  -16.941  -16.928  -16.928  -16.923  -16.923  -16.921  -16.921  -16.915  -16.915
   -9.302   -9.260   -9.203   -9.137   -9.076   -9.051   -8.303   -8.226   -8.139   -8.059
   -8.000   -7.975   -2.887   -2.791   -2.643   -2.454   -2.251   -2.099   -1.166   -0.997
   -0.858   -0.763   -0.702   -0.689   -0.248   -0.080    0.175    0.464    0.736    1.024
    1.092    1.239    1.313    1.338    1.386    1.397    1.452    1.485    1.546    1.561
    1.591    1.639    2.351    2.398    2.406    2.458    2.496    2.550    2.608    2.687
    2.765    2.810    2.842    3.187    3.566    3.679    3.811    3.928    4.014    4.026
    5.287    5.608    6.129    6.613    6.740    6.758    6.815    6.870    6.920    6.966
    6.989    7.156    7.163    7.313    7.463    7.671    7.689    7.762    7.889    7.890
    7.931    8.087    8.246    8.323    8.447    8.542    8.738    8.963    8.977    9.080
    9.182    9.211    9.235    9.344    9.501    9.515    9.723    9.889    9.958    9.986
   10.103   10.180   10.323   10.388   10.561   10.856   10.983   11.008   11.128   11.162
   11.339   11.378   11.420   11.607   11.775   11.827   12.045   12.127   12.206   12.211
   12.303   12.380   12.471   12.538   12.634   12.679   12.761   12.803   12.809   12.896
            0.000000  0.000000  0.000000
  -43.065  -43.065  -43.065  -43.065  -43.064  -43.064  -43.064  -43.063  -43.060  -43.060
  -43.059  -43.059  -43.054  -43.053  -43.052  -43.052  -43.052  -43.052  -43.051  -43.051
  -43.035  -43.035  -43.034  -43.034  -43.031  -43.031  -43.031  -43.031  -43.030  -43.030
  -43.026  -43.026  -43.023  -43.023  -43.022  -43.022  -43.022  -43.022  -43.022  -43.022
  -43.020  -43.020  -43.018  -43.018  -43.017  -43.017  -43.011  -43.011  -43.009  -43.009
  -42.958  -42.958  -42.957  -42.957  -42.921  -42.921  -42.917  -42.917  -42.906  -42.906
  -17.034  -17.030  -17.026  -17.024  -17.019  -17.017  -17.015  -17.013  -17.013  -17.013
  -17.012  -17.010  -17.008  -17.008  -17.004  -17.004  -16.995  -16.995  -16.994  -16.993
  -16.991  -16.988  -16.988  -16.988  -16.986  -16.982  -16.982  -16.981  -16.981  -16.979
  -16.979  -16.975  -16.975  -16.972  -16.972  -16.970  -16.970  -16.961  -16.961  -16.960
  -16.960  -16.955  -16.955  -16.955  -16.954  -16.952  -16.948  -16.948  -16.948  -16.947
  -16.941  -16.941  -16.928  -16.928  -16.923  -16.923  -16.921  -16.921  -16.915  -16.915
   -9.308   -9.266   -9.208   -9.142   -9.081   -9.056   -8.305   -8.228   -8.139   -8.059
   -8.000   -7.975   -2.876   -2.780   -2.633   -2.445   -2.241   -2.090   -1.148   -0.976
   -0.833   -0.736   -0.674   -0.659   -0.253   -0.088    0.164    0.451    0.723    1.009
    1.084    1.282    1.282    1.335    1.379    1.412    1.413    1.503    1.516    1.532
    1.591    1.642    2.353    2.392    2.393    2.459    2.484    2.563    2.579    2.689
    2.774    2.814    2.818    3.167    3.573    3.683    3.814    3.931    4.017    4.029
    5.281    5.602    6.126    6.613    6.727    6.739    6.802    6.860    6.914    6.949
    6.974    7.158    7.166    7.329    7.482    7.706    7.717    7.810    7.881    7.923
    7.954    8.145    8.232    8.372    8.436    8.587    8.720    8.956    9.016    9.063
    9.169    9.199    9.283    9.327    9.505    9.542    9.765    9.931    9.947   10.027
   10.092   10.169   10.315   10.384   10.570   10.865   11.016   11.051   11.175   11.200
   11.389   11.433   11.453   11.644   11.808   11.859   12.050   12.144   12.177   12.190
   12.332   12.410   12.435   12.521   12.590   12.606   12.736   12.752   12.814   12.883
