 &plot nbnd= 200, nks=    61 /
            0.000000  0.000000  0.000000
  -18.450  -18.443  -18.430  -18.428  -18.421  -18.421  -18.420  -18.417  -18.413  -18.412
  -18.406  -18.406  -18.400  -18.399  -18.397  -18.397  -18.390  -18.389  -18.389  -18.382
  -18.381  -18.377  -18.376  -18.376  -18.375  -18.362  -18.361  -18.357  -18.355  -18.348
  -18.347  -18.347  -18.339  -18.339  -18.335  -18.335  -18.328  -18.327  -18.324  -18.324
  -10.832  -10.758  -10.670  -10.620   -9.574   -9.451   -9.338   -9.276   -4.346   -4.158
   -3.886   -3.638   -2.331   -2.004   -1.848   -1.800   -1.774   -1.566   -1.188   -0.777
   -0.631   -0.410   -0.346   -0.326   -0.268   -0.223   -0.197   -0.156    0.694    0.727
    0.771    0.818    0.932    0.983    0.997    1.432    2.061    2.265    2.432    2.497
    4.037    4.519    5.204    5.440    5.481    5.523    5.604    5.843    5.886    6.090
    6.350    6.632    6.668    6.835    6.870    6.973    7.141    7.449    7.480    7.649
    7.880    8.090    8.126    8.193    8.479    8.660    8.800    8.954    8.993    9.050
    9.433    9.579    9.889   10.023   10.110   10.221   10.398   10.500   10.690   10.772
   10.779   10.965   11.126   11.189   11.477   11.484   11.532   11.593   11.628   11.656
   11.907   11.929   12.033   12.055   12.559   12.821   12.834   12.965   13.198   13.354
   13.471   13.505   13.529   13.630   13.652   13.829   13.830   13.873   13.960   14.087
   14.236   14.360   14.607   14.659   14.697   14.913   15.060   15.252   15.273   15.411
   15.483   15.568   15.624   15.846   15.932   15.997   16.026   16.069   16.190   16.371
   16.521   16.532   16.661   16.714   16.773   16.915   16.927   17.008   17.010   17.217
   17.217   17.370   17.517   17.798   18.071   18.074   18.129   18.135   18.250   18.258
   18.540   18.604   18.801   18.859   19.146   19.222   19.390   19.456   19.479   19.549
            0.025000  0.000000  0.000000
  -18.450  -18.443  -18.430  -18.427  -18.421  -18.421  -18.420  -18.417  -18.413  -18.412
  -18.406  -18.406  -18.400  -18.399  -18.397  -18.397  -18.390  -18.389  -18.389  -18.382
  -18.381  -18.377  -18.376  -18.376  -18.375  -18.362  -18.361  -18.357  -18.355  -18.348
  -18.347  -18.347  -18.339  -18.339  -18.335  -18.335  -18.328  -18.328  -18.324  -18.324
  -10.829  -10.754  -10.666  -10.616   -9.572   -9.450   -9.336   -9.275   -4.349   -4.161
   -3.890   -3.644   -2.334   -2.014   -1.862   -1.817   -1.777   -1.564   -1.184   -0.773
   -0.628   -0.437   -0.343   -0.323   -0.275   -0.215   -0.182   -0.162    0.692    0.727
    0.771    0.810    0.932    0.984    1.006    1.443    2.062    2.267    2.432    2.495
    4.042    4.523    5.209    5.455    5.497    5.538    5.621    5.850    5.895    6.069
    6.333    6.606    6.670    6.802    6.876    6.958    7.113    7.415    7.472    7.670
    7.905    8.062    8.146    8.214    8.453    8.659    8.779    8.960    8.966    9.053
    9.428    9.579    9.871    9.985   10.075   10.171   10.332   10.441   10.685   10.708
   10.872   10.947   11.147   11.151   11.489   11.505   11.611   11.612   11.640   11.659
   11.942   11.966   12.080   12.090   12.584   12.827   12.856   12.990   13.209   13.353
   13.437   13.553   13.604   13.634   13.698   13.793   13.878   13.931   13.962   14.093
   14.262   14.357   14.602   14.659   14.751   14.917   14.988   15.148   15.315   15.353
   15.443   15.528   15.744   15.813   15.857   16.013   16.021   16.087   16.170   16.311
   16.418   16.558   16.623   16.702   16.773   16.852   16.938   17.049   17.115   17.133
   17.388   17.548   17.557   17.743   17.975   18.061   18.075   18.121   18.257   18.293
   18.589   18.764   18.781   19.052   19.159   19.227   19.236   19.337   19.517   19.548
            0.050000  0.000000  0.000000
  -18.449  -18.443  -18.429  -18.427  -18.421  -18.421  -18.420  -18.418  -18.413  -18.412
  -18.405  -18.405  -18.400  -18.399  -18.397  -18.397  -18.390  -18.389  -18.389  -18.382
  -18.382  -18.377  -18.376  -18.376  -18.375  -18.362  -18.361  -18.357  -18.355  -18.348
  -18.347  -18.347  -18.339  -18.339  -18.335  -18.335  -18.328  -18.328  -18.323  -18.323
  -10.817  -10.743  -10.655  -10.605   -9.566   -9.445   -9.333   -9.273   -4.360   -4.173
   -3.904   -3.661   -2.342   -2.044   -1.904   -1.869   -1.785   -1.558   -1.172   -0.762
   -0.617   -0.484   -0.379   -0.311   -0.269   -0.196   -0.180   -0.149    0.688    0.728
    0.772    0.792    0.934    0.973    1.043    1.477    2.066    2.273    2.432    2.491
    4.056    4.537    5.223    5.496    5.545    5.581    5.672    5.867    5.922    6.004
    6.275    6.544    6.667    6.729    6.891    6.892    7.082    7.288    7.501    7.705
    7.952    7.990    8.194    8.261    8.386    8.642    8.737    8.895    8.977    9.052
    9.410    9.575    9.816    9.872    9.986   10.039   10.180   10.328   10.598   10.698
   10.945   10.947   11.108   11.153   11.525   11.567   11.645   11.679   11.722   11.768
   11.973   12.113   12.145   12.237   12.661   12.861   12.919   13.065   13.244   13.392
   13.422   13.589   13.718   13.720   13.756   13.818   13.969   14.010   14.019   14.117
   14.336   14.367   14.589   14.660   14.763   14.884   14.933   14.994   15.308   15.401
   15.409   15.444   15.632   15.685   15.774   15.902   16.051   16.110   16.184   16.362
   16.376   16.415   16.559   16.597   16.738   16.932   16.972   17.096   17.225   17.330
   17.459   17.623   17.671   17.685   17.865   18.051   18.072   18.259   18.398   18.402
   18.548   18.874   18.970   18.984   19.135   19.245   19.293   19.380   19.451   19.571
            0.075000  0.000000  0.000000
  -18.448  -18.442  -18.428  -18.426  -18.421  -18.420  -18.420  -18.418  -18.413  -18.412
  -18.404  -18.404  -18.400  -18.399  -18.397  -18.397  -18.391  -18.390  -18.390  -18.382
  -18.382  -18.377  -18.376  -18.375  -18.375  -18.363  -18.360  -18.357  -18.355  -18.349
  -18.347  -18.347  -18.340  -18.339  -18.335  -18.335  -18.329  -18.328  -18.323  -18.323
  -10.797  -10.724  -10.637  -10.587   -9.557   -9.437   -9.327   -9.268   -4.378   -4.192
   -3.927   -3.690   -2.360   -2.097   -1.975   -1.951   -1.793   -1.545   -1.152   -0.744
   -0.600   -0.531   -0.421   -0.333   -0.232   -0.208   -0.173   -0.113    0.682    0.725
    0.771    0.780    0.941    0.954    1.093    1.527    2.071    2.282    2.430    2.482
    4.081    4.558    5.242    5.553    5.616    5.637    5.747    5.841    5.949    5.960
    6.166    6.473    6.625    6.653    6.804    6.917    7.087    7.128    7.539    7.698
    7.920    7.986    8.247    8.267    8.347    8.573    8.720    8.795    9.009    9.040
    9.372    9.550    9.708    9.715    9.857    9.870   10.025   10.203   10.495   10.668
   10.924   10.968   11.138   11.169   11.516   11.618   11.746   11.765   11.873   11.936
   12.010   12.209   12.315   12.432   12.795   12.954   13.017   13.192   13.310   13.451
   13.480   13.598   13.692   13.758   13.931   13.976   14.043   14.075   14.100   14.238
   14.416   14.425   14.496   14.589   14.756   14.864   14.974   15.016   15.226   15.252
   15.310   15.408   15.506   15.617   15.751   15.768   16.016   16.070   16.212   16.248
   16.252   16.284   16.664   16.770   16.875   16.899   16.995   17.081   17.224   17.360
   17.515   17.545   17.583   18.014   18.023   18.076   18.100   18.485   18.532   18.574
   18.581   18.719   18.849   19.126   19.171   19.260   19.275   19.479   19.589   19.668
            0.100000  0.000000  0.000000
  -18.447  -18.441  -18.427  -18.425  -18.421  -18.420  -18.419  -18.419  -18.414  -18.413
  -18.403  -18.403  -18.400  -18.399  -18.398  -18.397  -18.391  -18.390  -18.390  -18.382
  -18.382  -18.378  -18.376  -18.375  -18.375  -18.363  -18.360  -18.357  -18.355  -18.349
  -18.347  -18.346  -18.340  -18.340  -18.334  -18.334  -18.329  -18.329  -18.323  -18.323
  -10.770  -10.697  -10.611  -10.562   -9.545   -9.427   -9.319   -9.262   -4.402   -4.219
   -3.959   -3.730   -2.392   -2.174   -2.072   -2.060   -1.797   -1.524   -1.124   -0.719
   -0.578   -0.576   -0.459   -0.361   -0.240   -0.193   -0.146   -0.075    0.679    0.715
    0.767    0.779    0.933    0.956    1.150    1.590    2.076    2.292    2.426    2.467
    4.114    4.588    5.262    5.580    5.626    5.687    5.796    5.824    5.981    6.003
    6.032    6.397    6.507    6.591    6.781    6.929    6.987    7.111    7.582    7.602
    7.905    7.961    8.215    8.282    8.378    8.469    8.678    8.731    9.024    9.056
    9.315    9.437    9.568    9.575    9.696    9.713    9.930   10.073   10.377   10.656
   10.832   10.977   11.224   11.240   11.449   11.659   11.892   11.913   11.991   12.103
   12.106   12.287   12.514   12.648   12.968   13.123   13.133   13.363   13.396   13.509
   13.578   13.597   13.675   13.760   13.978   13.983   14.045   14.181   14.353   14.409
   14.443   14.445   14.551   14.693   14.745   14.844   14.942   15.033   15.079   15.146
   15.226   15.432   15.433   15.526   15.687   15.696   15.932   16.072   16.102   16.212
   16.259   16.323   16.690   16.804   16.858   16.866   17.108   17.143   17.288   17.289
   17.500   17.615   17.646   18.039   18.100   18.191   18.350   18.490   18.498   18.546
   18.776   18.887   18.997   19.098   19.231   19.275   19.365   19.474   19.571   19.703
            0.125000  0.000000  0.000000
  -18.445  -18.440  -18.426  -18.424  -18.422  -18.420  -18.418  -18.418  -18.414  -18.414
  -18.402  -18.402  -18.400  -18.400  -18.397  -18.397  -18.392  -18.391  -18.391  -18.382
  -18.382  -18.378  -18.376  -18.374  -18.374  -18.363  -18.360  -18.358  -18.355  -18.350
  -18.347  -18.346  -18.340  -18.340  -18.334  -18.334  -18.329  -18.329  -18.323  -18.323
  -10.736  -10.663  -10.578  -10.530   -9.530   -9.415   -9.310   -9.256   -4.433   -4.253
   -4.000   -3.780   -2.441   -2.275   -2.191   -2.189   -1.792   -1.495   -1.087   -0.690
   -0.613   -0.559   -0.486   -0.389   -0.273   -0.154   -0.113   -0.037    0.678    0.704
    0.762    0.782    0.918    0.979    1.211    1.658    2.081    2.305    2.418    2.446
    4.156    4.624    5.273    5.392    5.643    5.675    5.843    5.861    5.987    6.019
    6.057    6.312    6.390    6.536    6.791    6.801    7.012    7.146    7.462    7.627
    7.859    7.913    8.199    8.270    8.374    8.390    8.562    8.760    9.007    9.105
    9.242    9.242    9.410    9.488    9.566    9.599    9.894    9.947   10.257   10.645
   10.731   11.000   11.291   11.334   11.387   11.709   12.010   12.013   12.122   12.259
   12.303   12.393   12.697   12.858   13.136   13.233   13.353   13.482   13.493   13.553
   13.570   13.628   13.688   13.768   13.898   13.950   14.042   14.354   14.469   14.480
   14.543   14.623   14.668   14.752   14.769   14.885   14.963   14.984   15.159   15.160
   15.198   15.224   15.307   15.531   15.726   15.807   15.832   15.963   16.021   16.202
   16.350   16.402   16.695   16.744   16.804   16.877   17.076   17.157   17.408   17.502
   17.504   17.624   17.759   18.013   18.131   18.202   18.274   18.478   18.634   18.709
   18.926   18.940   19.076   19.216   19.293   19.382   19.394   19.544   19.580   19.772
            0.150000  0.000000  0.000000
  -18.444  -18.439  -18.424  -18.424  -18.422  -18.421  -18.417  -18.417  -18.415  -18.414
  -18.401  -18.401  -18.401  -18.401  -18.397  -18.396  -18.392  -18.392  -18.391  -18.383
  -18.382  -18.378  -18.377  -18.374  -18.374  -18.363  -18.360  -18.358  -18.354  -18.350
  -18.348  -18.346  -18.341  -18.341  -18.334  -18.334  -18.330  -18.330  -18.322  -18.322
  -10.694  -10.622  -10.538  -10.491   -9.513   -9.401   -9.300   -9.249   -4.470   -4.293
   -4.048   -3.838   -2.511   -2.403   -2.329   -2.328   -1.775   -1.456   -1.043   -0.668
   -0.629   -0.559   -0.485   -0.412   -0.297   -0.113   -0.076    0.004    0.680    0.695
    0.756    0.782    0.915    1.011    1.272    1.727    2.083    2.318    2.407    2.418
    4.206    4.663    5.155    5.245    5.551    5.608    5.829    5.918    6.008    6.010
    6.125    6.274    6.294    6.495    6.681    6.813    7.070    7.175    7.334    7.668
    7.727    7.909    8.186    8.186    8.329    8.352    8.473    8.799    8.958    9.072
    9.075    9.187    9.339    9.407    9.537    9.550    9.837    9.887   10.151   10.556
   10.721   11.032   11.219   11.425   11.457   11.762   12.033   12.098   12.363   12.382
   12.507   12.545   12.844   12.961   13.225   13.281   13.400   13.485   13.516   13.571
   13.637   13.661   13.811   13.888   13.939   13.979   14.079   14.133   14.546   14.561
   14.673   14.751   14.759   14.786   14.947   15.002   15.085   15.104   15.137   15.177
   15.213   15.268   15.322   15.604   15.675   15.733   15.905   15.938   16.024   16.142
   16.420   16.514   16.652   16.748   16.789   16.969   17.096   17.221   17.374   17.484
   17.525   17.690   17.985   18.054   18.087   18.149   18.366   18.539   18.667   18.757
   18.760   19.072   19.126   19.241   19.340   19.392   19.595   19.596   19.734   19.853
            0.175000  0.000000  0.000000
  -18.442  -18.438  -18.424  -18.423  -18.421  -18.420  -18.417  -18.417  -18.414  -18.414
  -18.402  -18.402  -18.400  -18.400  -18.396  -18.396  -18.393  -18.392  -18.392  -18.383
  -18.383  -18.378  -18.377  -18.373  -18.373  -18.364  -18.360  -18.358  -18.354  -18.351
  -18.348  -18.346  -18.341  -18.341  -18.333  -18.333  -18.330  -18.329  -18.322  -18.322
  -10.646  -10.575  -10.491  -10.446   -9.495   -9.387   -9.290   -9.243   -4.512   -4.339
   -4.102   -3.903   -2.602   -2.557   -2.478   -2.473   -1.745   -1.409   -0.992   -0.678
   -0.601   -0.573   -0.468   -0.428   -0.303   -0.069   -0.035    0.047    0.685    0.690
    0.753    0.777    0.928    1.049    1.332    1.791    2.083    2.329    2.387    2.391
    4.263    4.696    4.920    5.122    5.473    5.495    5.758    5.927    5.970    5.997
    6.179    6.196    6.291    6.475    6.596    6.849    7.118    7.140    7.312    7.565
    7.727    7.867    8.093    8.146    8.246    8.287    8.428    8.833    8.866    8.981
    8.988    9.122    9.420    9.428    9.569    9.578    9.757    9.887   10.072   10.448
   10.752   11.033   11.168   11.506   11.535   11.809   12.076   12.159   12.472   12.616
   12.689   12.711   12.823   12.922   13.104   13.286   13.391   13.462   13.520   13.614
   13.686   13.782   13.879   13.992   14.019   14.025   14.178   14.197   14.528   14.609
   14.635   14.688   14.838   14.974   15.075   15.153   15.169   15.213   15.289   15.317
   15.409   15.434   15.439   15.614   15.615   15.751   15.922   15.950   16.138   16.196
   16.486   16.530   16.557   16.834   16.879   17.138   17.167   17.190   17.400   17.410
   17.497   17.737   18.022   18.062   18.245   18.298   18.414   18.493   18.603   18.740
   18.868   18.917   19.164   19.367   19.380   19.417   19.426   19.812   19.889   19.973
            0.200000  0.000000  0.000000
  -18.440  -18.437  -18.425  -18.424  -18.420  -18.418  -18.417  -18.417  -18.413  -18.413
  -18.403  -18.403  -18.399  -18.399  -18.395  -18.395  -18.393  -18.393  -18.392  -18.384
  -18.383  -18.378  -18.377  -18.373  -18.372  -18.365  -18.359  -18.358  -18.354  -18.352
  -18.348  -18.346  -18.342  -18.342  -18.334  -18.334  -18.329  -18.329  -18.321  -18.321
  -10.590  -10.521  -10.439  -10.395   -9.476   -9.373   -9.281   -9.238   -4.558   -4.389
   -4.161   -3.973   -2.730   -2.718   -2.634   -2.622   -1.701   -1.353   -0.933   -0.688
   -0.584   -0.563   -0.459   -0.430   -0.280   -0.021    0.008    0.092    0.687    0.691
    0.754    0.767    0.953    1.092    1.389    1.844    2.078    2.317    2.372    2.374
    4.325    4.612    4.804    4.934    5.334    5.427    5.661    5.874    5.917    5.936
    6.102    6.192    6.299    6.440    6.549    6.888    7.009    7.218    7.370    7.418
    7.762    7.764    8.029    8.057    8.104    8.219    8.399    8.852    8.864    8.943
    8.956    9.090    9.516    9.578    9.618    9.677    9.759    9.893   10.030   10.360
   10.793   10.976   11.203   11.572   11.585   11.849   12.144   12.193   12.515   12.541
   12.795   12.807   12.899   12.953   13.028   13.063   13.365   13.414   13.474   13.603
   13.785   13.896   13.991   14.020   14.035   14.161   14.335   14.388   14.486   14.658
   14.690   14.758   14.845   15.054   15.091   15.165   15.304   15.336   15.443   15.526
   15.566   15.654   15.668   15.740   15.740   15.920   15.941   16.008   16.140   16.264
   16.505   16.568   16.701   16.898   16.930   17.145   17.216   17.245   17.455   17.460
   17.676   17.705   17.920   18.076   18.367   18.392   18.497   18.506   18.525   18.671
   18.995   19.011   19.157   19.251   19.396   19.430   19.560   19.730   19.733   19.855
            0.225000  0.000000  0.000000
  -18.439  -18.436  -18.427  -18.426  -18.418  -18.417  -18.417  -18.416  -18.413  -18.413
  -18.404  -18.404  -18.398  -18.398  -18.395  -18.394  -18.392  -18.392  -18.391  -18.384
  -18.383  -18.378  -18.377  -18.372  -18.372  -18.366  -18.359  -18.359  -18.354  -18.352
  -18.348  -18.345  -18.343  -18.343  -18.334  -18.334  -18.328  -18.328  -18.321  -18.321
  -10.529  -10.461  -10.381  -10.339   -9.458   -9.360   -9.274   -9.236   -4.606   -4.441
   -4.222   -4.044   -2.913   -2.860   -2.785   -2.776   -1.644   -1.290   -0.867   -0.689
   -0.587   -0.531   -0.455   -0.411   -0.231    0.029    0.054    0.141    0.685    0.696
    0.758    0.760    0.988    1.137    1.441    1.880    2.066    2.273    2.349    2.392
    4.387    4.396    4.740    4.819    5.171    5.327    5.604    5.768    5.832    5.841
    6.020    6.152    6.274    6.369    6.515    6.864    6.959    7.260    7.315    7.436
    7.601    7.774    7.871    7.976    8.007    8.131    8.383    8.939    8.947    8.974
    9.008    9.112    9.590    9.632    9.809    9.820    9.886    9.922   10.041   10.300
   10.845   10.920   11.266   11.609   11.619   11.887   12.177   12.225   12.292   12.448
   12.726   12.787   12.893   12.913   13.072   13.142   13.227   13.363   13.380   13.660
   13.915   13.965   14.013   14.061   14.089   14.243   14.465   14.512   14.622   14.711
   14.778   14.850   14.897   15.052   15.112   15.199   15.358   15.433   15.594   15.751
   15.782   15.830   15.908   15.908   15.977   16.062   16.069   16.116   16.140   16.402
   16.535   16.733   16.836   16.847   17.033   17.135   17.342   17.344   17.507   17.614
   17.654   17.840   17.897   18.112   18.252   18.324   18.483   18.577   18.687   18.814
   18.961   19.153   19.171   19.228   19.345   19.405   19.636   19.699   19.705   19.749
            0.250000  0.000000  0.000000
  -18.437  -18.436  -18.428  -18.427  -18.418  -18.417  -18.415  -18.415  -18.412  -18.412
  -18.405  -18.405  -18.397  -18.397  -18.395  -18.393  -18.392  -18.391  -18.390  -18.385
  -18.384  -18.378  -18.378  -18.371  -18.371  -18.367  -18.359  -18.359  -18.354  -18.353
  -18.348  -18.345  -18.343  -18.343  -18.334  -18.334  -18.328  -18.328  -18.321  -18.321
  -10.462  -10.395  -10.317  -10.277   -9.441   -9.350   -9.270   -9.237   -4.654   -4.493
   -4.282   -4.115   -3.101   -3.024   -2.936   -2.929   -1.577   -1.219   -0.796   -0.680
   -0.580   -0.507   -0.450   -0.369   -0.165    0.077    0.106    0.191    0.682    0.697
    0.751    0.770    1.029    1.184    1.487    1.897    2.046    2.220    2.324    2.414
    4.186    4.411    4.598    4.793    5.068    5.175    5.572    5.626    5.722    5.740
    5.935    6.072    6.217    6.276    6.453    6.777    6.961    7.118    7.396    7.405
    7.486    7.621    7.779    7.905    7.926    8.052    8.393    9.020    9.109    9.113
    9.176    9.189    9.602    9.716    9.914   10.036   10.041   10.072   10.159   10.286
   10.886   10.913   11.334   11.612   11.626   11.923   12.070   12.081   12.301   12.342
   12.455   12.785   12.835   12.844   12.946   13.057   13.348   13.355   13.482   13.686
   13.883   13.916   14.063   14.114   14.249   14.325   14.459   14.611   14.771   14.815
   14.845   14.944   15.002   15.125   15.162   15.331   15.354   15.510   15.599   15.928
   15.934   15.998   16.054   16.126   16.204   16.256   16.262   16.302   16.333   16.468
   16.669   16.842   16.923   17.012   17.160   17.185   17.358   17.518   17.539   17.693
   17.701   17.846   18.027   18.158   18.257   18.274   18.541   18.610   18.684   18.949
   19.007   19.158   19.171   19.252   19.374   19.396   19.444   19.661   19.705   19.743
            0.275000  0.000000  0.000000
  -18.436  -18.436  -18.429  -18.429  -18.417  -18.416  -18.414  -18.413  -18.412  -18.412
  -18.406  -18.406  -18.397  -18.397  -18.395  -18.393  -18.391  -18.390  -18.389  -18.385
  -18.384  -18.379  -18.378  -18.371  -18.370  -18.368  -18.359  -18.359  -18.355  -18.354
  -18.348  -18.345  -18.344  -18.344  -18.334  -18.334  -18.327  -18.327  -18.320  -18.320
  -10.390  -10.325  -10.249  -10.212   -9.428   -9.343   -9.270   -9.243   -4.700   -4.543
   -4.339   -4.180   -3.289   -3.197   -3.098   -3.072   -1.500   -1.141   -0.720   -0.661
   -0.563   -0.484   -0.437   -0.314   -0.089    0.119    0.165    0.241    0.674    0.695
    0.745    0.783    1.076    1.229    1.525    1.896    2.019    2.166    2.296    2.428
    4.007    4.313    4.604    4.682    5.011    5.061    5.465    5.499    5.611    5.668
    5.830    5.972    6.137    6.175    6.362    6.695    6.945    6.962    7.192    7.386
    7.476    7.504    7.725    7.800    7.874    8.015    8.430    9.107    9.240    9.311
    9.396    9.435    9.673    9.782    9.937   10.180   10.244   10.308   10.359   10.393
   10.878   11.007   11.384   11.546   11.601   11.898   11.937   11.971   12.209   12.224
   12.414   12.567   12.656   12.805   12.904   13.071   13.331   13.360   13.606   13.712
   13.856   13.943   14.062   14.125   14.290   14.441   14.474   14.707   14.877   14.934
   14.955   14.972   15.109   15.113   15.335   15.347   15.441   15.526   15.750   16.014
   16.050   16.060   16.198   16.251   16.300   16.504   16.519   16.579   16.605   16.640
   16.803   16.894   17.152   17.166   17.278   17.288   17.319   17.634   17.711   17.734
   17.771   17.913   18.048   18.147   18.349   18.389   18.559   18.576   18.766   18.903
   18.980   19.139   19.162   19.243   19.256   19.371   19.390   19.515   19.520   19.640
            0.300000  0.000000  0.000000
  -18.437  -18.436  -18.430  -18.430  -18.417  -18.415  -18.414  -18.413  -18.411  -18.410
  -18.407  -18.407  -18.397  -18.397  -18.394  -18.392  -18.390  -18.389  -18.388  -18.385
  -18.384  -18.379  -18.378  -18.370  -18.369  -18.369  -18.359  -18.359  -18.355  -18.355
  -18.348  -18.345  -18.345  -18.344  -18.334  -18.334  -18.326  -18.326  -18.320  -18.320
  -10.313  -10.250  -10.178  -10.143   -9.418   -9.341   -9.275   -9.254   -4.741   -4.587
   -4.390   -4.239   -3.474   -3.372   -3.260   -3.218   -1.414   -1.057   -0.640   -0.635
   -0.538   -0.455   -0.413   -0.254   -0.006    0.153    0.227    0.289    0.660    0.689
    0.741    0.797    1.126    1.272    1.555    1.880    1.985    2.112    2.261    2.421
    3.872    4.187    4.545    4.664    4.855    5.081    5.302    5.381    5.518    5.610
    5.710    5.865    6.038    6.083    6.262    6.615    6.800    6.906    6.983    7.155
    7.484    7.488    7.669    7.701    7.850    8.032    8.491    9.183    9.340    9.515
    9.678    9.745    9.848    9.893    9.971   10.233   10.469   10.548   10.552   10.616
   10.924   11.120   11.361   11.408   11.613   11.703   11.900   11.924   12.086   12.157
   12.320   12.413   12.536   12.690   12.955   13.135   13.219   13.293   13.646   13.744
   13.919   13.972   14.092   14.109   14.224   14.532   14.642   14.786   14.815   14.949
   14.995   15.032   15.147   15.188   15.455   15.502   15.577   15.660   15.874   15.899
   16.053   16.180   16.312   16.392   16.420   16.701   16.761   16.820   16.850   16.856
   16.940   17.001   17.121   17.368   17.416   17.463   17.522   17.721   17.746   17.859
   17.907   18.011   18.017   18.180   18.323   18.508   18.554   18.693   18.732   18.742
   18.878   18.952   19.081   19.126   19.221   19.249   19.300   19.418   19.522   19.590
            0.325000  0.000000  0.000000
  -18.437  -18.436  -18.432  -18.431  -18.416  -18.415  -18.414  -18.412  -18.409  -18.409
  -18.408  -18.408  -18.397  -18.396  -18.393  -18.391  -18.389  -18.388  -18.386  -18.385
  -18.384  -18.379  -18.378  -18.371  -18.369  -18.368  -18.359  -18.359  -18.356  -18.356
  -18.347  -18.346  -18.345  -18.344  -18.334  -18.334  -18.325  -18.325  -18.319  -18.319
  -10.232  -10.173  -10.103  -10.071   -9.414   -9.346   -9.286   -9.272   -4.775   -4.623
   -4.431   -4.287   -3.655   -3.543   -3.420   -3.363   -1.321   -0.968   -0.604   -0.559
   -0.505   -0.420   -0.380   -0.194    0.082    0.180    0.291    0.332    0.639    0.678
    0.736    0.810    1.179    1.312    1.579    1.854    1.946    2.061    2.217    2.381
    3.794    4.089    4.420    4.671    4.766    5.049    5.166    5.250    5.472    5.533
    5.586    5.755    5.929    6.005    6.182    6.522    6.635    6.738    6.915    6.934
    7.406    7.434    7.525    7.714    7.882    8.092    8.569    9.255    9.416    9.641
    9.974   10.006   10.076   10.120   10.150   10.310   10.631   10.691   10.742   10.829
   11.080   11.139   11.277   11.420   11.482   11.659   11.841   11.867   12.044   12.075
   12.105   12.358   12.480   12.716   12.899   13.118   13.207   13.220   13.649   13.747
   13.895   14.089   14.099   14.150   14.255   14.547   14.620   14.738   14.828   14.979
   14.982   15.144   15.273   15.298   15.549   15.609   15.713   15.795   15.843   16.003
   16.043   16.127   16.427   16.447   16.633   16.648   16.843   16.920   17.028   17.108
   17.204   17.216   17.298   17.391   17.496   17.683   17.769   17.775   17.807   17.907
   18.004   18.104   18.123   18.185   18.362   18.430   18.486   18.509   18.634   18.696
   18.752   18.886   18.945   19.138   19.156   19.203   19.228   19.365   19.432   19.452
            0.350000  0.000000  0.000000
  -18.438  -18.436  -18.433  -18.432  -18.416  -18.416  -18.414  -18.411  -18.409  -18.409
  -18.408  -18.407  -18.397  -18.396  -18.392  -18.390  -18.389  -18.387  -18.385  -18.385
  -18.384  -18.379  -18.378  -18.372  -18.368  -18.368  -18.359  -18.359  -18.357  -18.357
  -18.347  -18.346  -18.346  -18.343  -18.334  -18.334  -18.324  -18.323  -18.319  -18.319
  -10.149  -10.092  -10.026   -9.997   -9.417   -9.358   -9.305   -9.296   -4.798   -4.648
   -4.461   -4.322   -3.828   -3.708   -3.576   -3.506   -1.223   -0.875   -0.571   -0.478
   -0.465   -0.379   -0.339   -0.138    0.173    0.198    0.354    0.368    0.609    0.663
    0.731    0.819    1.234    1.347    1.597    1.824    1.906    2.011    2.158    2.305
    3.775    4.031    4.318    4.554    4.801    4.920    5.085    5.115    5.455    5.466
    5.486    5.642    5.822    5.925    6.142    6.410    6.476    6.533    6.734    6.915
    7.294    7.350    7.389    7.685    7.985    8.180    8.662    9.321    9.492    9.703
   10.075   10.191   10.399   10.435   10.484   10.488   10.618   10.786   10.858   10.966
   11.135   11.228   11.320   11.324   11.564   11.585   11.825   11.842   11.894   11.974
   12.130   12.314   12.543   12.705   12.814   13.066   13.125   13.304   13.612   13.767
   13.908   14.107   14.141   14.230   14.314   14.466   14.555   14.627   14.891   14.987
   15.086   15.245   15.340   15.444   15.596   15.649   15.802   15.854   15.882   15.963
   16.077   16.219   16.387   16.428   16.644   16.850   16.861   16.894   17.080   17.311
   17.316   17.428   17.467   17.552   17.568   17.614   17.776   17.824   18.001   18.084
   18.087   18.128   18.187   18.209   18.285   18.338   18.350   18.377   18.504   18.650
   18.715   18.921   18.944   19.038   19.056   19.194   19.233   19.307   19.316   19.407
            0.375000  0.000000  0.000000
  -18.438  -18.436  -18.434  -18.433  -18.417  -18.417  -18.413  -18.410  -18.409  -18.409
  -18.407  -18.406  -18.397  -18.396  -18.391  -18.389  -18.388  -18.387  -18.384  -18.384
  -18.383  -18.380  -18.378  -18.373  -18.367  -18.367  -18.359  -18.359  -18.358  -18.358
  -18.347  -18.347  -18.346  -18.343  -18.334  -18.334  -18.323  -18.323  -18.319  -18.319
  -10.063  -10.010   -9.948   -9.923   -9.427   -9.380   -9.331   -9.327   -4.809   -4.660
   -4.477   -4.342   -3.993   -3.866   -3.725   -3.643   -1.121   -0.780   -0.541   -0.428
   -0.395   -0.333   -0.290   -0.089    0.210    0.265    0.393    0.410    0.573    0.645
    0.725    0.824    1.292    1.380    1.612    1.797    1.869    1.961    2.086    2.201
    3.808    4.015    4.245    4.441    4.770    4.815    4.978    5.000    5.364    5.402
    5.535    5.539    5.728    5.846    6.110    6.284    6.338    6.346    6.573    6.930
    7.175    7.206    7.308    7.635    8.120    8.285    8.764    9.374    9.587    9.743
   10.154   10.263   10.520   10.584   10.706   10.768   10.847   10.876   10.937   11.021
   11.129   11.298   11.331   11.449   11.540   11.622   11.656   11.801   12.012   12.025
   12.214   12.317   12.558   12.662   12.897   12.979   13.073   13.378   13.583   13.776
   14.008   14.016   14.121   14.329   14.359   14.496   14.506   14.572   14.867   14.947
   15.191   15.317   15.438   15.540   15.631   15.702   15.723   15.750   15.956   15.985
   16.172   16.180   16.407   16.459   16.653   16.771   16.771   16.948   17.116   17.288
   17.357   17.414   17.442   17.615   17.620   17.643   17.883   17.921   17.947   17.968
   18.044   18.051   18.150   18.218   18.282   18.368   18.461   18.473   18.565   18.659
   18.812   18.814   18.891   18.904   19.073   19.107   19.132   19.427   19.463   19.500
            0.400000  0.000000  0.000000
  -18.439  -18.437  -18.435  -18.434  -18.417  -18.417  -18.412  -18.410  -18.410  -18.409
  -18.406  -18.405  -18.397  -18.396  -18.390  -18.388  -18.388  -18.387  -18.384  -18.384
  -18.382  -18.380  -18.378  -18.374  -18.366  -18.366  -18.359  -18.359  -18.359  -18.359
  -18.347  -18.347  -18.345  -18.343  -18.334  -18.334  -18.322  -18.322  -18.319  -18.319
   -9.977   -9.928   -9.871   -9.850   -9.447   -9.412   -9.365   -9.364   -4.804   -4.656
   -4.477   -4.346   -4.145   -4.013   -3.864   -3.774   -1.017   -0.686   -0.520   -0.391
   -0.321   -0.285   -0.238   -0.052    0.218    0.354    0.407    0.455    0.529    0.628
    0.719    0.822    1.352    1.412    1.623    1.776    1.837    1.909    2.001    2.084
    3.878    4.039    4.206    4.350    4.627    4.781    4.839    4.899    5.286    5.384
    5.459    5.588    5.661    5.782    6.039    6.149    6.195    6.231    6.481    6.936
    7.061    7.067    7.243    7.576    8.265    8.400    8.872    9.411    9.704    9.766
   10.201   10.242   10.433   10.555   10.807   10.865   10.972   11.061   11.188   11.198
   11.241   11.308   11.341   11.476   11.577   11.640   11.745   11.786   12.110   12.209
   12.211   12.367   12.624   12.675   12.966   12.967   13.124   13.409   13.513   13.835
   13.859   14.088   14.188   14.381   14.401   14.514   14.578   14.615   14.697   14.955
   15.272   15.307   15.395   15.514   15.580   15.648   15.815   15.861   15.869   16.042
   16.083   16.153   16.402   16.515   16.603   16.656   16.781   16.829   17.099   17.190
   17.215   17.324   17.418   17.496   17.541   17.709   17.728   17.745   17.906   17.925
   18.066   18.142   18.219   18.276   18.322   18.359   18.468   18.580   18.652   18.758
   18.776   18.812   18.928   18.948   19.140   19.196   19.307   19.544   19.581   19.620
            0.425000  0.000000  0.000000
  -18.439  -18.438  -18.436  -18.435  -18.418  -18.418  -18.411  -18.411  -18.410  -18.408
  -18.406  -18.405  -18.396  -18.396  -18.389  -18.387  -18.387  -18.387  -18.383  -18.383
  -18.382  -18.380  -18.378  -18.375  -18.366  -18.366  -18.360  -18.360  -18.359  -18.359
  -18.348  -18.347  -18.344  -18.343  -18.334  -18.334  -18.321  -18.321  -18.319  -18.319
   -9.891   -9.847   -9.795   -9.779   -9.476   -9.456   -9.405   -9.405   -4.783   -4.636
   -4.460   -4.334   -4.285   -4.148   -3.993   -3.895   -0.913   -0.595   -0.516   -0.362
   -0.255   -0.240   -0.185   -0.030    0.228    0.411    0.437    0.476    0.481    0.621
    0.717    0.812    1.417    1.449    1.631    1.763    1.813    1.854    1.912    1.968
    3.974    4.096    4.200    4.283    4.502    4.699    4.707    4.786    5.240    5.378
    5.416    5.593    5.645    5.744    5.934    6.033    6.083    6.147    6.464    6.859
    6.960    7.001    7.205    7.512    8.414    8.515    8.982    9.427    9.763    9.837
   10.055   10.333   10.385   10.522   10.791   10.817   10.903   11.022   11.225   11.286
   11.391   11.561   11.585   11.618   11.648   11.649   11.929   11.930   12.000   12.269
   12.358   12.503   12.664   12.798   12.870   13.137   13.321   13.369   13.435   13.662
   13.987   14.158   14.260   14.433   14.492   14.542   14.566   14.636   14.716   14.907
   15.060   15.251   15.337   15.435   15.616   15.647   15.708   15.874   15.878   16.069
   16.109   16.144   16.225   16.367   16.584   16.663   16.789   16.932   16.977   17.018
   17.090   17.137   17.243   17.414   17.458   17.486   17.649   17.706   17.898   17.925
   18.084   18.096   18.202   18.231   18.332   18.436   18.476   18.649   18.661   18.825
   18.893   19.008   19.087   19.090   19.302   19.337   19.433   19.492   19.539   19.597
            0.450000  0.000000  0.000000
  -18.440  -18.439  -18.436  -18.435  -18.419  -18.419  -18.411  -18.411  -18.409  -18.407
  -18.405  -18.404  -18.396  -18.396  -18.389  -18.388  -18.387  -18.386  -18.383  -18.383
  -18.381  -18.380  -18.378  -18.376  -18.365  -18.365  -18.360  -18.360  -18.359  -18.359
  -18.348  -18.348  -18.344  -18.342  -18.334  -18.333  -18.320  -18.320  -18.319  -18.319
   -9.806   -9.769   -9.723   -9.711   -9.515   -9.511   -9.451   -9.451   -4.745   -4.599
   -4.426   -4.411   -4.302   -4.270   -4.109   -4.005   -0.813   -0.535   -0.509   -0.348
   -0.204   -0.200   -0.136   -0.023    0.247    0.404    0.437    0.472    0.508    0.623
    0.721    0.794    1.485    1.494    1.640    1.744    1.784    1.801    1.835    1.869
    4.084    4.177    4.225    4.247    4.399    4.566    4.606    4.662    5.227    5.351
    5.416    5.573    5.631    5.732    5.828    5.940    6.034    6.096    6.482    6.734
    6.886    6.961    7.213    7.446    8.553    8.620    9.087    9.408    9.734    9.906
    9.986   10.364   10.457   10.464   10.672   10.797   10.822   10.928   11.123   11.352
   11.526   11.553   11.738   11.764   11.817   11.908   11.990   12.040   12.092   12.294
   12.509   12.640   12.737   12.853   12.946   13.251   13.284   13.325   13.490   13.679
   14.131   14.207   14.283   14.455   14.548   14.553   14.630   14.678   14.760   14.820
   14.870   15.076   15.212   15.404   15.554   15.578   15.670   15.749   15.835   16.032
   16.102   16.186   16.263   16.376   16.426   16.562   16.755   16.937   16.949   16.981
   17.058   17.075   17.173   17.225   17.254   17.322   17.505   17.698   17.833   17.918
   18.074   18.097   18.100   18.248   18.266   18.383   18.633   18.839   18.882   18.928
   18.936   19.022   19.172   19.195   19.195   19.275   19.534   19.622   19.671   19.725
            0.475000  0.000000  0.000000
  -18.440  -18.439  -18.436  -18.436  -18.419  -18.419  -18.412  -18.412  -18.408  -18.407
  -18.405  -18.404  -18.396  -18.396  -18.388  -18.388  -18.386  -18.386  -18.383  -18.383
  -18.381  -18.380  -18.378  -18.377  -18.365  -18.365  -18.361  -18.361  -18.359  -18.359
  -18.348  -18.348  -18.343  -18.343  -18.333  -18.333  -18.320  -18.320  -18.319  -18.319
   -9.725   -9.695   -9.659   -9.652   -9.575   -9.565   -9.498   -9.498   -4.689   -4.546
   -4.518   -4.392   -4.358   -4.257   -4.207   -4.102   -0.720   -0.576   -0.439   -0.354
   -0.172   -0.171   -0.093   -0.033    0.278    0.366    0.427    0.454    0.564    0.621
    0.734    0.773    1.551    1.556    1.652    1.696    1.718    1.755    1.810    1.814
    4.201    4.226    4.265    4.292    4.338    4.440    4.496    4.534    5.242    5.317
    5.434    5.533    5.627    5.736    5.749    5.856    6.048    6.079    6.508    6.624
    6.854    6.910    7.256    7.379    8.663    8.696    9.182    9.351    9.708    9.791
   10.147   10.403   10.436   10.492   10.557   10.713   10.738   10.921   11.089   11.399
   11.454   11.656   11.696   11.821   11.976   12.035   12.093   12.139   12.224   12.337
   12.645   12.724   12.847   12.950   12.998   13.164   13.209   13.301   13.588   13.947
   14.083   14.216   14.377   14.443   14.549   14.638   14.642   14.669   14.675   14.767
   14.904   14.906   15.106   15.272   15.510   15.531   15.668   15.694   15.720   15.974
   16.064   16.100   16.375   16.410   16.494   16.519   16.670   16.824   16.895   16.941
   16.990   17.022   17.045   17.168   17.340   17.358   17.444   17.621   17.727   17.762
   17.888   17.903   18.307   18.353   18.368   18.527   18.733   18.859   18.890   18.913
   18.936   19.002   19.088   19.096   19.336   19.356   19.738   19.757   19.845   19.857
            0.500000  0.000000  0.000000
  -18.439  -18.439  -18.436  -18.436  -18.419  -18.419  -18.412  -18.412  -18.408  -18.408
  -18.405  -18.405  -18.396  -18.396  -18.388  -18.388  -18.386  -18.386  -18.383  -18.383
  -18.381  -18.381  -18.377  -18.377  -18.364  -18.364  -18.361  -18.361  -18.359  -18.359
  -18.348  -18.348  -18.343  -18.343  -18.333  -18.333  -18.319  -18.319  -18.319  -18.319
   -9.649   -9.649   -9.631   -9.631   -9.615   -9.615   -9.526   -9.526   -4.614   -4.614
   -4.470   -4.470   -4.301   -4.301   -4.183   -4.183   -0.639   -0.639   -0.385   -0.385
   -0.161   -0.161   -0.058   -0.058    0.319    0.319    0.436    0.436    0.602    0.602
    0.752    0.752    1.616    1.616    1.630    1.630    1.707    1.707    1.805    1.805
    4.247    4.247    4.319    4.319    4.392    4.392    4.409    4.409    5.277    5.277
    5.475    5.475    5.667    5.667    5.791    5.791    6.070    6.070    6.549    6.549
    6.867    6.867    7.314    7.314    8.716    8.716    9.270    9.270    9.723    9.723
   10.317   10.317   10.433   10.433   10.617   10.617   10.800   10.800   11.232   11.232
   11.574   11.574   11.772   11.772   12.040   12.040   12.166   12.166   12.320   12.320
   12.735   12.735   12.939   12.939   13.092   13.092   13.195   13.195   13.851   13.851
   14.127   14.127   14.507   14.507   14.540   14.540   14.653   14.653   14.714   14.714
   14.844   14.844   15.173   15.173   15.528   15.528   15.598   15.598   15.843   15.843
   16.062   16.062   16.371   16.371   16.648   16.648   16.721   16.721   16.764   16.764
   16.987   16.987   17.088   17.089   17.463   17.464   17.500   17.501   17.674   17.674
   17.800   17.800   18.363   18.363   18.607   18.607   18.782   18.782   18.787   18.787
   19.006   19.006   19.020   19.020   19.576   19.576   19.633   19.633   19.830   19.830
            0.500000  0.021823  0.000000
  -18.440  -18.440  -18.436  -18.436  -18.419  -18.419  -18.412  -18.412  -18.408  -18.408
  -18.405  -18.405  -18.396  -18.396  -18.388  -18.388  -18.386  -18.386  -18.383  -18.383
  -18.381  -18.381  -18.377  -18.377  -18.364  -18.364  -18.361  -18.361  -18.359  -18.359
  -18.348  -18.348  -18.343  -18.343  -18.333  -18.333  -18.319  -18.319  -18.319  -18.319
   -9.648   -9.648   -9.630   -9.630   -9.614   -9.614   -9.525   -9.525   -4.611   -4.611
   -4.468   -4.468   -4.299   -4.299   -4.181   -4.181   -0.645   -0.645   -0.395   -0.395
   -0.175   -0.175   -0.072   -0.072    0.298    0.298    0.426    0.426    0.605    0.605
    0.754    0.754    1.607    1.607    1.625    1.625    1.714    1.714    1.807    1.807
    4.226    4.226    4.329    4.329    4.390    4.390    4.418    4.418    5.293    5.293
    5.499    5.499    5.701    5.701    5.831    5.831    6.079    6.079    6.555    6.555
    6.868    6.868    7.310    7.310    8.717    8.717    9.272    9.273    9.719    9.720
   10.232   10.232   10.408   10.408   10.709   10.709   10.797   10.797   11.218   11.218
   11.594   11.594   11.780   11.780   12.027   12.027   12.162   12.162   12.328   12.328
   12.743   12.743   12.923   12.923   13.107   13.107   13.228   13.228   13.852   13.852
   14.135   14.135   14.496   14.496   14.551   14.551   14.653   14.653   14.716   14.716
   14.847   14.847   15.165   15.165   15.510   15.510   15.564   15.564   15.837   15.837
   16.039   16.040   16.328   16.328   16.449   16.450   16.781   16.781   16.914   16.914
   17.010   17.010   17.080   17.080   17.371   17.371   17.516   17.516   17.801   17.802
   17.861   17.861   18.291   18.291   18.491   18.491   18.824   18.824   18.884   18.884
   18.998   18.998   19.037   19.037   19.480   19.480   19.651   19.651   19.834   19.834
            0.500000  0.043647  0.000000
  -18.440  -18.440  -18.436  -18.436  -18.419  -18.419  -18.412  -18.412  -18.408  -18.408
  -18.405  -18.405  -18.396  -18.396  -18.388  -18.388  -18.386  -18.386  -18.383  -18.383
  -18.381  -18.381  -18.377  -18.377  -18.364  -18.364  -18.361  -18.361  -18.359  -18.359
  -18.348  -18.348  -18.343  -18.343  -18.333  -18.333  -18.319  -18.319  -18.319  -18.319
   -9.645   -9.645   -9.627   -9.627   -9.611   -9.611   -9.522   -9.521   -4.603   -4.603
   -4.460   -4.460   -4.293   -4.293   -4.176   -4.176   -0.663   -0.663   -0.425   -0.425
   -0.217   -0.217   -0.112   -0.112    0.246    0.246    0.398    0.398    0.604    0.605
    0.757    0.757    1.572    1.572    1.616    1.616    1.725    1.725    1.818    1.819
    4.181    4.181    4.330    4.330    4.412    4.412    4.440    4.441    5.347    5.347
    5.568    5.568    5.791    5.791    5.936    5.937    6.112    6.112    6.576    6.576
    6.871    6.871    7.297    7.297    8.720    8.720    9.280    9.280    9.707    9.707
   10.094   10.094   10.345   10.345   10.769   10.769   10.892   10.892   11.173   11.173
   11.646   11.646   11.791   11.791   12.002   12.002   12.159   12.159   12.349   12.349
   12.761   12.761   12.900   12.900   13.148   13.148   13.307   13.307   13.855   13.855
   14.154   14.154   14.475   14.475   14.571   14.571   14.652   14.652   14.724   14.724
   14.855   14.855   15.135   15.135   15.389   15.390   15.574   15.574   15.784   15.784
   15.935   15.935   16.171   16.171   16.427   16.427   16.779   16.779   16.814   16.814
   17.060   17.061   17.271   17.271   17.329   17.329   17.555   17.555   17.931   17.931
   18.035   18.035   18.212   18.212   18.284   18.284   18.856   18.856   18.948   18.948
   19.015   19.015   19.111   19.111   19.345   19.345   19.626   19.626   19.813   19.813
            0.500000  0.065470  0.000000
  -18.440  -18.440  -18.436  -18.436  -18.419  -18.419  -18.412  -18.412  -18.408  -18.408
  -18.405  -18.405  -18.396  -18.396  -18.388  -18.388  -18.386  -18.386  -18.383  -18.383
  -18.381  -18.381  -18.377  -18.377  -18.364  -18.364  -18.361  -18.361  -18.359  -18.359
  -18.348  -18.348  -18.343  -18.343  -18.333  -18.333  -18.319  -18.319  -18.319  -18.319
   -9.639   -9.639   -9.621   -9.621   -9.606   -9.606   -9.516   -9.516   -4.589   -4.589
   -4.448   -4.448   -4.283   -4.283   -4.168   -4.168   -0.693   -0.693   -0.475   -0.475
   -0.283   -0.283   -0.177   -0.177    0.183    0.183    0.358    0.358    0.592    0.592
    0.752    0.752    1.514    1.514    1.596    1.596    1.732    1.732    1.845    1.845
    4.132    4.132    4.324    4.324    4.459    4.459    4.490    4.490    5.443    5.443
    5.672    5.672    5.909    5.909    6.073    6.073    6.189    6.189    6.613    6.613
    6.879    6.879    7.278    7.278    8.725    8.725    9.292    9.292    9.671    9.671
    9.981    9.981   10.258   10.258   10.764   10.764   11.035   11.035   11.117   11.117
   11.675   11.675   11.809   11.809   12.006   12.007   12.168   12.168   12.379   12.379
   12.774   12.774   12.900   12.900   13.215   13.215   13.406   13.406   13.860   13.860
   14.172   14.172   14.457   14.457   14.584   14.584   14.655   14.655   14.737   14.737
   14.868   14.868   15.068   15.068   15.257   15.257   15.547   15.547   15.672   15.672
   15.793   15.793   16.084   16.084   16.411   16.411   16.666   16.666   16.757   16.757
   17.068   17.068   17.294   17.294   17.466   17.466   17.723   17.723   17.925   17.925
   18.033   18.033   18.245   18.245   18.311   18.311   18.798   18.798   18.922   18.922
   19.022   19.022   19.164   19.164   19.324   19.324   19.587   19.587   19.786   19.786
            0.500000  0.087294  0.000000
  -18.440  -18.440  -18.437  -18.437  -18.420  -18.420  -18.412  -18.412  -18.408  -18.408
  -18.405  -18.405  -18.395  -18.395  -18.388  -18.388  -18.386  -18.386  -18.383  -18.383
  -18.381  -18.381  -18.377  -18.377  -18.364  -18.364  -18.360  -18.360  -18.359  -18.359
  -18.348  -18.348  -18.343  -18.343  -18.333  -18.333  -18.319  -18.319  -18.319  -18.319
   -9.632   -9.632   -9.614   -9.614   -9.599   -9.599   -9.509   -9.509   -4.570   -4.570
   -4.431   -4.431   -4.269   -4.269   -4.157   -4.157   -0.739   -0.739   -0.543   -0.543
   -0.369   -0.369   -0.258   -0.258    0.119    0.119    0.312    0.312    0.565    0.565
    0.733    0.733    1.436    1.436    1.559    1.559    1.731    1.731    1.879    1.879
    4.092    4.092    4.331    4.331    4.522    4.522    4.581    4.581    5.572    5.572
    5.795    5.795    6.025    6.025    6.206    6.206    6.339    6.339    6.673    6.673
    6.896    6.896    7.254    7.254    8.731    8.731    9.305    9.305    9.600    9.600
    9.921    9.921   10.163   10.163   10.757   10.757   11.014   11.014   11.160   11.160
   11.678   11.678   11.824   11.824   12.054   12.054   12.208   12.208   12.414   12.414
   12.789   12.789   12.928   12.928   13.300   13.300   13.515   13.515   13.867   13.867
   14.177   14.177   14.446   14.446   14.572   14.572   14.670   14.670   14.749   14.749
   14.883   14.883   14.963   14.963   15.137   15.137   15.443   15.443   15.507   15.508
   15.763   15.763   16.044   16.044   16.298   16.298   16.529   16.529   16.818   16.818
   16.990   16.990   17.323   17.323   17.507   17.507   17.777   17.777   17.889   17.889
   18.009   18.010   18.344   18.344   18.507   18.507   18.720   18.720   18.896   18.896
   18.983   18.983   19.146   19.146   19.326   19.326   19.633   19.633   19.768   19.768
            0.500000  0.109117  0.000000
  -18.441  -18.441  -18.437  -18.437  -18.420  -18.420  -18.413  -18.413  -18.408  -18.408
  -18.405  -18.405  -18.395  -18.395  -18.388  -18.387  -18.386  -18.386  -18.383  -18.383
  -18.381  -18.381  -18.376  -18.376  -18.364  -18.364  -18.360  -18.360  -18.358  -18.358
  -18.348  -18.348  -18.343  -18.343  -18.333  -18.333  -18.319  -18.319  -18.319  -18.319
   -9.622   -9.622   -9.605   -9.605   -9.590   -9.590   -9.501   -9.501   -4.546   -4.546
   -4.410   -4.410   -4.251   -4.251   -4.143   -4.143   -0.800   -0.800   -0.626   -0.626
   -0.468   -0.468   -0.349   -0.349    0.057    0.057    0.262    0.262    0.524    0.524
    0.695    0.695    1.346    1.346    1.507    1.507    1.721    1.721    1.910    1.910
    4.072    4.072    4.363    4.363    4.611    4.611    4.704    4.704    5.719    5.719
    5.913    5.913    6.132    6.132    6.344    6.344    6.525    6.525    6.770    6.770
    6.931    6.931    7.231    7.231    8.737    8.737    9.313    9.313    9.513    9.513
    9.905    9.905   10.075   10.075   10.740   10.740   10.958   10.959   11.147   11.147
   11.695   11.695   11.852   11.852   12.093   12.093   12.287   12.287   12.455   12.455
   12.824   12.824   12.982   12.982   13.388   13.388   13.634   13.634   13.873   13.873
   14.161   14.161   14.439   14.439   14.531   14.532   14.674   14.674   14.734   14.734
   14.853   14.853   14.894   14.894   15.038   15.038   15.278   15.278   15.449   15.449
   15.746   15.746   15.971   15.971   16.197   16.197   16.429   16.429   16.854   16.855
   16.909   16.909   17.251   17.251   17.475   17.475   17.643   17.643   17.866   17.866
   18.143   18.143   18.417   18.417   18.616   18.616   18.703   18.703   18.877   18.877
   19.027   19.027   19.116   19.116   19.360   19.360   19.606   19.606   19.718   19.718
            0.500000  0.130940  0.000000
  -18.441  -18.441  -18.438  -18.438  -18.421  -18.421  -18.413  -18.413  -18.408  -18.408
  -18.405  -18.405  -18.395  -18.395  -18.387  -18.387  -18.386  -18.386  -18.383  -18.383
  -18.381  -18.381  -18.376  -18.376  -18.364  -18.364  -18.360  -18.360  -18.358  -18.358
  -18.347  -18.347  -18.343  -18.343  -18.333  -18.333  -18.319  -18.319  -18.319  -18.319
   -9.611   -9.611   -9.594   -9.594   -9.580   -9.580   -9.491   -9.491   -4.517   -4.517
   -4.385   -4.385   -4.231   -4.231   -4.127   -4.127   -0.878   -0.878   -0.720   -0.720
   -0.570   -0.570   -0.446   -0.446   -0.004   -0.004    0.206    0.206    0.471    0.471
    0.641    0.641    1.251    1.251    1.446    1.446    1.702    1.702    1.926    1.926
    4.082    4.082    4.422    4.422    4.727    4.727    4.855    4.855    5.858    5.858
    6.020    6.020    6.243    6.243    6.470    6.470    6.712    6.712    6.913    6.913
    7.002    7.002    7.222    7.222    8.743    8.743    9.293    9.293    9.457    9.457
    9.910    9.910   10.004   10.004   10.699   10.699   10.929   10.930   11.068   11.068
   11.676   11.676   11.929   11.929   12.110   12.110   12.364   12.364   12.522   12.522
   12.884   12.884   13.073   13.073   13.459   13.459   13.742   13.742   13.896   13.896
   14.120   14.120   14.406   14.406   14.473   14.473   14.636   14.636   14.665   14.665
   14.813   14.813   14.862   14.862   15.007   15.007   15.142   15.142   15.463   15.463
   15.697   15.697   15.838   15.838   16.167   16.167   16.364   16.364   16.731   16.731
   16.911   16.911   17.118   17.119   17.300   17.300   17.610   17.610   17.845   17.845
   18.143   18.143   18.440   18.440   18.619   18.619   18.705   18.705   18.912   18.912
   19.125   19.125   19.247   19.247   19.451   19.451   19.477   19.477   19.634   19.634
            0.500000  0.152764  0.000000
  -18.442  -18.442  -18.438  -18.438  -18.421  -18.421  -18.414  -18.414  -18.408  -18.408
  -18.405  -18.405  -18.395  -18.395  -18.387  -18.387  -18.386  -18.386  -18.383  -18.383
  -18.381  -18.381  -18.376  -18.376  -18.364  -18.364  -18.360  -18.360  -18.358  -18.358
  -18.347  -18.347  -18.343  -18.343  -18.333  -18.333  -18.319  -18.319  -18.319  -18.319
   -9.598   -9.598   -9.582   -9.582   -9.569   -9.569   -9.479   -9.479   -4.484   -4.484
   -4.356   -4.356   -4.208   -4.207   -4.108   -4.108   -0.971   -0.971   -0.822   -0.822
   -0.671   -0.671   -0.542   -0.542   -0.067   -0.067    0.144    0.144    0.405    0.405
    0.571    0.571    1.155    1.155    1.382    1.382    1.674    1.674    1.925    1.925
    4.126    4.126    4.507    4.507    4.867    4.867    5.029    5.029    5.958    5.958
    6.137    6.137    6.345    6.345    6.571    6.571    6.888    6.888    7.066    7.066
    7.127    7.127    7.262    7.262    8.748    8.748    9.237    9.237    9.453    9.453
    9.911    9.911    9.969    9.969   10.635   10.635   10.902   10.902   11.000   11.000
   11.633   11.633   11.998   11.998   12.113   12.113   12.412   12.412   12.623   12.623
   12.968   12.968   13.205   13.205   13.487   13.487   13.789   13.789   13.984   13.984
   14.047   14.047   14.297   14.298   14.436   14.436   14.568   14.568   14.626   14.626
   14.764   14.764   14.856   14.856   14.978   14.978   15.093   15.093   15.469   15.469
   15.621   15.621   15.746   15.746   16.153   16.153   16.313   16.313   16.579   16.579
   16.807   16.807   17.009   17.009   17.097   17.097   17.558   17.558   17.784   17.784
   18.186   18.186   18.343   18.343   18.524   18.524   18.772   18.772   18.986   18.986
   19.232   19.232   19.283   19.283   19.518   19.518   19.551   19.551   19.568   19.568
            0.500000  0.174587  0.000000
  -18.442  -18.442  -18.439  -18.439  -18.422  -18.422  -18.414  -18.414  -18.409  -18.409
  -18.405  -18.405  -18.394  -18.394  -18.387  -18.387  -18.386  -18.386  -18.383  -18.383
  -18.381  -18.381  -18.375  -18.375  -18.364  -18.364  -18.360  -18.360  -18.357  -18.357
  -18.347  -18.347  -18.343  -18.343  -18.333  -18.333  -18.319  -18.319  -18.319  -18.319
   -9.584   -9.584   -9.569   -9.569   -9.556   -9.556   -9.466   -9.466   -4.447   -4.447
   -4.324   -4.324   -4.182   -4.182   -4.089   -4.089   -1.073   -1.073   -0.926   -0.926
   -0.768   -0.768   -0.636   -0.636   -0.135   -0.135    0.072    0.072    0.327    0.327
    0.490    0.490    1.066    1.066    1.321    1.321    1.642    1.642    1.908    1.908
    4.200    4.200    4.613    4.613    5.024    5.024    5.221    5.221    6.017    6.017
    6.261    6.261    6.422    6.422    6.651    6.651    7.048    7.048    7.176    7.176
    7.300    7.300    7.415    7.415    8.750    8.750    9.177    9.177    9.474    9.475
    9.894    9.894    9.983    9.983   10.558   10.558   10.831   10.831   11.002   11.003
   11.585   11.585   12.028   12.028   12.105   12.105   12.450   12.450   12.719   12.719
   13.086   13.086   13.336   13.336   13.473   13.473   13.828   13.828   13.883   13.883
   14.136   14.136   14.177   14.177   14.407   14.407   14.526   14.526   14.603   14.603
   14.722   14.722   14.847   14.847   14.958   14.958   15.091   15.091   15.393   15.393
   15.532   15.532   15.783   15.783   16.109   16.109   16.257   16.257   16.411   16.411
   16.629   16.629   16.870   16.870   16.945   16.945   17.465   17.465   17.736   17.736
   18.199   18.199   18.298   18.298   18.429   18.429   18.814   18.814   19.025   19.025
   19.192   19.192   19.300   19.300   19.470   19.471   19.549   19.549   19.853   19.853
            0.500000  0.196411  0.000000
  -18.443  -18.443  -18.439  -18.439  -18.422  -18.422  -18.415  -18.415  -18.409  -18.409
  -18.405  -18.405  -18.394  -18.394  -18.387  -18.387  -18.386  -18.386  -18.383  -18.383
  -18.381  -18.381  -18.375  -18.375  -18.363  -18.363  -18.359  -18.359  -18.357  -18.357
  -18.347  -18.347  -18.343  -18.343  -18.333  -18.333  -18.319  -18.319  -18.319  -18.319
   -9.569   -9.569   -9.555   -9.555   -9.543   -9.543   -9.453   -9.453   -4.407   -4.407
   -4.289   -4.289   -4.155   -4.155   -4.068   -4.068   -1.179   -1.179   -1.029   -1.029
   -0.859   -0.859   -0.725   -0.725   -0.211   -0.211   -0.011   -0.011    0.239    0.239
    0.401    0.401    0.986    0.986    1.268    1.268    1.608    1.608    1.877    1.877
    4.301    4.301    4.733    4.733    5.190    5.190    5.424    5.424    6.053    6.053
    6.363    6.363    6.476    6.476    6.715    6.715    7.180    7.180    7.316    7.316
    7.499    7.499    7.626    7.626    8.750    8.750    9.134    9.134    9.505    9.506
    9.886    9.886   10.016   10.016   10.477   10.477   10.761   10.761   11.036   11.036
   11.541   11.541   12.029   12.029   12.087   12.087   12.489   12.489   12.783   12.783
   13.167   13.168   13.384   13.384   13.523   13.523   13.723   13.723   13.899   13.899
   14.055   14.055   14.238   14.238   14.405   14.405   14.501   14.501   14.596   14.596
   14.707   14.707   14.803   14.803   14.961   14.961   15.106   15.106   15.302   15.302
   15.450   15.450   15.861   15.861   16.022   16.022   16.176   16.176   16.237   16.237
   16.443   16.443   16.696   16.696   16.838   16.838   17.364   17.364   17.715   17.715
   18.076   18.077   18.366   18.366   18.412   18.412   18.821   18.821   18.905   18.905
   19.245   19.245   19.276   19.276   19.440   19.440   19.573   19.573   19.920   19.920
            0.500000  0.218234  0.000000
  -18.444  -18.444  -18.440  -18.440  -18.423  -18.423  -18.415  -18.415  -18.409  -18.409
  -18.405  -18.405  -18.394  -18.394  -18.387  -18.387  -18.386  -18.386  -18.382  -18.382
  -18.381  -18.381  -18.374  -18.374  -18.363  -18.363  -18.359  -18.359  -18.356  -18.356
  -18.347  -18.346  -18.343  -18.343  -18.333  -18.333  -18.319  -18.319  -18.319  -18.319
   -9.554   -9.554   -9.541   -9.541   -9.529   -9.529   -9.439   -9.439   -4.364   -4.364
   -4.253   -4.253   -4.127   -4.127   -4.047   -4.047   -1.284   -1.284   -1.128   -1.128
   -0.944   -0.944   -0.806   -0.806   -0.299   -0.299   -0.105   -0.105    0.143    0.143
    0.308    0.308    0.920    0.920    1.224    1.224    1.577    1.577    1.838    1.838
    4.419    4.419    4.859    4.859    5.355    5.355    5.633    5.633    6.076    6.076
    6.428    6.428    6.521    6.521    6.772    6.772    7.305    7.305    7.499    7.499
    7.708    7.708    7.845    7.845    8.752    8.752    9.113    9.113    9.541    9.541
    9.895    9.895   10.056   10.056   10.402   10.402   10.713   10.713   11.078   11.078
   11.506   11.506   12.014   12.014   12.062   12.062   12.525   12.525   12.820   12.820
   13.082   13.082   13.379   13.379   13.570   13.570   13.742   13.742   13.844   13.844
   14.073   14.073   14.262   14.262   14.420   14.420   14.492   14.492   14.599   14.599
   14.689   14.689   14.768   14.768   14.969   14.969   15.124   15.124   15.251   15.251
   15.385   15.385   15.872   15.872   15.937   15.937   16.042   16.042   16.089   16.089
   16.275   16.275   16.575   16.575   16.728   16.728   17.279   17.279   17.717   17.717
   17.951   17.951   18.400   18.400   18.454   18.455   18.721   18.721   18.849   18.849
   19.228   19.228   19.276   19.276   19.414   19.414   19.602   19.602   19.891   19.891
            0.500000  0.240057  0.000000
  -18.445  -18.445  -18.440  -18.440  -18.424  -18.424  -18.416  -18.416  -18.409  -18.409
  -18.405  -18.405  -18.394  -18.394  -18.387  -18.387  -18.386  -18.386  -18.382  -18.382
  -18.381  -18.380  -18.374  -18.374  -18.363  -18.363  -18.359  -18.359  -18.356  -18.356
  -18.346  -18.346  -18.343  -18.343  -18.333  -18.333  -18.319  -18.319  -18.319  -18.319
   -9.539   -9.539   -9.526   -9.526   -9.516   -9.516   -9.425   -9.425   -4.319   -4.319
   -4.215   -4.215   -4.099   -4.099   -4.025   -4.025   -1.384   -1.384   -1.219   -1.219
   -1.020   -1.020   -0.880   -0.880   -0.395   -0.395   -0.208   -0.208    0.040    0.040
    0.212    0.212    0.869    0.869    1.192    1.192    1.548    1.548    1.795    1.795
    4.550    4.550    4.985    4.985    5.507    5.507    5.841    5.841    6.092    6.092
    6.461    6.461    6.569    6.569    6.834    6.834    7.440    7.440    7.691    7.691
    7.916    7.916    8.058    8.058    8.761    8.761    9.114    9.114    9.581    9.581
    9.919    9.919   10.100   10.100   10.340   10.340   10.692   10.692   11.123   11.123
   11.483   11.483   11.989   11.989   12.042   12.042   12.542   12.542   12.820   12.820
   12.971   12.971   13.202   13.203   13.599   13.599   13.767   13.767   13.895   13.895
   14.164   14.164   14.250   14.250   14.338   14.338   14.516   14.516   14.634   14.634
   14.668   14.668   14.761   14.761   14.960   14.960   15.122   15.122   15.261   15.261
   15.352   15.352   15.765   15.765   15.873   15.873   15.909   15.909   15.964   15.964
   16.155   16.155   16.493   16.493   16.668   16.668   17.200   17.200   17.737   17.737
   17.851   17.851   18.384   18.384   18.467   18.467   18.641   18.641   18.794   18.794
   19.184   19.184   19.299   19.299   19.385   19.385   19.577   19.577   19.857   19.857
            0.500000  0.261881  0.000000
  -18.445  -18.445  -18.441  -18.441  -18.424  -18.424  -18.416  -18.416  -18.409  -18.409
  -18.405  -18.405  -18.393  -18.393  -18.387  -18.387  -18.386  -18.386  -18.382  -18.382
  -18.380  -18.380  -18.374  -18.374  -18.363  -18.363  -18.359  -18.359  -18.355  -18.355
  -18.346  -18.346  -18.343  -18.343  -18.333  -18.333  -18.319  -18.319  -18.319  -18.319
   -9.523   -9.523   -9.511   -9.511   -9.502   -9.502   -9.412   -9.412   -4.274   -4.274
   -4.178   -4.178   -4.071   -4.071   -4.005   -4.005   -1.476   -1.476   -1.302   -1.302
   -1.088   -1.088   -0.945   -0.945   -0.496   -0.496   -0.316   -0.316   -0.068   -0.068
    0.112    0.112    0.834    0.834    1.171    1.171    1.524    1.524    1.750    1.750
    4.686    4.686    5.104    5.104    5.629    5.629    6.038    6.038    6.105    6.105
    6.489    6.489    6.621    6.621    6.900    6.900    7.574    7.574    7.878    7.878
    8.116    8.116    8.259    8.259    8.784    8.784    9.133    9.133    9.623    9.623
    9.954    9.954   10.148   10.149   10.300   10.300   10.698   10.698   11.166   11.166
   11.471   11.471   11.955   11.955   12.034   12.034   12.514   12.514   12.730   12.730
   12.931   12.931   13.059   13.059   13.424   13.424   13.870   13.870   13.967   13.967
   14.161   14.161   14.238   14.238   14.298   14.298   14.499   14.499   14.651   14.651
   14.699   14.699   14.765   14.765   14.914   14.914   15.132   15.132   15.300   15.300
   15.347   15.347   15.659   15.659   15.764   15.764   15.824   15.824   15.867   15.867
   16.093   16.093   16.411   16.411   16.693   16.693   17.120   17.120   17.730   17.730
   17.805   17.805   18.310   18.310   18.415   18.415   18.586   18.586   18.788   18.788
   19.106   19.106   19.269   19.269   19.423   19.423   19.523   19.523   19.789   19.789
            0.500000  0.283704  0.000000
  -18.446  -18.446  -18.441  -18.441  -18.425  -18.425  -18.417  -18.417  -18.409  -18.409
  -18.405  -18.405  -18.393  -18.393  -18.387  -18.387  -18.386  -18.386  -18.382  -18.382
  -18.380  -18.380  -18.373  -18.373  -18.363  -18.363  -18.358  -18.358  -18.355  -18.355
  -18.346  -18.346  -18.343  -18.343  -18.333  -18.333  -18.319  -18.319  -18.319  -18.319
   -9.508   -9.508   -9.498   -9.498   -9.490   -9.490   -9.399   -9.399   -4.229   -4.229
   -4.141   -4.141   -4.045   -4.045   -3.986   -3.986   -1.557   -1.557   -1.373   -1.373
   -1.146   -1.146   -1.002   -1.002   -0.596   -0.596   -0.426   -0.426   -0.177   -0.177
    0.011    0.011    0.813    0.813    1.159    1.159    1.504    1.504    1.706    1.706
    4.824    4.824    5.212    5.212    5.709    5.709    6.089    6.089    6.239    6.239
    6.541    6.541    6.682    6.682    6.963    6.963    7.692    7.692    8.053    8.053
    8.305    8.305    8.445    8.445    8.829    8.829    9.165    9.165    9.666    9.666
    9.996    9.996   10.200   10.200   10.287   10.287   10.733   10.733   11.202   11.202
   11.473   11.473   11.916   11.916   12.039   12.039   12.431   12.431   12.582   12.583
   12.905   12.905   13.006   13.006   13.250   13.250   13.825   13.825   13.972   13.972
   14.108   14.108   14.240   14.240   14.285   14.285   14.453   14.453   14.653   14.653
   14.737   14.737   14.803   14.803   14.877   14.877   15.171   15.171   15.301   15.301
   15.371   15.371   15.568   15.568   15.676   15.676   15.780   15.780   15.853   15.853
   16.063   16.063   16.374   16.374   16.729   16.729   17.067   17.067   17.641   17.641
   17.826   17.826   18.217   18.217   18.302   18.302   18.529   18.529   18.824   18.824
   18.974   18.974   19.237   19.237   19.444   19.444   19.483   19.483   19.749   19.749
            0.500000  0.305528  0.000000
  -18.446  -18.446  -18.442  -18.442  -18.425  -18.425  -18.417  -18.417  -18.410  -18.410
  -18.405  -18.405  -18.393  -18.393  -18.387  -18.387  -18.386  -18.386  -18.382  -18.382
  -18.380  -18.380  -18.373  -18.373  -18.363  -18.363  -18.358  -18.358  -18.354  -18.354
  -18.346  -18.346  -18.343  -18.343  -18.333  -18.333  -18.319  -18.319  -18.319  -18.319
   -9.494   -9.494   -9.485   -9.485   -9.478   -9.478   -9.386   -9.386   -4.185   -4.185
   -4.107   -4.107   -4.022   -4.022   -3.968   -3.968   -1.627   -1.627   -1.432   -1.432
   -1.192   -1.192   -1.054   -1.054   -0.688   -0.688   -0.532   -0.532   -0.285   -0.285
   -0.092   -0.092    0.806    0.806    1.155    1.155    1.487    1.487    1.664    1.664
    4.959    4.959    5.306    5.306    5.748    5.748    6.065    6.065    6.408    6.408
    6.625    6.625    6.753    6.753    7.020    7.020    7.786    7.786    8.211    8.211
    8.482    8.482    8.615    8.615    8.896    8.896    9.204    9.204    9.710    9.710
   10.039   10.039   10.247   10.247   10.314   10.314   10.792   10.792   11.227   11.227
   11.487   11.487   11.868   11.869   12.057   12.057   12.322   12.322   12.419   12.419
   12.855   12.856   12.978   12.978   13.130   13.131   13.662   13.662   13.911   13.911
   14.064   14.064   14.167   14.167   14.258   14.258   14.423   14.423   14.618   14.618
   14.786   14.786   14.837   14.837   14.925   14.925   15.218   15.218   15.283   15.283
   15.398   15.398   15.482   15.482   15.631   15.631   15.793   15.793   15.906   15.906
   16.076   16.076   16.412   16.412   16.709   16.710   17.082   17.082   17.525   17.526
   17.828   17.828   18.091   18.091   18.182   18.182   18.479   18.479   18.773   18.773
   18.901   18.901   19.179   19.179   19.390   19.390   19.496   19.496   19.753   19.753
            0.500000  0.327351  0.000000
  -18.447  -18.447  -18.442  -18.442  -18.426  -18.426  -18.418  -18.418  -18.410  -18.410
  -18.406  -18.406  -18.393  -18.393  -18.387  -18.387  -18.386  -18.386  -18.382  -18.382
  -18.380  -18.380  -18.373  -18.373  -18.362  -18.362  -18.358  -18.358  -18.354  -18.354
  -18.345  -18.345  -18.343  -18.343  -18.333  -18.333  -18.319  -18.319  -18.319  -18.319
   -9.482   -9.482   -9.473   -9.473   -9.468   -9.468   -9.375   -9.375   -4.144   -4.144
   -4.075   -4.075   -4.002   -4.002   -3.952   -3.952   -1.684   -1.684   -1.479   -1.479
   -1.228   -1.228   -1.104   -1.104   -0.763   -0.763   -0.631   -0.631   -0.388   -0.388
   -0.193   -0.193    0.807    0.807    1.156    1.156    1.473    1.473    1.625    1.625
    5.088    5.088    5.386    5.386    5.758    5.758    6.023    6.023    6.558    6.558
    6.720    6.720    6.836    6.836    7.066    7.066    7.854    7.854    8.349    8.349
    8.644    8.644    8.770    8.770    8.980    8.980    9.246    9.246    9.752    9.752
   10.078   10.078   10.287   10.287   10.386   10.386   10.870   10.870   11.236   11.236
   11.513   11.513   11.802   11.802   12.080   12.080   12.214   12.214   12.280   12.280
   12.775   12.775   12.881   12.881   13.123   13.123   13.478   13.478   13.761   13.761
   13.994   13.994   14.086   14.086   14.185   14.185   14.435   14.435   14.581   14.581
   14.822   14.822   14.863   14.863   15.005   15.005   15.227   15.227   15.312   15.312
   15.390   15.390   15.432   15.432   15.643   15.643   15.833   15.833   15.971   15.971
   16.184   16.184   16.503   16.503   16.651   16.651   17.141   17.141   17.406   17.407
   17.780   17.780   17.939   17.939   18.067   18.067   18.421   18.422   18.643   18.643
   18.889   18.889   19.072   19.073   19.341   19.341   19.514   19.514   19.686   19.687
            0.500000  0.349175  0.000000
  -18.447  -18.447  -18.443  -18.443  -18.426  -18.426  -18.418  -18.418  -18.410  -18.410
  -18.406  -18.406  -18.393  -18.393  -18.387  -18.387  -18.386  -18.386  -18.382  -18.382
  -18.380  -18.380  -18.372  -18.372  -18.362  -18.362  -18.358  -18.358  -18.354  -18.354
  -18.345  -18.345  -18.343  -18.343  -18.333  -18.333  -18.319  -18.319  -18.319  -18.319
   -9.471   -9.471   -9.463   -9.463   -9.459   -9.459   -9.366   -9.366   -4.108   -4.108
   -4.048   -4.048   -3.986   -3.986   -3.939   -3.939   -1.727   -1.727   -1.513   -1.513
   -1.254   -1.254   -1.154   -1.154   -0.815   -0.815   -0.718   -0.718   -0.482   -0.482
   -0.288   -0.288    0.814    0.814    1.160    1.160    1.461    1.461    1.590    1.590
    5.210    5.210    5.451    5.451    5.753    5.753    5.968    5.968    6.684    6.684
    6.805    6.805    6.926    6.926    7.104    7.104    7.899    7.899    8.467    8.467
    8.789    8.789    8.907    8.907    9.069    9.069    9.288    9.288    9.785    9.785
   10.114   10.114   10.334   10.334   10.486   10.486   10.957   10.957   11.230   11.230
   11.544   11.544   11.714   11.714   12.056   12.056   12.128   12.128   12.221   12.221
   12.666   12.666   12.776   12.776   13.147   13.147   13.298   13.298   13.590   13.590
   13.843   13.843   14.037   14.037   14.140   14.140   14.416   14.416   14.609   14.610
   14.839   14.839   14.869   14.869   15.061   15.061   15.210   15.210   15.337   15.337
   15.388   15.388   15.426   15.426   15.689   15.689   15.886   15.886   16.070   16.070
   16.351   16.351   16.562   16.562   16.651   16.651   17.167   17.167   17.326   17.326
   17.683   17.683   17.787   17.787   17.962   17.962   18.297   18.297   18.582   18.582
   18.837   18.837   18.949   18.949   19.278   19.278   19.488   19.488   19.658   19.658
            0.500000  0.370998  0.000000
  -18.448  -18.448  -18.443  -18.443  -18.427  -18.427  -18.418  -18.418  -18.410  -18.410
  -18.406  -18.406  -18.392  -18.392  -18.387  -18.387  -18.386  -18.386  -18.381  -18.381
  -18.380  -18.380  -18.372  -18.372  -18.362  -18.362  -18.358  -18.358  -18.353  -18.353
  -18.345  -18.345  -18.343  -18.343  -18.333  -18.333  -18.319  -18.319  -18.319  -18.319
   -9.461   -9.461   -9.455   -9.455   -9.452   -9.452   -9.358   -9.358   -4.076   -4.076
   -4.026   -4.026   -3.974   -3.974   -3.927   -3.927   -1.758   -1.758   -1.536   -1.536
   -1.271   -1.271   -1.203   -1.203   -0.846   -0.846   -0.787   -0.787   -0.564   -0.564
   -0.374   -0.374    0.824    0.824    1.166    1.166    1.452    1.452    1.561    1.561
    5.323    5.323    5.502    5.502    5.740    5.740    5.906    5.906    6.784    6.784
    6.870    6.870    7.011    7.011    7.134    7.134    7.927    7.927    8.562    8.562
    8.913    8.913    9.025    9.025    9.152    9.152    9.329    9.329    9.805    9.805
   10.146   10.146   10.393   10.393   10.605   10.605   11.031   11.031   11.220   11.220
   11.530   11.531   11.655   11.655   11.972   11.972   12.065   12.065   12.253   12.253
   12.564   12.564   12.674   12.674   13.095   13.095   13.205   13.205   13.432   13.432
   13.692   13.692   13.946   13.946   14.168   14.168   14.386   14.386   14.668   14.668
   14.839   14.839   14.861   14.861   15.043   15.043   15.222   15.222   15.361   15.361
   15.413   15.413   15.438   15.438   15.734   15.734   15.935   15.935   16.218   16.218
   16.478   16.479   16.584   16.584   16.759   16.759   17.108   17.108   17.318   17.318
   17.561   17.561   17.648   17.648   17.890   17.890   18.145   18.145   18.524   18.524
   18.758   18.758   18.860   18.860   19.179   19.179   19.424   19.424   19.695   19.695
            0.500000  0.392821  0.000000
  -18.448  -18.448  -18.443  -18.443  -18.427  -18.427  -18.419  -18.419  -18.410  -18.410
  -18.406  -18.406  -18.392  -18.392  -18.387  -18.387  -18.386  -18.386  -18.381  -18.381
  -18.380  -18.380  -18.372  -18.372  -18.362  -18.362  -18.358  -18.358  -18.353  -18.353
  -18.345  -18.345  -18.343  -18.343  -18.333  -18.333  -18.319  -18.319  -18.319  -18.319
   -9.454   -9.454   -9.449   -9.449   -9.447   -9.447   -9.353   -9.353   -4.052   -4.052
   -4.010   -4.010   -3.966   -3.966   -3.919   -3.919   -1.779   -1.779   -1.549   -1.549
   -1.283   -1.283   -1.245   -1.245   -0.867   -0.867   -0.827   -0.827   -0.629   -0.629
   -0.445   -0.445    0.834    0.834    1.171    1.171    1.444    1.444    1.539    1.539
    5.422    5.422    5.541    5.541    5.726    5.726    5.842    5.842    6.855    6.855
    6.916    6.916    7.078    7.078    7.157    7.157    7.944    7.944    8.633    8.633
    9.010    9.010    9.118    9.118    9.218    9.218    9.363    9.363    9.812    9.812
   10.171   10.171   10.460   10.460   10.735   10.735   11.041   11.041   11.239   11.239
   11.441   11.442   11.670   11.670   11.901   11.901   12.014   12.014   12.306   12.306
   12.484   12.484   12.594   12.594   12.943   12.944   13.206   13.206   13.328   13.328
   13.564   13.564   13.858   13.858   14.209   14.209   14.379   14.379   14.719   14.719
   14.826   14.826   14.852   14.852   14.973   14.973   15.268   15.268   15.396   15.396
   15.432   15.432   15.463   15.463   15.777   15.777   15.966   15.966   16.362   16.362
   16.485   16.485   16.726   16.726   16.856   16.856   17.047   17.047   17.297   17.298
   17.449   17.449   17.532   17.532   17.858   17.858   18.022   18.022   18.434   18.434
   18.658   18.658   18.825   18.825   19.063   19.063   19.413   19.413   19.700   19.700
            0.500000  0.414645  0.000000
  -18.448  -18.448  -18.443  -18.443  -18.427  -18.427  -18.419  -18.419  -18.410  -18.410
  -18.406  -18.406  -18.392  -18.392  -18.387  -18.387  -18.386  -18.386  -18.381  -18.381
  -18.380  -18.380  -18.372  -18.372  -18.362  -18.362  -18.358  -18.358  -18.353  -18.353
  -18.345  -18.345  -18.343  -18.343  -18.333  -18.333  -18.319  -18.319  -18.319  -18.319
   -9.450   -9.450   -9.446   -9.446   -9.444   -9.444   -9.349   -9.349   -4.036   -4.036
   -4.000   -4.000   -3.962   -3.962   -3.914   -3.914   -1.790   -1.790   -1.556   -1.556
   -1.294   -1.294   -1.270   -1.270   -0.889   -0.889   -0.835   -0.835   -0.671   -0.671
   -0.494   -0.494    0.841    0.841    1.175    1.175    1.440    1.440    1.525    1.525
    5.502    5.502    5.565    5.565    5.717    5.717    5.781    5.781    6.897    6.897
    6.943    6.943    7.121    7.121    7.170    7.170    7.953    7.953    8.676    8.676
    9.073    9.073    9.178    9.178    9.260    9.260    9.388    9.388    9.813    9.813
   10.185   10.185   10.522   10.522   10.866   10.866   11.005   11.005   11.197   11.198
   11.441   11.441   11.651   11.651   11.867   11.867   11.987   11.987   12.339   12.339
   12.422   12.422   12.577   12.577   12.811   12.811   13.162   13.162   13.324   13.324
   13.471   13.471   13.793   13.793   14.236   14.236   14.398   14.398   14.743   14.743
   14.818   14.818   14.846   14.846   14.904   14.904   15.308   15.308   15.422   15.422
   15.451   15.451   15.481   15.481   15.812   15.812   15.979   15.979   16.440   16.440
   16.502   16.502   16.842   16.842   16.927   16.927   17.028   17.028   17.247   17.247
   17.371   17.371   17.458   17.458   17.823   17.823   17.975   17.975   18.356   18.356
   18.583   18.583   18.797   18.797   18.966   18.966   19.455   19.455   19.682   19.682
            0.500000  0.436468  0.000000
  -18.448  -18.448  -18.443  -18.443  -18.427  -18.427  -18.419  -18.419  -18.410  -18.410
  -18.406  -18.406  -18.392  -18.392  -18.387  -18.387  -18.386  -18.386  -18.381  -18.381
  -18.380  -18.380  -18.372  -18.372  -18.362  -18.362  -18.358  -18.357  -18.353  -18.353
  -18.345  -18.345  -18.343  -18.343  -18.333  -18.333  -18.319  -18.319  -18.319  -18.319
   -9.448   -9.448   -9.445   -9.445   -9.443   -9.443   -9.348   -9.348   -4.031   -4.031
   -3.997   -3.997   -3.961   -3.961   -3.912   -3.912   -1.793   -1.793   -1.558   -1.558
   -1.299   -1.299   -1.276   -1.276   -0.898   -0.898   -0.834   -0.834   -0.686   -0.686
   -0.512   -0.512    0.843    0.843    1.177    1.177    1.439    1.439    1.520    1.520
    5.539    5.539    5.572    5.572    5.719    5.719    5.747    5.747    6.911    6.911
    6.952    6.952    7.136    7.136    7.174    7.174    7.956    7.956    8.690    8.690
    9.095    9.095    9.199    9.199    9.274    9.274    9.397    9.397    9.812    9.812
   10.189   10.189   10.549   10.549   10.935   10.935   11.000   11.000   11.122   11.122
   11.495   11.495   11.603   11.603   11.868   11.868   11.978   11.978   12.350   12.350
   12.392   12.392   12.601   12.601   12.742   12.743   13.137   13.137   13.342   13.342
   13.431   13.431   13.768   13.768   14.244   14.244   14.413   14.413   14.742   14.742
   14.823   14.823   14.858   14.858   14.860   14.860   15.323   15.323   15.430   15.430
   15.463   15.463   15.487   15.487   15.826   15.826   15.982   15.982   16.454   16.454
   16.518   16.518   16.880   16.880   16.966   16.966   17.029   17.029   17.215   17.215
   17.342   17.342   17.435   17.435   17.799   17.799   17.973   17.973   18.326   18.326
   18.556   18.556   18.785   18.785   18.928   18.928   19.490   19.490   19.661   19.661
            0.475000  0.414645  0.000000
  -18.448  -18.448  -18.443  -18.443  -18.427  -18.427  -18.419  -18.419  -18.410  -18.410
  -18.406  -18.406  -18.392  -18.392  -18.387  -18.387  -18.386  -18.386  -18.382  -18.381
  -18.380  -18.379  -18.373  -18.371  -18.362  -18.362  -18.358  -18.357  -18.353  -18.353
  -18.345  -18.345  -18.343  -18.342  -18.333  -18.333  -18.319  -18.319  -18.319  -18.319
   -9.467   -9.461   -9.457   -9.443   -9.439   -9.437   -9.353   -9.353   -4.069   -4.042
   -4.039   -3.961   -3.947   -3.939   -3.909   -3.907   -1.826   -1.772   -1.608   -1.527
   -1.328   -1.268   -1.265   -1.262   -0.901   -0.862   -0.852   -0.807   -0.673   -0.605
   -0.498   -0.414    0.819    0.855    1.152    1.194    1.433    1.450    1.530    1.531
    5.409    5.510    5.542    5.603    5.694    5.729    5.786    5.872    6.880    6.889
    6.934    6.952    7.104    7.130    7.161    7.184    7.944    7.964    8.645    8.693
    9.031    9.083    9.143    9.178    9.228    9.261    9.364    9.386    9.800    9.810
   10.133   10.217   10.443   10.507   10.770   10.899   10.976   11.011   11.184   11.289
   11.349   11.536   11.642   11.733   11.842   11.853   11.944   12.126   12.281   12.379
   12.401   12.477   12.532   12.641   12.702   12.967   13.122   13.184   13.253   13.412
   13.437   13.526   13.689   13.897   14.208   14.253   14.299   14.451   14.667   14.684
   14.716   14.752   14.810   14.869   14.902   14.957   15.220   15.269   15.347   15.366
   15.416   15.553   15.605   15.620   15.813   15.853   15.961   16.057   16.392   16.452
   16.526   16.598   16.782   16.807   16.946   16.986   17.006   17.097   17.269   17.291
   17.367   17.449   17.468   17.524   17.816   17.861   17.950   18.088   18.301   18.372
   18.471   18.632   18.780   18.813   18.919   19.064   19.267   19.396   19.448   19.582
            0.450000  0.392821  0.000000
  -18.448  -18.447  -18.443  -18.443  -18.426  -18.426  -18.418  -18.418  -18.411  -18.410
  -18.407  -18.406  -18.393  -18.392  -18.388  -18.387  -18.386  -18.386  -18.382  -18.381
  -18.380  -18.379  -18.373  -18.371  -18.362  -18.362  -18.358  -18.357  -18.353  -18.353
  -18.345  -18.345  -18.344  -18.342  -18.333  -18.333  -18.320  -18.320  -18.319  -18.319
   -9.507   -9.492   -9.475   -9.456   -9.439   -9.429   -9.363   -9.363   -4.138   -4.090
   -4.061   -3.934   -3.933   -3.915   -3.891   -3.884   -1.891   -1.720   -1.676   -1.486
   -1.398   -1.288   -1.198   -1.197   -0.864   -0.836   -0.809   -0.674   -0.622   -0.478
   -0.405   -0.217    0.759    0.890    1.101    1.226    1.418    1.482    1.556    1.562
    5.198    5.405    5.537    5.627    5.708    5.767    5.859    6.016    6.789    6.817
    6.876    6.937    7.029    7.106    7.136    7.215    7.915    7.968    8.527    8.676
    8.861    8.977    9.046    9.096    9.137    9.216    9.295    9.348    9.754    9.803
   10.019   10.229   10.262   10.341   10.653   10.847   10.965   11.001   11.137   11.279
   11.480   11.586   11.652   11.775   11.847   11.944   12.106   12.191   12.266   12.399
   12.415   12.530   12.700   12.735   12.777   13.024   13.234   13.276   13.293   13.444
   13.480   13.654   13.685   14.002   14.156   14.189   14.272   14.422   14.472   14.527
   14.562   14.647   14.673   14.789   14.840   14.966   15.079   15.311   15.345   15.401
   15.459   15.637   15.748   15.754   15.828   15.897   16.014   16.055   16.349   16.468
   16.545   16.601   16.675   16.775   16.947   17.004   17.032   17.139   17.304   17.425
   17.545   17.607   17.631   17.707   17.898   17.957   18.149   18.215   18.285   18.394
   18.425   18.651   18.699   18.829   18.879   18.968   19.087   19.164   19.349   19.469
            0.425000  0.370998  0.000000
  -18.447  -18.446  -18.442  -18.442  -18.425  -18.425  -18.417  -18.417  -18.412  -18.410
  -18.407  -18.406  -18.393  -18.392  -18.388  -18.387  -18.387  -18.386  -18.383  -18.381
  -18.381  -18.379  -18.374  -18.371  -18.363  -18.362  -18.357  -18.357  -18.354  -18.353
  -18.345  -18.345  -18.344  -18.342  -18.334  -18.334  -18.320  -18.320  -18.319  -18.319
   -9.565   -9.542   -9.509   -9.490   -9.443   -9.422   -9.370   -9.370   -4.221   -4.148
   -4.082   -3.930   -3.928   -3.885   -3.853   -3.844   -1.945   -1.757   -1.618   -1.511
   -1.382   -1.346   -1.104   -1.096   -0.817   -0.808   -0.636   -0.581   -0.443   -0.415
   -0.187    0.008    0.687    0.947    1.036    1.277    1.393    1.533    1.584    1.617
    4.966    5.278    5.536    5.661    5.733    5.819    5.923    6.126    6.624    6.696
    6.772    6.895    6.943    7.082    7.115    7.261    7.858    7.949    8.335    8.596
    8.631    8.754    8.962    8.984    9.056    9.137    9.239    9.274    9.616    9.787
    9.891   10.084   10.156   10.260   10.573   10.820   10.925   10.988   11.114   11.334
   11.418   11.595   11.701   11.816   11.864   12.073   12.145   12.306   12.378   12.432
   12.510   12.636   12.782   12.885   12.914   13.069   13.325   13.352   13.377   13.433
   13.565   13.763   13.769   13.918   14.123   14.142   14.235   14.281   14.343   14.384
   14.409   14.497   14.515   14.698   14.776   14.961   15.023   15.307   15.455   15.481
   15.582   15.630   15.771   15.825   15.923   15.969   16.156   16.165   16.325   16.430
   16.541   16.608   16.742   16.872   16.965   17.025   17.055   17.106   17.437   17.519
   17.701   17.770   17.803   17.913   18.013   18.057   18.116   18.232   18.410   18.460
   18.467   18.584   18.655   18.704   18.806   18.875   18.921   19.034   19.216   19.405
            0.400000  0.349175  0.000000
  -18.446  -18.444  -18.441  -18.440  -18.424  -18.424  -18.416  -18.416  -18.412  -18.410
  -18.408  -18.406  -18.394  -18.392  -18.389  -18.388  -18.387  -18.386  -18.383  -18.381
  -18.381  -18.379  -18.375  -18.370  -18.363  -18.363  -18.357  -18.357  -18.354  -18.354
  -18.346  -18.345  -18.344  -18.342  -18.334  -18.334  -18.321  -18.321  -18.319  -18.319
   -9.640   -9.608   -9.565   -9.545   -9.447   -9.415   -9.370   -9.370   -4.311   -4.211
   -4.103   -3.933   -3.922   -3.850   -3.805   -3.792   -1.972   -1.797   -1.595   -1.472
   -1.432   -1.260   -0.998   -0.974   -0.775   -0.736   -0.502   -0.400   -0.352   -0.204
    0.048    0.234    0.631    0.950    1.053    1.321    1.392    1.587    1.625    1.695
    4.733    5.134    5.533    5.697    5.768    5.871    5.968    6.161    6.412    6.532
    6.631    6.828    6.872    7.045    7.114    7.312    7.765    7.887    8.085    8.302
    8.384    8.646    8.867    8.901    8.961    9.038    9.135    9.243    9.406    9.654
    9.847    9.963   10.059   10.249   10.542   10.785   10.922   10.970   11.119   11.312
   11.461   11.557   11.740   11.860   11.969   12.018   12.185   12.387   12.401   12.470
   12.666   12.743   12.918   12.926   13.006   13.249   13.271   13.353   13.388   13.477
   13.507   13.726   13.762   13.903   14.027   14.065   14.096   14.232   14.288   14.314
   14.414   14.439   14.572   14.652   14.799   14.939   15.089   15.201   15.357   15.478
   15.552   15.834   15.848   15.917   16.024   16.146   16.233   16.328   16.352   16.561
   16.632   16.716   16.810   16.900   16.997   17.014   17.085   17.176   17.543   17.647
   17.657   17.750   17.769   17.814   18.037   18.119   18.223   18.326   18.464   18.499
   18.540   18.606   18.688   18.746   18.760   18.851   18.954   19.116   19.187   19.335
            0.375000  0.327351  0.000000
  -18.445  -18.442  -18.440  -18.439  -18.423  -18.423  -18.415  -18.415  -18.413  -18.410
  -18.409  -18.407  -18.394  -18.392  -18.389  -18.389  -18.388  -18.387  -18.384  -18.382
  -18.381  -18.379  -18.376  -18.370  -18.364  -18.363  -18.357  -18.357  -18.354  -18.354
  -18.346  -18.345  -18.344  -18.342  -18.334  -18.334  -18.321  -18.321  -18.320  -18.320
   -9.727   -9.688   -9.638   -9.615   -9.451   -9.410   -9.367   -9.365   -4.402   -4.278
   -4.128   -3.944   -3.902   -3.807   -3.746   -3.727   -1.968   -1.808   -1.620   -1.487
   -1.327   -1.141   -0.899   -0.876   -0.701   -0.629   -0.397   -0.278   -0.158    0.033
    0.276    0.443    0.617    0.898    1.169    1.301    1.485    1.604    1.719    1.791
    4.516    4.984    5.507    5.722    5.804    5.911    5.975    6.062    6.197    6.399
    6.494    6.721    6.772    7.008    7.131    7.340    7.648    7.799    7.825    7.978
    8.045    8.601    8.798    8.846    8.855    8.915    8.984    9.145    9.327    9.496
    9.689    9.980   10.013   10.271   10.553   10.690   10.956   10.985   11.132   11.319
   11.495   11.612   11.761   11.905   11.980   12.044   12.131   12.386   12.425   12.488
   12.613   12.713   12.926   12.988   13.064   13.138   13.197   13.247   13.349   13.438
   13.578   13.663   13.719   13.903   13.931   14.038   14.121   14.293   14.316   14.387
   14.471   14.559   14.648   14.709   14.852   14.889   14.943   15.131   15.285   15.529
   15.668   15.917   15.941   16.031   16.208   16.227   16.339   16.401   16.485   16.706
   16.800   16.824   16.880   16.967   17.006   17.066   17.120   17.203   17.449   17.570
   17.604   17.712   17.728   17.906   17.986   18.128   18.248   18.373   18.428   18.494
   18.578   18.677   18.771   18.827   18.837   19.035   19.179   19.261   19.326   19.425
            0.350000  0.305528  0.000000
  -18.444  -18.440  -18.439  -18.437  -18.421  -18.421  -18.415  -18.414  -18.413  -18.411
  -18.410  -18.408  -18.395  -18.392  -18.390  -18.390  -18.388  -18.388  -18.385  -18.382
  -18.381  -18.379  -18.376  -18.369  -18.364  -18.364  -18.357  -18.357  -18.355  -18.354
  -18.347  -18.345  -18.344  -18.342  -18.334  -18.334  -18.322  -18.322  -18.320  -18.320
   -9.824   -9.780   -9.723   -9.698   -9.456   -9.406   -9.361   -9.356   -4.488   -4.342
   -4.157   -3.961   -3.863   -3.750   -3.676   -3.650   -1.936   -1.789   -1.620   -1.502
   -1.179   -1.017   -0.846   -0.811   -0.582   -0.504   -0.281   -0.183    0.072    0.258
    0.483    0.622    0.663    0.880    1.233    1.370    1.591    1.639    1.836    1.896
    4.338    4.841    5.422    5.704    5.756    5.832    5.984    6.020    6.044    6.258
    6.379    6.549    6.623    6.992    7.152    7.308    7.507    7.599    7.667    7.703
    7.776    8.537    8.678    8.706    8.742    8.795    8.946    9.000    9.341    9.380
    9.583    9.926   10.073   10.314   10.538   10.617   11.005   11.041   11.151   11.379
   11.505   11.700   11.742   11.923   11.976   11.992   12.139   12.313   12.329   12.433
   12.490   12.553   12.822   12.861   12.882   13.050   13.085   13.233   13.258   13.442
   13.480   13.665   13.766   13.930   14.062   14.140   14.259   14.305   14.363   14.433
   14.521   14.621   14.694   14.777   14.867   14.905   14.984   15.142   15.383   15.606
   15.792   15.926   15.997   16.110   16.247   16.351   16.417   16.582   16.624   16.708
   16.803   16.859   16.944   17.018   17.082   17.133   17.214   17.338   17.393   17.488
   17.566   17.730   17.799   17.900   17.992   18.114   18.232   18.353   18.445   18.565
   18.674   18.730   18.812   18.932   18.972   19.162   19.264   19.400   19.480   19.527
            0.325000  0.283704  0.000000
  -18.442  -18.438  -18.437  -18.435  -18.419  -18.419  -18.416  -18.413  -18.412  -18.412
  -18.410  -18.409  -18.395  -18.392  -18.392  -18.391  -18.389  -18.388  -18.385  -18.383
  -18.382  -18.378  -18.377  -18.369  -18.365  -18.364  -18.357  -18.357  -18.355  -18.354
  -18.348  -18.344  -18.344  -18.342  -18.335  -18.334  -18.323  -18.323  -18.320  -18.320
   -9.928   -9.878   -9.817   -9.789   -9.460   -9.403   -9.355   -9.346   -4.564   -4.401
   -4.188   -3.980   -3.804   -3.679   -3.592   -3.560   -1.877   -1.744   -1.593   -1.487
   -1.056   -0.899   -0.838   -0.744   -0.463   -0.392   -0.162   -0.055    0.276    0.458
    0.662    0.765    0.770    0.915    1.234    1.552    1.612    1.784    1.961    1.990
    4.226    4.731    5.279    5.450    5.698    5.829    5.887    6.000    6.067    6.116
    6.247    6.318    6.443    6.980    7.141    7.237    7.304    7.355    7.399    7.612
    7.772    8.450    8.519    8.543    8.564    8.626    8.822    9.167    9.201    9.307
    9.699    9.871   10.081   10.339   10.519   10.643   11.043   11.078   11.204   11.459
   11.522   11.651   11.745   11.830   11.917   12.016   12.053   12.114   12.180   12.213
   12.329   12.528   12.682   12.747   12.802   12.937   12.950   13.157   13.352   13.372
   13.458   13.568   13.688   13.898   14.137   14.214   14.263   14.361   14.460   14.562
   14.618   14.684   14.732   14.749   14.940   15.048   15.218   15.363   15.514   15.614
   15.906   15.922   16.018   16.182   16.237   16.391   16.494   16.637   16.653   16.698
   16.851   16.873   16.962   17.098   17.139   17.174   17.279   17.378   17.444   17.498
   17.638   17.758   17.915   17.957   18.067   18.096   18.259   18.384   18.488   18.621
   18.651   18.814   18.909   19.042   19.111   19.207   19.267   19.419   19.529   19.584
            0.300000  0.261881  0.000000
  -18.441  -18.437  -18.436  -18.434  -18.418  -18.417  -18.417  -18.414  -18.412  -18.411
  -18.410  -18.410  -18.395  -18.394  -18.393  -18.391  -18.390  -18.389  -18.386  -18.383
  -18.382  -18.378  -18.377  -18.368  -18.366  -18.365  -18.357  -18.357  -18.355  -18.354
  -18.349  -18.344  -18.344  -18.343  -18.335  -18.335  -18.324  -18.324  -18.321  -18.321
  -10.036   -9.981   -9.915   -9.884   -9.466   -9.402   -9.348   -9.334   -4.626   -4.450
   -4.215   -3.997   -3.725   -3.590   -3.494   -3.457   -1.797   -1.676   -1.543   -1.444
   -1.033   -0.810   -0.765   -0.687   -0.357   -0.303   -0.054    0.096    0.443    0.623
    0.797    0.862    0.925    1.012    1.271    1.631    1.743    1.936    2.062    2.077
    4.202    4.678    5.131    5.208    5.596    5.719    5.799    5.873    6.010    6.066
    6.085    6.176    6.313    6.926    7.013    7.050    7.180    7.192    7.364    7.579
    7.787    8.285    8.359    8.373    8.413    8.462    8.730    9.062    9.199    9.453
    9.803    9.888   10.044   10.332   10.603   10.677   11.027   11.064   11.295   11.491
   11.516   11.546   11.617   11.718   11.725   11.822   11.900   11.971   12.069   12.143
   12.300   12.480   12.614   12.654   12.755   12.836   12.976   13.073   13.305   13.363
   13.429   13.543   13.621   13.759   14.044   14.154   14.252   14.355   14.482   14.591
   14.726   14.740   14.879   15.028   15.124   15.242   15.368   15.574   15.614   15.729
   15.932   15.955   16.094   16.121   16.288   16.398   16.552   16.600   16.617   16.677
   16.859   16.881   16.981   17.041   17.133   17.300   17.372   17.417   17.488   17.650
   17.730   17.846   17.971   18.022   18.072   18.171   18.334   18.453   18.493   18.611
   18.745   18.843   18.987   19.095   19.160   19.235   19.458   19.478   19.526   19.543
            0.275000  0.240057  0.000000
  -18.440  -18.436  -18.433  -18.432  -18.419  -18.416  -18.416  -18.415  -18.413  -18.412
  -18.409  -18.409  -18.396  -18.395  -18.394  -18.392  -18.391  -18.390  -18.387  -18.383
  -18.382  -18.378  -18.378  -18.368  -18.367  -18.365  -18.358  -18.357  -18.354  -18.353
  -18.349  -18.344  -18.343  -18.343  -18.335  -18.335  -18.326  -18.326  -18.321  -18.321
  -10.143  -10.085  -10.015   -9.981   -9.474   -9.402   -9.342   -9.324   -4.671   -4.485
   -4.234   -4.007   -3.627   -3.486   -3.382   -3.341   -1.698   -1.590   -1.479   -1.376
   -1.091   -0.780   -0.644   -0.611   -0.257   -0.217    0.031    0.238    0.567    0.740
    0.878    0.909    1.105    1.165    1.357    1.683    1.850    2.055    2.146    2.179
    4.267    4.698    4.998    5.080    5.412    5.545    5.661    5.705    5.832    5.937
    5.988    6.194    6.311    6.805    6.831    6.921    7.129    7.181    7.377    7.544
    7.782    8.081    8.171    8.204    8.271    8.362    8.650    8.953    9.164    9.699
    9.791    9.865   10.209   10.315   10.608   10.791   10.941   11.011   11.282   11.319
   11.351   11.409   11.492   11.530   11.588   11.721   11.742   11.967   12.034   12.123
   12.305   12.436   12.506   12.603   12.752   12.825   12.994   13.099   13.233   13.252
   13.404   13.514   13.660   13.721   13.820   14.066   14.267   14.372   14.461   14.657
   14.735   14.766   14.974   15.140   15.414   15.463   15.572   15.613   15.664   15.803
   15.952   16.020   16.130   16.241   16.292   16.334   16.453   16.526   16.601   16.777
   16.867   16.928   16.986   17.098   17.187   17.330   17.436   17.476   17.644   17.693
   17.825   17.895   17.997   18.088   18.159   18.252   18.311   18.418   18.473   18.592
   18.829   18.939   18.967   19.047   19.212   19.290   19.359   19.434   19.451   19.600
            0.250000  0.218234  0.000000
  -18.439  -18.435  -18.431  -18.430  -18.420  -18.417  -18.416  -18.415  -18.413  -18.413
  -18.407  -18.407  -18.396  -18.396  -18.395  -18.392  -18.392  -18.391  -18.388  -18.383
  -18.382  -18.378  -18.378  -18.368  -18.368  -18.365  -18.358  -18.358  -18.354  -18.353
  -18.350  -18.345  -18.343  -18.342  -18.335  -18.334  -18.327  -18.327  -18.322  -18.322
  -10.249  -10.187  -10.114  -10.077   -9.482   -9.404   -9.338   -9.313   -4.697   -4.504
   -4.242   -4.007   -3.512   -3.365   -3.255   -3.211   -1.585   -1.496   -1.423   -1.288
   -1.150   -0.804   -0.557   -0.497   -0.156   -0.122    0.099    0.349    0.647    0.801
    0.896    0.903    1.278    1.330    1.471    1.759    1.865    2.132    2.241    2.277
    4.384    4.768    4.921    5.074    5.198    5.391    5.484    5.508    5.712    5.826
    5.948    6.182    6.330    6.709    6.768    6.856    7.092    7.188    7.368    7.520
    7.732    7.892    7.966    8.045    8.124    8.332    8.560    8.890    9.155    9.626
    9.813   10.099   10.214   10.431   10.612   10.778   10.876   10.928   11.048   11.097
   11.108   11.258   11.294   11.368   11.551   11.781   11.791   11.948   11.969   12.106
   12.313   12.398   12.476   12.531   12.763   12.864   12.961   13.115   13.169   13.329
   13.372   13.440   13.638   13.687   13.776   13.974   14.287   14.352   14.554   14.646
   14.712   14.797   15.027   15.256   15.420   15.548   15.557   15.622   15.691   15.818
   15.948   16.038   16.088   16.213   16.279   16.449   16.483   16.668   16.730   16.764
   16.912   16.987   17.055   17.191   17.300   17.366   17.504   17.578   17.652   17.782
   17.794   17.935   17.975   18.084   18.196   18.288   18.311   18.445   18.556   18.604
   18.744   18.753   18.858   18.991   19.111   19.160   19.264   19.370   19.408   19.542
            0.225000  0.196411  0.000000
  -18.439  -18.436  -18.429  -18.428  -18.420  -18.418  -18.417  -18.416  -18.413  -18.413
  -18.406  -18.406  -18.397  -18.397  -18.395  -18.393  -18.393  -18.391  -18.389  -18.383
  -18.382  -18.378  -18.377  -18.369  -18.369  -18.364  -18.358  -18.358  -18.354  -18.352
  -18.350  -18.345  -18.342  -18.342  -18.334  -18.334  -18.328  -18.328  -18.322  -18.322
  -10.349  -10.285  -10.209  -10.169   -9.493   -9.407   -9.334   -9.304   -4.703   -4.506
   -4.236   -3.996   -3.381   -3.229   -3.115   -3.070   -1.462   -1.444   -1.384   -1.185
   -1.143   -0.847   -0.516   -0.384   -0.051   -0.015    0.170    0.426    0.675    0.801
    0.823    0.869    1.408    1.461    1.566    1.839    1.871    2.197    2.303    2.357
    4.483    4.807    4.936    5.011    5.131    5.319    5.364    5.390    5.645    5.795
    5.925    6.140    6.315    6.679    6.793    6.836    7.061    7.170    7.346    7.503
    7.634    7.740    7.769    7.908    8.010    8.343    8.460    8.869    9.160    9.530
    9.777   10.092   10.367   10.460   10.560   10.646   10.695   10.834   10.870   10.943
   10.991   11.107   11.173   11.270   11.580   11.741   11.839   11.938   11.995   12.156
   12.235   12.333   12.497   12.552   12.763   12.843   12.984   13.068   13.204   13.283
   13.433   13.527   13.549   13.641   13.808   13.925   14.351   14.433   14.536   14.687
   14.705   14.775   15.041   15.212   15.296   15.432   15.474   15.539   15.682   15.748
   15.953   15.993   16.023   16.182   16.351   16.443   16.612   16.700   16.715   17.034
   17.052   17.137   17.152   17.275   17.349   17.427   17.478   17.609   17.619   17.760
   17.911   17.920   17.993   18.058   18.224   18.250   18.309   18.380   18.417   18.578
   18.606   18.701   18.783   18.887   18.966   19.124   19.172   19.234   19.317   19.430
            0.200000  0.174587  0.000000
  -18.440  -18.436  -18.428  -18.426  -18.420  -18.418  -18.418  -18.417  -18.413  -18.413
  -18.405  -18.405  -18.398  -18.398  -18.395  -18.394  -18.394  -18.392  -18.390  -18.383
  -18.382  -18.378  -18.377  -18.370  -18.370  -18.364  -18.359  -18.358  -18.354  -18.352
  -18.350  -18.345  -18.342  -18.342  -18.334  -18.334  -18.329  -18.329  -18.322  -18.322
  -10.444  -10.378  -10.299  -10.257   -9.504   -9.412   -9.332   -9.297   -4.690   -4.491
   -4.216   -3.972   -3.236   -3.080   -2.963   -2.918   -1.506   -1.340   -1.304   -1.076
   -1.065   -0.870   -0.512   -0.298    0.058    0.097    0.254    0.480    0.633    0.698
    0.751    0.784    1.469    1.530    1.617    1.889    1.909    2.259    2.343    2.401
    4.498    4.776    4.890    5.042    5.137    5.288    5.335    5.527    5.650    5.852
    5.926    6.104    6.277    6.671    6.798    6.900    7.046    7.111    7.355    7.459
    7.520    7.603    7.652    7.809    7.950    8.355    8.385    8.868    9.170    9.449
    9.740    9.983   10.240   10.322   10.431   10.467   10.569   10.662   10.702   10.888
   10.966   11.080   11.201   11.366   11.588   11.645   11.817   11.997   12.071   12.140
   12.206   12.328   12.515   12.608   12.748   12.789   13.021   13.060   13.220   13.282
   13.456   13.531   13.561   13.726   13.822   14.007   14.394   14.426   14.479   14.683
   14.739   14.800   14.954   15.048   15.073   15.299   15.322   15.494   15.684   15.810
   15.859   15.928   16.011   16.062   16.236   16.501   16.610   16.641   16.793   16.971
   17.017   17.070   17.287   17.377   17.410   17.473   17.531   17.550   17.702   17.799
   17.858   17.911   17.962   18.007   18.060   18.157   18.189   18.354   18.445   18.483
   18.613   18.763   18.789   18.822   18.977   19.059   19.159   19.230   19.251   19.368
            0.175000  0.152764  0.000000
  -18.441  -18.437  -18.426  -18.425  -18.422  -18.420  -18.418  -18.417  -18.414  -18.414
  -18.404  -18.404  -18.399  -18.399  -18.395  -18.394  -18.393  -18.393  -18.391  -18.383
  -18.382  -18.378  -18.377  -18.371  -18.371  -18.363  -18.359  -18.358  -18.354  -18.351
  -18.349  -18.345  -18.341  -18.341  -18.334  -18.334  -18.329  -18.329  -18.323  -18.323
  -10.531  -10.462  -10.381  -10.337   -9.516   -9.418   -9.331   -9.291   -4.659   -4.460
   -4.182   -3.936   -3.080   -2.919   -2.801   -2.760   -1.586   -1.289   -1.199   -0.972
   -0.961   -0.838   -0.532   -0.252    0.167    0.205    0.336    0.491    0.514    0.590
    0.660    0.678    1.455    1.532    1.638    1.908    1.938    2.289    2.366    2.421
    4.441    4.748    4.882    5.115    5.136    5.320    5.493    5.675    5.729    5.928
    5.960    6.097    6.239    6.655    6.813    6.925    7.039    7.131    7.333    7.387
    7.458    7.575    7.623    7.759    7.931    8.291    8.409    8.870    9.186    9.388
    9.683    9.874   10.048   10.121   10.221   10.269   10.412   10.491   10.543   10.810
   10.940   11.156   11.362   11.435   11.569   11.612   11.826   12.042   12.073   12.135
   12.268   12.382   12.533   12.606   12.721   12.778   13.000   13.149   13.292   13.322
   13.348   13.470   13.670   13.797   14.005   14.103   14.293   14.320   14.458   14.622
   14.736   14.744   14.799   14.911   15.047   15.169   15.225   15.505   15.554   15.684
   15.771   15.884   15.931   16.013   16.241   16.434   16.496   16.597   16.636   16.842
   16.850   16.967   17.153   17.286   17.334   17.378   17.464   17.485   17.630   17.729
   17.761   17.812   17.860   17.972   18.106   18.256   18.300   18.405   18.526   18.588
   18.677   18.785   18.815   18.865   19.041   19.062   19.232   19.238   19.337   19.454
            0.150000  0.130940  0.000000
  -18.443  -18.438  -18.425  -18.425  -18.422  -18.421  -18.418  -18.417  -18.415  -18.414
  -18.403  -18.403  -18.400  -18.400  -18.396  -18.395  -18.393  -18.393  -18.391  -18.383
  -18.382  -18.378  -18.377  -18.372  -18.372  -18.363  -18.359  -18.358  -18.354  -18.351
  -18.349  -18.346  -18.341  -18.341  -18.334  -18.334  -18.330  -18.330  -18.323  -18.323
  -10.608  -10.538  -10.455  -10.409   -9.529   -9.424   -9.331   -9.286   -4.614   -4.415
   -4.137   -3.889   -2.916   -2.750   -2.633   -2.597   -1.659   -1.311   -1.090   -0.871
   -0.859   -0.752   -0.549   -0.252    0.222    0.257    0.338    0.420    0.462    0.486
    0.554    0.678    1.377    1.472    1.622    1.908    1.937    2.276    2.371    2.430
    4.355    4.735    4.959    5.160    5.247    5.446    5.652    5.735    5.858    5.958
    5.967    6.118    6.215    6.647    6.797    6.944    7.060    7.191    7.290    7.332
    7.547    7.611    7.736    7.774    7.927    8.250    8.422    8.864    9.218    9.339
    9.575    9.772    9.845    9.976   10.028   10.138   10.248   10.337   10.445   10.763
   10.892   11.166   11.345   11.475   11.540   11.630   11.874   12.025   12.138   12.230
   12.274   12.422   12.565   12.615   12.669   12.839   13.011   13.192   13.269   13.352
   13.406   13.464   13.600   13.929   13.980   14.160   14.276   14.337   14.377   14.527
   14.588   14.635   14.776   14.887   15.009   15.120   15.203   15.259   15.364   15.581
   15.621   15.836   15.930   16.021   16.187   16.241   16.347   16.434   16.480   16.617
   16.702   16.886   16.961   17.036   17.123   17.267   17.350   17.384   17.488   17.575
   17.626   17.687   17.854   17.986   18.195   18.239   18.371   18.446   18.639   18.724
   18.829   18.896   18.951   19.092   19.143   19.183   19.214   19.344   19.395   19.408
            0.125000  0.109117  0.000000
  -18.445  -18.439  -18.426  -18.425  -18.422  -18.420  -18.418  -18.418  -18.415  -18.414
  -18.403  -18.403  -18.400  -18.400  -18.396  -18.396  -18.392  -18.392  -18.391  -18.382
  -18.382  -18.378  -18.376  -18.373  -18.373  -18.363  -18.360  -18.358  -18.354  -18.350
  -18.348  -18.346  -18.340  -18.340  -18.334  -18.334  -18.330  -18.329  -18.323  -18.323
  -10.675  -10.603  -10.519  -10.472   -9.541   -9.431   -9.332   -9.282   -4.559   -4.362
   -4.084   -3.834   -2.752   -2.577   -2.462   -2.435   -1.716   -1.361   -1.020   -0.783
   -0.763   -0.650   -0.533   -0.287    0.068    0.203    0.271    0.321    0.430    0.504
    0.609    0.740    1.255    1.359    1.544    1.870    1.936    2.245    2.375    2.439
    4.265    4.696    5.094    5.268    5.378    5.651    5.724    5.815    5.878    5.927
    5.947    6.130    6.214    6.673    6.764    6.998    7.099    7.192    7.233    7.510
    7.602    7.774    7.834    7.908    8.017    8.235    8.406    8.843    9.258    9.304
    9.415    9.676    9.715    9.870    9.899   10.035   10.133   10.246   10.410   10.749
   10.845   11.176   11.262   11.437   11.458   11.652   11.849   12.065   12.158   12.215
   12.257   12.406   12.566   12.644   12.742   12.904   13.061   13.132   13.262   13.347
   13.424   13.493   13.651   13.752   14.033   14.138   14.180   14.284   14.341   14.534
   14.566   14.639   14.686   14.878   14.934   15.000   15.029   15.169   15.302   15.418
   15.573   15.703   15.869   15.898   16.015   16.080   16.090   16.320   16.384   16.481
   16.594   16.701   16.865   16.928   17.003   17.081   17.151   17.262   17.338   17.421
   17.507   17.702   17.878   18.017   18.117   18.205   18.453   18.551   18.650   18.671
   18.902   19.009   19.069   19.115   19.198   19.219   19.300   19.400   19.429   19.454
            0.100000  0.087294  0.000000
  -18.446  -18.441  -18.427  -18.425  -18.422  -18.420  -18.419  -18.418  -18.414  -18.413
  -18.404  -18.404  -18.399  -18.399  -18.397  -18.397  -18.391  -18.391  -18.390  -18.382
  -18.382  -18.377  -18.376  -18.374  -18.374  -18.362  -18.360  -18.357  -18.355  -18.349
  -18.348  -18.346  -18.340  -18.340  -18.334  -18.334  -18.329  -18.329  -18.323  -18.323
  -10.731  -10.658  -10.573  -10.525   -9.552   -9.437   -9.333   -9.280   -4.499   -4.304
   -4.027   -3.777   -2.598   -2.408   -2.294   -2.277   -1.750   -1.417   -1.017   -0.705
   -0.686   -0.560   -0.481   -0.333   -0.083    0.072    0.111    0.168    0.515    0.590
    0.699    0.806    1.118    1.214    1.411    1.769    1.965    2.232    2.385    2.454
    4.184    4.641    5.208    5.378    5.510    5.713    5.788    5.848    5.873    5.905
    6.000    6.152    6.259    6.736    6.736    7.013    7.079    7.162    7.410    7.582
    7.764    7.839    7.958    8.099    8.224    8.307    8.365    8.805    9.190    9.253
    9.386    9.619    9.641    9.794    9.870    9.968   10.086   10.225   10.429   10.733
   10.838   11.131   11.219   11.361   11.416   11.652   11.793   12.030   12.035   12.103
   12.251   12.370   12.457   12.677   12.711   12.878   13.079   13.194   13.221   13.366
   13.457   13.623   13.662   13.827   13.877   13.915   14.021   14.179   14.348   14.422
   14.558   14.590   14.670   14.721   14.886   14.924   15.090   15.139   15.236   15.305
   15.479   15.660   15.735   15.821   15.854   15.935   16.025   16.044   16.289   16.434
   16.552   16.610   16.688   16.758   16.889   17.028   17.094   17.129   17.332   17.423
   17.436   17.688   17.787   17.866   17.996   18.361   18.447   18.616   18.640   18.704
   18.749   18.864   18.948   18.967   19.128   19.235   19.334   19.378   19.496   19.550
            0.075000  0.065470  0.000000
  -18.448  -18.442  -18.429  -18.426  -18.421  -18.420  -18.420  -18.418  -18.414  -18.413
  -18.405  -18.404  -18.399  -18.399  -18.397  -18.397  -18.390  -18.390  -18.390  -18.382
  -18.382  -18.377  -18.376  -18.375  -18.375  -18.362  -18.360  -18.357  -18.355  -18.349
  -18.347  -18.347  -18.340  -18.339  -18.335  -18.335  -18.329  -18.328  -18.323  -18.323
  -10.775  -10.702  -10.615  -10.566   -9.561   -9.443   -9.335   -9.278   -4.440   -4.248
   -3.972   -3.723   -2.471   -2.251   -2.138   -2.127   -1.757   -1.470   -1.062   -0.666
   -0.636   -0.501   -0.428   -0.341   -0.184   -0.051   -0.037    0.026    0.593    0.673
    0.775    0.845    1.007    1.068    1.258    1.642    2.001    2.238    2.401    2.470
    4.120    4.590    5.235    5.487    5.583    5.627    5.720    5.795    5.849    6.019
    6.158    6.270    6.405    6.717    6.815    6.951    7.105    7.170    7.545    7.643
    7.821    7.942    8.101    8.214    8.290    8.401    8.584    8.756    9.088    9.154
    9.436    9.601    9.676    9.790    9.910    9.963   10.107   10.267   10.488   10.709
   10.873   11.063   11.171   11.264   11.446   11.640   11.725   11.855   11.941   11.987
   12.087   12.275   12.409   12.474   12.743   12.795   12.944   13.168   13.373   13.434
   13.514   13.623   13.653   13.688   13.808   13.893   13.991   14.092   14.165   14.272
   14.314   14.483   14.599   14.690   14.869   15.016   15.071   15.137   15.223   15.296
   15.409   15.551   15.662   15.751   15.863   15.910   16.045   16.064   16.204   16.315
   16.361   16.581   16.600   16.723   16.819   16.844   17.074   17.153   17.298   17.378
   17.579   17.630   17.667   17.685   18.005   18.067   18.454   18.498   18.610   18.638
   18.716   18.771   18.846   18.948   19.139   19.166   19.246   19.402   19.506   19.608
            0.050000  0.043647  0.000000
  -18.449  -18.442  -18.429  -18.427  -18.421  -18.421  -18.420  -18.418  -18.413  -18.412
  -18.405  -18.405  -18.399  -18.399  -18.397  -18.397  -18.390  -18.390  -18.390  -18.382
  -18.382  -18.377  -18.376  -18.375  -18.375  -18.362  -18.360  -18.357  -18.355  -18.349
  -18.347  -18.347  -18.339  -18.339  -18.335  -18.335  -18.328  -18.328  -18.324  -18.324
  -10.807  -10.733  -10.645  -10.596   -9.568   -9.447   -9.336   -9.277   -4.391   -4.201
   -3.927   -3.678   -2.387   -2.121   -2.000   -1.987   -1.748   -1.515   -1.120   -0.706
   -0.608   -0.469   -0.381   -0.309   -0.237   -0.149   -0.137   -0.090    0.652    0.737
    0.797    0.831    0.959    0.980    1.118    1.530    2.033    2.251    2.417    2.484
    4.073    4.551    5.224    5.499    5.546    5.577    5.662    5.806    5.845    6.056
    6.262    6.462    6.594    6.717    6.896    6.916    7.076    7.287    7.505    7.710
    7.924    7.943    8.173    8.251    8.313    8.604    8.716    8.811    9.010    9.095
    9.424    9.599    9.798    9.859    9.995   10.041   10.200   10.349   10.575   10.708
   10.896   11.001   11.121   11.192   11.485   11.609   11.659   11.686   11.777   11.839
   11.985   12.176   12.220   12.277   12.696   12.767   12.869   13.150   13.296   13.439
   13.452   13.544   13.595   13.734   13.812   13.833   13.912   13.931   14.086   14.142
   14.211   14.439   14.551   14.730   14.818   14.947   15.032   15.121   15.177   15.357
   15.507   15.555   15.690   15.738   15.843   15.912   16.038   16.105   16.255   16.335
   16.380   16.485   16.571   16.651   16.705   16.836   17.043   17.153   17.199   17.351
   17.512   17.597   17.623   17.707   17.791   17.994   18.209   18.342   18.378   18.598
   18.655   18.845   18.934   19.002   19.044   19.221   19.271   19.356   19.457   19.533
            0.025000  0.021823  0.000000
  -18.450  -18.443  -18.430  -18.427  -18.421  -18.421  -18.420  -18.417  -18.413  -18.412
  -18.406  -18.406  -18.400  -18.399  -18.397  -18.397  -18.390  -18.389  -18.389  -18.382
  -18.381  -18.377  -18.376  -18.376  -18.375  -18.362  -18.361  -18.357  -18.355  -18.348
  -18.347  -18.347  -18.339  -18.339  -18.335  -18.335  -18.328  -18.328  -18.324  -18.324
  -10.826  -10.752  -10.664  -10.614   -9.572   -9.450   -9.337   -9.277   -4.358   -4.169
   -3.896   -3.649   -2.343   -2.034   -1.892   -1.870   -1.749   -1.550   -1.169   -0.756
   -0.621   -0.434   -0.342   -0.314   -0.266   -0.209   -0.168   -0.158    0.687    0.742
    0.776    0.817    0.932    0.989    1.021    1.456    2.054    2.261    2.428    2.494
    4.046    4.527    5.210    5.458    5.498    5.539    5.620    5.839    5.868    6.079
    6.328    6.590    6.664    6.789    6.879    6.964    7.104    7.410    7.472    7.672
    7.904    8.047    8.137    8.217    8.437    8.663    8.762    8.948    8.967    9.062
    9.424    9.588    9.865    9.976   10.073   10.165   10.331   10.443   10.674   10.712
   10.869   10.945   11.132   11.165   11.489   11.523   11.610   11.623   11.655   11.675
   11.944   11.999   12.093   12.111   12.592   12.788   12.882   13.002   13.226   13.366
   13.444   13.566   13.611   13.638   13.666   13.779   13.856   13.931   14.001   14.076
   14.170   14.456   14.574   14.684   14.761   14.933   15.031   15.124   15.251   15.402
   15.509   15.532   15.714   15.820   15.867   16.014   16.025   16.083   16.214   16.306
   16.437   16.524   16.655   16.691   16.755   16.924   16.939   16.992   17.088   17.149
   17.444   17.529   17.559   17.734   17.871   18.001   18.097   18.241   18.276   18.386
   18.593   18.728   18.848   19.034   19.149   19.199   19.214   19.346   19.428   19.570
            0.000000  0.000000  0.000000
  -18.450  -18.443  -18.430  -18.428  -18.421  -18.421  -18.420  -18.417  -18.413  -18.412
  -18.406  -18.406  -18.400  -18.399  -18.397  -18.397  -18.390  -18.389  -18.389  -18.382
  -18.381  -18.377  -18.376  -18.376  -18.375  -18.362  -18.361  -18.357  -18.355  -18.348
  -18.347  -18.347  -18.339  -18.339  -18.335  -18.335  -18.328  -18.327  -18.324  -18.324
  -10.832  -10.758  -10.670  -10.620   -9.574   -9.451   -9.338   -9.276   -4.346   -4.158
   -3.886   -3.638   -2.331   -2.004   -1.848   -1.800   -1.774   -1.566   -1.188   -0.777
   -0.631   -0.410   -0.346   -0.326   -0.268   -0.223   -0.197   -0.156    0.694    0.727
    0.771    0.818    0.932    0.983    0.997    1.432    2.061    2.265    2.432    2.497
    4.037    4.519    5.204    5.440    5.481    5.523    5.604    5.843    5.886    6.090
    6.350    6.632    6.668    6.835    6.870    6.973    7.141    7.449    7.480    7.649
    7.880    8.090    8.126    8.193    8.479    8.660    8.800    8.954    8.993    9.050
    9.433    9.579    9.889   10.023   10.110   10.221   10.398   10.500   10.690   10.772
   10.779   10.965   11.126   11.189   11.477   11.484   11.532   11.593   11.628   11.656
   11.907   11.929   12.033   12.055   12.559   12.821   12.834   12.965   13.198   13.354
   13.471   13.505   13.529   13.630   13.652   13.829   13.830   13.873   13.960   14.087
   14.236   14.360   14.607   14.659   14.697   14.913   15.060   15.252   15.273   15.411
   15.483   15.568   15.624   15.846   15.932   15.997   16.026   16.069   16.190   16.371
   16.521   16.532   16.661   16.714   16.773   16.915   16.927   17.008   17.010   17.217
   17.217   17.370   17.517   17.798   18.071   18.074   18.129   18.135   18.250   18.258
   18.540   18.604   18.801   18.859   19.146   19.222   19.390   19.456   19.479   19.549
