 &plot nbnd= 300, nks=    61 /
            0.000000  0.000000  0.000000
  -17.343  -17.339  -17.335  -17.333  -17.323  -17.320  -17.318  -17.317  -17.312  -17.312
  -17.312  -17.311  -17.308  -17.307  -17.306  -17.304  -17.302  -17.301  -17.296  -17.296
  -17.293  -17.293  -17.289  -17.289  -17.287  -17.287  -17.283  -17.280  -17.280  -17.280
  -17.276  -17.276  -17.275  -17.271  -17.271  -17.266  -17.266  -17.266  -17.266  -17.255
  -17.253  -17.251  -17.251  -17.246  -17.246  -17.243  -17.241  -17.241  -17.237  -17.237
  -17.237  -17.234  -17.230  -17.230  -17.226  -17.225  -17.218  -17.218  -17.214  -17.214
   -9.740   -9.701   -9.648   -9.587   -9.534   -9.509   -8.495   -8.423   -8.336   -8.254
   -8.192   -8.162   -3.273   -3.180   -3.036   -2.849   -2.647   -2.497   -1.318   -1.083
   -0.886   -0.775   -0.717   -0.695   -0.694   -0.610   -0.428   -0.168    0.092    0.379
    0.446    0.681    0.717    0.725    0.753    0.786    0.831    0.857    0.893    0.923
    0.925    0.959    1.772    1.816    1.817    1.848    1.887    1.936    2.018    2.026
    2.081    2.114    2.316    2.674    3.129    3.251    3.378    3.495    3.578    3.603
    5.114    5.394    5.873    6.340    6.508    6.541    6.592    6.602    6.676    6.709
    6.749    6.973    6.982    7.156    7.305    7.538    7.702    7.740    7.792    7.801
    7.956    7.958    8.161    8.181    8.403    8.432    8.629    8.800    8.918    8.964
    9.106    9.168    9.329    9.330    9.378    9.642    9.799    9.866    9.970   10.012
   10.033   10.130   10.201   10.437   10.655   10.700   10.991   11.117   11.181   11.213
   11.405   11.442   11.476   11.556   11.697   11.727   11.905   11.996   12.039   12.092
   12.148   12.299   12.322   12.380   12.542   12.568   12.629   12.667   12.684   12.699
   12.834   12.841   12.981   13.033   13.061   13.136   13.145   13.175   13.701   13.919
   13.976   14.012   14.161   14.231   14.419   14.498   14.501   14.549   14.579   14.588
   14.679   14.698   14.768   14.802   14.852   14.973   14.984   15.049   15.161   15.245
   15.345   15.479   15.592   15.658   15.743   15.960   15.969   16.064   16.341   16.382
   16.433   16.454   16.549   16.588   16.688   16.796   16.804   16.914   16.927   16.996
   17.089   17.212   17.218   17.411   17.475   17.507   17.600   17.687   17.694   17.731
   17.889   17.920   17.992   18.025   18.065   18.072   18.181   18.392   18.456   18.469
   18.686   18.722   18.740   18.789   18.889   19.033   19.159   19.224   19.410   19.445
   19.464   19.589   19.667   19.745   19.778   19.866   20.041   20.193   20.249   20.447
   20.483   20.484   20.553   20.646   20.758   20.784   20.830   20.987   21.066   21.092
   21.176   21.292   21.417   21.550   21.576   21.580   21.669   21.696   21.785   21.922
            0.025000  0.000000  0.000000
  -17.343  -17.339  -17.335  -17.333  -17.323  -17.320  -17.318  -17.317  -17.312  -17.312
  -17.311  -17.311  -17.308  -17.307  -17.306  -17.304  -17.302  -17.301  -17.296  -17.296
  -17.293  -17.293  -17.289  -17.289  -17.287  -17.287  -17.283  -17.280  -17.280  -17.280
  -17.277  -17.276  -17.275  -17.271  -17.271  -17.266  -17.266  -17.266  -17.266  -17.255
  -17.253  -17.251  -17.251  -17.246  -17.246  -17.243  -17.241  -17.241  -17.237  -17.237
  -17.237  -17.234  -17.230  -17.230  -17.226  -17.225  -17.218  -17.218  -17.214  -17.214
   -9.736   -9.698   -9.644   -9.583   -9.530   -9.505   -8.493   -8.421   -8.334   -8.253
   -8.191   -8.161   -3.276   -3.184   -3.039   -2.853   -2.653   -2.503   -1.320   -1.088
   -0.897   -0.790   -0.730   -0.712   -0.700   -0.612   -0.426   -0.165    0.096    0.383
    0.449    0.647    0.703    0.740    0.763    0.771    0.832    0.855    0.912    0.918
    0.939    0.952    1.772    1.817    1.818    1.843    1.888    1.924    2.019    2.040
    2.080    2.108    2.329    2.685    3.130    3.253    3.380    3.496    3.578    3.601
    5.119    5.399    5.878    6.344    6.522    6.557    6.608    6.618    6.691    6.724
    6.760    6.982    6.989    7.133    7.285    7.520    7.679    7.745    7.766    7.796
    7.924    7.963    8.108    8.182    8.356    8.455    8.582    8.821    8.929    8.978
    9.087    9.187    9.343    9.349    9.366    9.615    9.803    9.834    9.976    9.996
   10.030   10.107   10.202   10.435   10.649   10.700   10.973   11.076   11.149   11.167
   11.343   11.379   11.405   11.514   11.672   11.698   11.919   12.008   12.070   12.076
   12.161   12.259   12.300   12.457   12.556   12.585   12.636   12.708   12.734   12.739
   12.832   12.833   13.036   13.042   13.127   13.167   13.194   13.216   13.726   13.938
   13.977   14.038   14.176   14.259   14.427   14.481   14.494   14.552   14.594   14.673
   14.714   14.718   14.824   14.826   14.871   14.978   15.013   15.086   15.173   15.269
   15.312   15.487   15.607   15.654   15.810   15.923   15.945   16.116   16.281   16.345
   16.394   16.431   16.547   16.562   16.633   16.764   16.805   16.885   16.995   17.046
   17.105   17.182   17.245   17.270   17.420   17.486   17.554   17.683   17.692   17.740
   17.771   17.829   17.929   18.131   18.252   18.290   18.324   18.371   18.438   18.469
   18.532   18.635   18.720   18.843   18.961   19.141   19.174   19.242   19.347   19.459
   19.591   19.598   19.628   19.720   19.799   19.841   19.973   20.356   20.366   20.431
   20.494   20.506   20.571   20.655   20.660   20.737   20.855   20.974   20.984   21.110
   21.127   21.276   21.493   21.531   21.586   21.635   21.691   21.716   21.757   21.925
            0.050000  0.000000  0.000000
  -17.342  -17.339  -17.334  -17.332  -17.322  -17.320  -17.317  -17.317  -17.313  -17.311
  -17.311  -17.311  -17.309  -17.308  -17.306  -17.305  -17.302  -17.302  -17.296  -17.296
  -17.293  -17.292  -17.289  -17.289  -17.287  -17.287  -17.284  -17.280  -17.280  -17.280
  -17.278  -17.275  -17.275  -17.271  -17.271  -17.266  -17.266  -17.266  -17.266  -17.255
  -17.253  -17.251  -17.251  -17.247  -17.246  -17.243  -17.241  -17.241  -17.237  -17.237
  -17.237  -17.234  -17.230  -17.230  -17.225  -17.225  -17.218  -17.218  -17.214  -17.214
   -9.724   -9.686   -9.633   -9.572   -9.519   -9.494   -8.488   -8.416   -8.330   -8.249
   -8.188   -8.158   -3.287   -3.195   -3.051   -2.866   -2.668   -2.521   -1.325   -1.105
   -0.930   -0.833   -0.776   -0.763   -0.710   -0.614   -0.419   -0.153    0.108    0.394
    0.461    0.599    0.660    0.729    0.755    0.800    0.802    0.891    0.908    0.931
    0.943    0.971    1.771    1.819    1.820    1.831    1.890    1.902    2.021    2.051
    2.094    2.098    2.363    2.717    3.133    3.261    3.387    3.498    3.575    3.596
    5.134    5.413    5.890    6.356    6.561    6.604    6.653    6.661    6.734    6.759
    6.798    7.001    7.008    7.070    7.220    7.458    7.624    7.699    7.761    7.775
    7.853    7.970    8.009    8.159    8.266    8.434    8.522    8.868    8.901    9.006
    9.075    9.206    9.321    9.397    9.411    9.544    9.758    9.811    9.939    9.974
   10.043   10.045   10.201   10.423   10.627   10.699   10.914   10.957   11.044   11.059
   11.201   11.231   11.244   11.414   11.593   11.625   11.913   11.971   12.138   12.141
   12.165   12.232   12.271   12.466   12.640   12.681   12.707   12.774   12.823   12.829
   12.854   12.871   13.057   13.197   13.241   13.280   13.316   13.328   13.803   13.996
   13.997   14.117   14.221   14.346   14.452   14.500   14.502   14.576   14.613   14.752
   14.831   14.832   14.873   14.907   14.947   15.032   15.096   15.153   15.233   15.274
   15.355   15.515   15.643   15.658   15.798   15.903   15.965   16.016   16.276   16.336
   16.383   16.427   16.440   16.490   16.609   16.683   16.770   16.855   16.908   16.968
   17.069   17.123   17.194   17.327   17.374   17.395   17.567   17.577   17.655   17.662
   17.810   17.849   18.055   18.237   18.266   18.317   18.327   18.417   18.475   18.511
   18.654   18.723   18.733   18.915   18.983   19.204   19.226   19.298   19.311   19.337
   19.603   19.612   19.697   19.844   19.943   19.969   20.129   20.229   20.304   20.399
   20.512   20.606   20.620   20.624   20.714   20.786   20.852   20.884   21.034   21.087
   21.147   21.223   21.374   21.524   21.647   21.672   21.704   21.801   21.829   21.908
            0.075000  0.000000  0.000000
  -17.342  -17.338  -17.334  -17.331  -17.321  -17.319  -17.316  -17.316  -17.313  -17.312
  -17.311  -17.310  -17.309  -17.308  -17.306  -17.305  -17.302  -17.302  -17.295  -17.295
  -17.292  -17.292  -17.289  -17.289  -17.287  -17.287  -17.284  -17.281  -17.281  -17.280
  -17.278  -17.275  -17.275  -17.272  -17.271  -17.266  -17.266  -17.266  -17.265  -17.255
  -17.253  -17.251  -17.250  -17.247  -17.246  -17.243  -17.241  -17.241  -17.237  -17.237
  -17.237  -17.234  -17.230  -17.230  -17.225  -17.225  -17.219  -17.218  -17.214  -17.214
   -9.705   -9.667   -9.613   -9.553   -9.500   -9.476   -8.478   -8.408   -8.323   -8.243
   -8.183   -8.154   -3.304   -3.213   -3.070   -2.888   -2.693   -2.551   -1.336   -1.137
   -0.986   -0.905   -0.853   -0.846   -0.721   -0.614   -0.404   -0.134    0.129    0.412
    0.479    0.551    0.613    0.688    0.758    0.764    0.844    0.896    0.902    0.932
    0.973    1.006    1.771    1.812    1.819    1.828    1.885    1.891    2.027    2.041
    2.076    2.142    2.413    2.766    3.138    3.273    3.396    3.500    3.570    3.587
    5.159    5.436    5.910    6.373    6.612    6.675    6.714    6.723    6.780    6.801
    6.867    6.932    7.041    7.061    7.117    7.342    7.561    7.613    7.703    7.767
    7.804    7.913    8.013    8.034    8.253    8.285    8.555    8.783    8.923    9.001
    9.098    9.172    9.348    9.445    9.451    9.468    9.660    9.792    9.884    9.923
    9.995   10.073   10.195   10.396   10.581   10.679   10.789   10.801   10.888   10.915
   11.031   11.054   11.076   11.284   11.476   11.537   11.865   11.911   12.153   12.226
   12.227   12.262   12.266   12.421   12.709   12.767   12.849   12.869   12.896   12.898
   13.011   13.017   13.091   13.311   13.401   13.431   13.478   13.527   13.929   14.082
   14.096   14.246   14.294   14.476   14.505   14.549   14.558   14.627   14.641   14.742
   14.863   14.919   15.027   15.048   15.080   15.171   15.182   15.192   15.319   15.390
   15.490   15.568   15.609   15.632   15.763   15.840   15.980   16.057   16.238   16.268
   16.320   16.437   16.451   16.474   16.483   16.533   16.679   16.787   16.868   16.909
   17.009   17.109   17.123   17.260   17.320   17.326   17.438   17.585   17.656   17.788
   17.892   17.922   18.091   18.148   18.213   18.305   18.445   18.462   18.577   18.604
   18.631   18.821   18.894   18.952   19.031   19.166   19.216   19.328   19.371   19.555
   19.619   19.713   19.748   19.981   20.074   20.126   20.197   20.239   20.314   20.335
   20.387   20.637   20.650   20.697   20.727   20.794   20.799   21.022   21.041   21.125
   21.192   21.282   21.365   21.576   21.628   21.655   21.685   21.794   21.826   21.992
            0.100000  0.000000  0.000000
  -17.340  -17.337  -17.333  -17.331  -17.320  -17.318  -17.315  -17.315  -17.314  -17.312
  -17.310  -17.310  -17.309  -17.309  -17.307  -17.306  -17.303  -17.303  -17.294  -17.294
  -17.292  -17.292  -17.290  -17.289  -17.287  -17.287  -17.284  -17.281  -17.281  -17.281
  -17.279  -17.274  -17.274  -17.272  -17.272  -17.267  -17.266  -17.265  -17.265  -17.255
  -17.253  -17.251  -17.250  -17.247  -17.246  -17.243  -17.241  -17.241  -17.238  -17.237
  -17.236  -17.234  -17.231  -17.231  -17.225  -17.224  -17.219  -17.219  -17.213  -17.213
   -9.678   -9.640   -9.587   -9.527   -9.475   -9.451   -8.466   -8.396   -8.313   -8.235
   -8.176   -8.149   -3.328   -3.238   -3.097   -2.918   -2.729   -2.591   -1.358   -1.187
   -1.065   -1.005   -0.956   -0.954   -0.730   -0.607   -0.383   -0.107    0.158    0.436
    0.502    0.507    0.570    0.647    0.728    0.756    0.866    0.878    0.899    0.971
    1.005    1.043    1.773    1.799    1.813    1.831    1.878    1.891    2.028    2.029
    2.068    2.193    2.473    2.826    3.144    3.290    3.407    3.501    3.560    3.572
    5.193    5.468    5.935    6.387    6.651    6.670    6.734    6.754    6.797    6.845
    6.922    6.926    7.034    7.101    7.103    7.197    7.490    7.498    7.610    7.710
    7.829    7.884    7.885    8.046    8.126    8.277    8.589    8.628    8.917    8.959
    9.108    9.162    9.364    9.386    9.473    9.502    9.560    9.699    9.813    9.893
    9.995   10.105   10.201   10.351   10.509   10.544   10.626   10.665   10.743   10.747
   10.854   10.877   10.978   11.144   11.353   11.435   11.816   11.823   12.132   12.234
   12.291   12.329   12.368   12.431   12.729   12.758   12.979   12.987   13.031   13.096
   13.151   13.168   13.223   13.356   13.566   13.599   13.673   13.776   14.085   14.226
   14.253   14.396   14.419   14.562   14.577   14.607   14.671   14.692   14.704   14.753
   14.854   14.877   15.068   15.097   15.157   15.274   15.326   15.455   15.496   15.541
   15.541   15.607   15.662   15.764   15.829   15.857   15.965   16.067   16.086   16.109
   16.252   16.307   16.400   16.450   16.534   16.626   16.635   16.711   16.717   16.916
   17.017   17.029   17.086   17.175   17.312   17.412   17.439   17.444   17.624   17.804
   17.903   18.024   18.041   18.125   18.397   18.398   18.485   18.536   18.552   18.654
   18.697   18.767   18.906   18.998   18.999   19.158   19.430   19.454   19.534   19.647
   19.747   19.773   19.900   19.918   20.001   20.123   20.250   20.357   20.411   20.427
   20.557   20.653   20.665   20.744   20.763   20.786   20.817   20.981   21.087   21.209
   21.265   21.301   21.520   21.583   21.608   21.698   21.751   21.807   21.879   22.028
            0.125000  0.000000  0.000000
  -17.339  -17.335  -17.331  -17.330  -17.319  -17.317  -17.315  -17.314  -17.313  -17.313
  -17.311  -17.310  -17.309  -17.308  -17.308  -17.306  -17.304  -17.303  -17.293  -17.293
  -17.291  -17.291  -17.290  -17.290  -17.287  -17.287  -17.284  -17.282  -17.282  -17.281
  -17.280  -17.274  -17.274  -17.272  -17.272  -17.267  -17.267  -17.265  -17.265  -17.256
  -17.253  -17.251  -17.250  -17.248  -17.246  -17.244  -17.241  -17.241  -17.238  -17.237
  -17.236  -17.234  -17.231  -17.231  -17.224  -17.224  -17.220  -17.219  -17.213  -17.213
   -9.643   -9.606   -9.553   -9.494   -9.442   -9.419   -8.451   -8.382   -8.301   -8.225
   -8.169   -8.142   -3.359   -3.269   -3.131   -2.956   -2.773   -2.642   -1.395   -1.257
   -1.169   -1.132   -1.080   -1.080   -0.732   -0.591   -0.352   -0.071    0.195    0.457
    0.477    0.512    0.552    0.611    0.696    0.745    0.829    0.894    0.937    1.010
    1.040    1.080    1.777    1.789    1.804    1.832    1.878    1.892    2.016    2.022
    2.087    2.248    2.536    2.892    3.150    3.312    3.419    3.498    3.545    3.550
    5.235    5.506    5.963    6.387    6.455    6.587    6.663    6.803    6.817    6.892
    6.959    6.966    7.098    7.102    7.137    7.163    7.360    7.429    7.534    7.632
    7.741    7.862    7.899    7.973    8.108    8.305    8.470    8.606    8.806    8.940
    9.105    9.155    9.305    9.391    9.449    9.470    9.531    9.586    9.695    9.927
   10.014   10.106   10.242   10.283   10.339   10.409   10.453   10.532   10.607   10.653
   10.717   10.756   10.920   11.009   11.251   11.322   11.694   11.808   12.131   12.139
   12.349   12.433   12.496   12.520   12.662   12.807   13.035   13.083   13.225   13.312
   13.315   13.331   13.397   13.430   13.685   13.767   13.893   14.035   14.230   14.343
   14.456   14.514   14.579   14.602   14.620   14.649   14.712   14.726   14.764   14.826
   14.872   14.896   15.023   15.040   15.142   15.474   15.559   15.588   15.634   15.658
   15.706   15.784   15.794   15.803   15.911   15.915   15.992   16.080   16.107   16.120
   16.198   16.252   16.284   16.414   16.426   16.535   16.710   16.807   16.812   16.878
   16.954   17.030   17.049   17.132   17.204   17.396   17.457   17.638   17.694   17.802
   17.905   17.945   17.970   18.119   18.433   18.505   18.544   18.604   18.630   18.684
   18.742   18.837   18.903   19.052   19.134   19.135   19.435   19.465   19.641   19.690
   19.772   19.795   19.940   19.999   20.145   20.258   20.304   20.455   20.490   20.517
   20.531   20.542   20.786   20.820   20.873   20.881   20.960   21.103   21.199   21.243
   21.255   21.321   21.568   21.623   21.675   21.711   21.731   21.829   22.017   22.098
            0.150000  0.000000  0.000000
  -17.337  -17.334  -17.330  -17.329  -17.317  -17.316  -17.314  -17.314  -17.313  -17.312
  -17.311  -17.311  -17.309  -17.308  -17.307  -17.307  -17.304  -17.304  -17.292  -17.291
  -17.291  -17.291  -17.291  -17.291  -17.286  -17.286  -17.284  -17.283  -17.282  -17.282
  -17.281  -17.274  -17.274  -17.272  -17.272  -17.267  -17.267  -17.264  -17.264  -17.256
  -17.254  -17.251  -17.250  -17.248  -17.246  -17.244  -17.241  -17.241  -17.238  -17.238
  -17.236  -17.234  -17.232  -17.231  -17.224  -17.224  -17.220  -17.220  -17.213  -17.213
   -9.601   -9.564   -9.513   -9.454   -9.403   -9.381   -8.433   -8.367   -8.288   -8.215
   -8.161   -8.136   -3.395   -3.307   -3.171   -3.001   -2.826   -2.702   -1.451   -1.349
   -1.296   -1.283   -1.219   -1.219   -0.722   -0.563   -0.313   -0.028    0.240    0.433
    0.489    0.501    0.575    0.584    0.670    0.727    0.798    0.919    0.980    1.050
    1.078    1.119    1.781    1.782    1.800    1.831    1.877    1.890    2.008    2.028
    2.119    2.304    2.599    2.956    3.155    3.340    3.431    3.488    3.523    3.524
    5.285    5.551    5.985    6.206    6.350    6.382    6.610    6.711    6.821    6.888
    6.979    7.005    7.108    7.108    7.198    7.212    7.311    7.353    7.463    7.554
    7.661    7.811    7.901    7.968    8.169    8.261    8.401    8.557    8.753    8.848
    9.105    9.111    9.261    9.339    9.406    9.412    9.500    9.501    9.593    9.961
   10.016   10.058   10.134   10.218   10.225   10.315   10.401   10.431   10.527   10.620
   10.665   10.713   10.869   10.889   11.190   11.210   11.573   11.802   12.032   12.156
   12.377   12.513   12.585   12.636   12.656   12.853   13.064   13.168   13.392   13.459
   13.499   13.517   13.563   13.639   13.778   13.903   14.081   14.225   14.337   14.365
   14.430   14.499   14.620   14.622   14.684   14.727   14.732   14.833   14.854   14.891
   15.003   15.048   15.050   15.108   15.177   15.250   15.655   15.689   15.756   15.801
   15.862   15.881   15.926   15.972   16.020   16.093   16.120   16.150   16.168   16.248
   16.250   16.296   16.341   16.355   16.456   16.550   16.672   16.722   16.852   16.926
   17.027   17.065   17.099   17.135   17.158   17.309   17.632   17.670   17.792   17.872
   17.898   17.977   17.996   18.050   18.485   18.494   18.591   18.607   18.641   18.710
   18.800   18.837   19.056   19.211   19.236   19.267   19.321   19.448   19.618   19.659
   19.792   19.897   19.956   20.066   20.125   20.238   20.404   20.449   20.546   20.562
   20.745   20.767   20.871   20.883   20.972   21.019   21.030   21.098   21.160   21.371
   21.382   21.556   21.587   21.635   21.721   21.730   21.776   21.791   21.963   22.052
            0.175000  0.000000  0.000000
  -17.335  -17.332  -17.329  -17.328  -17.317  -17.317  -17.314  -17.313  -17.313  -17.312
  -17.310  -17.310  -17.309  -17.308  -17.307  -17.307  -17.304  -17.304  -17.293  -17.292
  -17.290  -17.290  -17.290  -17.290  -17.286  -17.286  -17.284  -17.283  -17.283  -17.282
  -17.282  -17.274  -17.273  -17.273  -17.272  -17.267  -17.267  -17.264  -17.263  -17.257
  -17.254  -17.252  -17.250  -17.249  -17.246  -17.243  -17.241  -17.241  -17.238  -17.238
  -17.236  -17.234  -17.232  -17.232  -17.224  -17.224  -17.220  -17.220  -17.212  -17.212
   -9.553   -9.516   -9.465   -9.408   -9.357   -9.336   -8.414   -8.350   -8.274   -8.205
   -8.153   -8.131   -3.437   -3.350   -3.218   -3.052   -2.885   -2.768   -1.527   -1.463
   -1.452   -1.444   -1.367   -1.366   -0.697   -0.524   -0.265    0.024    0.292    0.411
    0.468    0.522    0.580    0.595    0.658    0.712    0.781    0.955    1.025    1.093
    1.119    1.160    1.780    1.780    1.807    1.828    1.873    1.884    2.015    2.046
    2.157    2.359    2.657    3.011    3.157    3.376    3.440    3.460    3.498    3.501
    5.342    5.597    5.956    5.960    6.205    6.232    6.495    6.615    6.764    6.805
    6.978    7.003    7.073    7.097    7.210    7.231    7.298    7.319    7.414    7.504
    7.617    7.740    7.894    8.047    8.137    8.241    8.440    8.442    8.721    8.768
    9.003    9.100    9.211    9.286    9.305    9.344    9.405    9.442    9.535    9.956
    9.975    9.982   10.023   10.141   10.144   10.231   10.458   10.506   10.573   10.644
   10.699   10.733   10.800   10.826   11.117   11.167   11.472   11.767   11.987   12.146
   12.384   12.569   12.585   12.746   12.769   12.890   13.120   13.232   13.431   13.640
   13.670   13.715   13.773   13.793   13.894   13.943   14.101   14.137   14.291   14.390
   14.444   14.519   14.542   14.597   14.706   14.830   14.857   14.930   14.931   15.040
   15.048   15.128   15.181   15.237   15.294   15.316   15.626   15.725   15.750   15.783
   15.858   15.995   16.009   16.158   16.222   16.251   16.279   16.351   16.363   16.373
   16.422   16.433   16.484   16.485   16.536   16.638   16.713   16.751   16.820   16.939
   17.036   17.091   17.139   17.202   17.311   17.347   17.675   17.682   17.741   17.970
   17.984   18.067   18.085   18.319   18.345   18.448   18.588   18.666   18.697   18.756
   18.762   18.855   19.170   19.225   19.252   19.437   19.460   19.504   19.641   19.642
   19.727   19.843   19.997   20.110   20.188   20.259   20.343   20.480   20.581   20.597
   20.721   20.801   20.989   21.055   21.096   21.106   21.153   21.159   21.357   21.434
   21.469   21.497   21.576   21.662   21.702   21.791   21.850   21.918   21.993   22.022
            0.200000  0.000000  0.000000
  -17.334  -17.331  -17.327  -17.327  -17.318  -17.317  -17.314  -17.314  -17.312  -17.311
  -17.310  -17.309  -17.308  -17.308  -17.307  -17.307  -17.303  -17.303  -17.294  -17.294
  -17.290  -17.290  -17.289  -17.289  -17.286  -17.285  -17.284  -17.284  -17.283  -17.282
  -17.282  -17.274  -17.273  -17.273  -17.273  -17.267  -17.267  -17.263  -17.263  -17.258
  -17.255  -17.253  -17.249  -17.249  -17.245  -17.243  -17.242  -17.241  -17.238  -17.238
  -17.236  -17.234  -17.233  -17.233  -17.224  -17.224  -17.219  -17.219  -17.212  -17.212
   -9.497   -9.461   -9.411   -9.355   -9.306   -9.285   -8.394   -8.333   -8.261   -8.195
   -8.147   -8.127   -3.482   -3.397   -3.268   -3.108   -2.949   -2.839   -1.632   -1.625
   -1.610   -1.597   -1.518   -1.517   -0.658   -0.474   -0.209    0.082    0.350    0.399
    0.456    0.522    0.599    0.601    0.658    0.711    0.794    1.000    1.069    1.140
    1.162    1.205    1.778    1.781    1.819    1.826    1.870    1.875    2.036    2.075
    2.200    2.411    2.708    3.050    3.156    3.413    3.419    3.437    3.478    3.487
    5.404    5.609    5.742    5.813    6.059    6.138    6.351    6.505    6.671    6.707
    6.928    6.956    7.024    7.038    7.117    7.186    7.281    7.322    7.390    7.464
    7.598    7.676    7.908    8.020    8.131    8.289    8.345    8.503    8.580    8.773
    8.886    9.021    9.145    9.205    9.209    9.229    9.281    9.363    9.505    9.952
    9.952    9.995   10.000   10.098   10.107   10.196   10.589   10.646   10.684   10.697
   10.733   10.796   10.853   10.854   11.057   11.156   11.411   11.701   12.005   12.093
   12.417   12.588   12.603   12.820   12.874   12.940   13.198   13.270   13.478   13.633
   13.704   13.757   13.854   13.925   14.029   14.051   14.061   14.146   14.165   14.349
   14.367   14.408   14.542   14.578   14.803   14.865   14.901   15.011   15.014   15.131
   15.206   15.245   15.311   15.400   15.480   15.512   15.559   15.750   15.829   15.852
   15.889   15.915   16.069   16.205   16.295   16.363   16.410   16.522   16.544   16.559
   16.644   16.666   16.681   16.707   16.731   16.812   16.855   16.909   16.918   16.943
   17.100   17.126   17.269   17.324   17.363   17.375   17.677   17.804   17.818   17.972
   18.141   18.195   18.264   18.317   18.358   18.563   18.586   18.608   18.818   18.821
   18.858   18.873   19.036   19.187   19.369   19.422   19.576   19.622   19.678   19.713
   19.801   19.856   19.940   20.167   20.291   20.306   20.335   20.440   20.556   20.624
   20.720   20.832   20.865   20.982   21.040   21.216   21.220   21.321   21.408   21.461
   21.469   21.548   21.557   21.659   21.673   21.755   21.786   21.887   21.944   22.006
            0.225000  0.000000  0.000000
  -17.332  -17.330  -17.326  -17.326  -17.320  -17.319  -17.316  -17.315  -17.311  -17.310
  -17.309  -17.309  -17.307  -17.307  -17.306  -17.306  -17.303  -17.303  -17.295  -17.295
  -17.290  -17.289  -17.288  -17.288  -17.285  -17.285  -17.284  -17.283  -17.283  -17.282
  -17.282  -17.274  -17.274  -17.273  -17.272  -17.268  -17.267  -17.262  -17.262  -17.258
  -17.256  -17.254  -17.249  -17.249  -17.245  -17.243  -17.242  -17.240  -17.238  -17.237
  -17.235  -17.234  -17.233  -17.233  -17.224  -17.224  -17.219  -17.219  -17.212  -17.211
   -9.435   -9.400   -9.351   -9.297   -9.249   -9.229   -8.375   -8.317   -8.249   -8.188
   -8.143   -8.125   -3.530   -3.446   -3.320   -3.166   -3.015   -2.912   -1.820   -1.787
   -1.751   -1.739   -1.672   -1.670   -0.605   -0.414   -0.145    0.147    0.398    0.413
    0.456    0.522    0.599    0.621    0.658    0.736    0.838    1.053    1.113    1.191
    1.206    1.252    1.777    1.782    1.822    1.829    1.867    1.871    2.069    2.111
    2.244    2.460    2.749    3.070    3.148    3.360    3.406    3.441    3.480    3.495
    5.434    5.460    5.622    5.706    5.897    6.060    6.264    6.350    6.515    6.672
    6.831    6.868    6.942    6.944    7.008    7.121    7.236    7.287    7.347    7.418
    7.567    7.606    7.909    7.935    8.185    8.189    8.418    8.430    8.566    8.657
    8.851    8.857    9.002    9.053    9.131    9.146    9.180    9.264    9.494   10.009
   10.052   10.072   10.085   10.122   10.129   10.222   10.660   10.661   10.794   10.796
   10.939   10.942   10.995   10.997   11.066   11.145   11.405   11.642   12.020   12.055
   12.479   12.590   12.608   12.863   12.950   13.013   13.261   13.283   13.407   13.482
   13.603   13.774   13.800   13.883   14.017   14.026   14.112   14.147   14.200   14.341
   14.395   14.419   14.540   14.614   14.740   14.786   14.941   15.167   15.183   15.253
   15.267   15.305   15.480   15.543   15.591   15.694   15.722   15.831   15.872   15.903
   15.931   15.949   16.020   16.263   16.337   16.367   16.494   16.563   16.716   16.814
   16.819   16.901   16.927   16.966   16.979   17.004   17.062   17.081   17.115   17.138
   17.197   17.212   17.340   17.444   17.468   17.475   17.834   17.841   17.956   17.988
   18.295   18.316   18.323   18.375   18.445   18.623   18.644   18.704   18.848   18.897
   18.923   18.987   19.058   19.162   19.249   19.413   19.654   19.663   19.739   19.796
   19.900   20.043   20.090   20.106   20.222   20.255   20.372   20.512   20.556   20.628
   20.750   20.821   20.836   20.909   20.928   20.990   21.193   21.240   21.252   21.293
   21.441   21.504   21.584   21.610   21.674   21.698   21.775   21.905   21.920   21.934
            0.250000  0.000000  0.000000
  -17.330  -17.329  -17.326  -17.326  -17.321  -17.320  -17.317  -17.317  -17.310  -17.309
  -17.308  -17.307  -17.306  -17.306  -17.305  -17.305  -17.302  -17.302  -17.296  -17.296
  -17.289  -17.289  -17.287  -17.287  -17.285  -17.285  -17.284  -17.282  -17.282  -17.281
  -17.281  -17.275  -17.274  -17.273  -17.272  -17.268  -17.267  -17.261  -17.261  -17.259
  -17.257  -17.256  -17.249  -17.249  -17.244  -17.244  -17.242  -17.240  -17.237  -17.237
  -17.235  -17.234  -17.234  -17.233  -17.224  -17.224  -17.218  -17.218  -17.211  -17.211
   -9.368   -9.334   -9.286   -9.233   -9.186   -9.168   -8.357   -8.303   -8.240   -8.183
   -8.142   -8.128   -3.577   -3.495   -3.372   -3.224   -3.080   -2.984   -2.010   -1.969
   -1.917   -1.874   -1.823   -1.821   -0.539   -0.345   -0.074    0.219    0.408    0.457
    0.491    0.530    0.605    0.636    0.661    0.782    0.902    1.110    1.154    1.241
    1.255    1.302    1.775    1.781    1.814    1.834    1.865    1.881    2.109    2.152
    2.288    2.504    2.778    3.072    3.133    3.299    3.362    3.427    3.486    3.535
    5.223    5.384    5.574    5.615    5.857    5.910    6.181    6.238    6.375    6.608
    6.710    6.746    6.830    6.842    6.913    7.051    7.163    7.212    7.277    7.353
    7.512    7.516    7.862    7.876    8.087    8.215    8.273    8.469    8.504    8.618
    8.648    8.766    8.837    8.941    9.011    9.080    9.104    9.169    9.505   10.114
   10.208   10.208   10.241   10.260   10.280   10.306   10.664   10.671   10.880   10.973
   11.105   11.143   11.156   11.176   11.229   11.234   11.455   11.610   11.954   12.125
   12.555   12.583   12.595   12.898   12.962   13.078   13.175   13.193   13.361   13.394
   13.525   13.616   13.757   13.783   13.806   13.978   14.076   14.114   14.216   14.393
   14.502   14.515   14.610   14.637   14.704   14.765   15.001   15.183   15.272   15.344
   15.345   15.423   15.651   15.677   15.704   15.707   15.803   15.825   15.972   15.975
   16.029   16.082   16.184   16.271   16.338   16.462   16.494   16.694   16.732   16.993
   17.010   17.066   17.111   17.139   17.232   17.234   17.286   17.293   17.308   17.321
   17.374   17.452   17.496   17.533   17.610   17.716   17.939   17.967   18.094   18.095
   18.239   18.446   18.474   18.549   18.565   18.711   18.727   18.780   18.905   18.935
   18.947   19.054   19.090   19.186   19.368   19.411   19.679   19.685   19.751   19.910
   19.989   20.098   20.148   20.162   20.229   20.241   20.376   20.464   20.585   20.629
   20.729   20.730   20.743   20.787   20.883   20.922   21.027   21.045   21.110   21.154
   21.347   21.462   21.513   21.537   21.574   21.702   21.733   21.779   21.823   21.913
            0.275000  0.000000  0.000000
  -17.329  -17.329  -17.326  -17.326  -17.322  -17.322  -17.318  -17.318  -17.310  -17.308
  -17.307  -17.306  -17.306  -17.305  -17.304  -17.304  -17.301  -17.301  -17.297  -17.297
  -17.289  -17.289  -17.287  -17.287  -17.285  -17.285  -17.284  -17.282  -17.281  -17.280
  -17.280  -17.275  -17.275  -17.273  -17.272  -17.268  -17.268  -17.261  -17.261  -17.260
  -17.258  -17.257  -17.250  -17.249  -17.244  -17.244  -17.242  -17.240  -17.237  -17.236
  -17.235  -17.235  -17.234  -17.233  -17.224  -17.224  -17.217  -17.217  -17.211  -17.211
   -9.295   -9.262   -9.216   -9.165   -9.120   -9.103   -8.342   -8.292   -8.234   -8.183
   -8.145   -8.134   -3.623   -3.542   -3.422   -3.278   -3.141   -3.051   -2.201   -2.153
   -2.089   -2.027   -1.973   -1.969   -0.463   -0.267    0.004    0.296    0.426    0.479
    0.547    0.560    0.622    0.653    0.674    0.839    0.977    1.171    1.193    1.285
    1.310    1.353    1.769    1.777    1.803    1.833    1.868    1.898    2.157    2.195
    2.330    2.541    2.796    3.059    3.109    3.237    3.314    3.399    3.485    3.568
    5.042    5.223    5.466    5.628    5.763    5.878    6.036    6.127    6.330    6.477
    6.594    6.604    6.713    6.748    6.837    6.962    7.076    7.105    7.195    7.266
    7.408    7.440    7.794    7.813    8.002    8.103    8.213    8.266    8.421    8.528
    8.572    8.640    8.798    8.830    8.893    8.968    9.050    9.128    9.541   10.213
   10.321   10.378   10.461   10.473   10.530   10.545   10.727   10.738   10.928   11.043
   11.230   11.347   11.350   11.418   11.463   11.471   11.545   11.642   11.926   12.214
   12.524   12.585   12.635   12.882   12.896   12.983   13.098   13.147   13.305   13.308
   13.466   13.520   13.561   13.664   13.701   13.923   13.995   14.109   14.250   14.365
   14.450   14.499   14.632   14.709   14.821   14.968   15.042   15.177   15.251   15.367
   15.386   15.569   15.630   15.698   15.735   15.755   15.906   15.932   16.111   16.129
   16.168   16.189   16.303   16.325   16.441   16.506   16.580   16.641   16.875   17.070
   17.105   17.151   17.233   17.271   17.323   17.458   17.481   17.504   17.559   17.589
   17.630   17.679   17.757   17.773   17.844   17.904   18.011   18.074   18.193   18.251
   18.402   18.530   18.585   18.659   18.705   18.800   18.825   18.904   18.954   18.996
   19.057   19.120   19.144   19.196   19.480   19.578   19.612   19.718   19.745   19.933
   19.974   20.028   20.074   20.224   20.270   20.342   20.371   20.439   20.496   20.520
   20.541   20.652   20.730   20.753   20.762   20.884   20.926   20.958   21.094   21.191
   21.238   21.292   21.380   21.389   21.475   21.568   21.657   21.735   21.738   21.822
            0.300000  0.000000  0.000000
  -17.329  -17.329  -17.326  -17.326  -17.323  -17.323  -17.320  -17.320  -17.309  -17.308
  -17.306  -17.305  -17.304  -17.304  -17.303  -17.303  -17.300  -17.300  -17.298  -17.298
  -17.289  -17.289  -17.287  -17.286  -17.286  -17.285  -17.283  -17.281  -17.280  -17.279
  -17.278  -17.276  -17.275  -17.273  -17.272  -17.268  -17.268  -17.261  -17.260  -17.260
  -17.259  -17.259  -17.250  -17.250  -17.245  -17.245  -17.242  -17.239  -17.236  -17.236
  -17.236  -17.235  -17.234  -17.233  -17.224  -17.224  -17.216  -17.216  -17.210  -17.210
   -9.218   -9.186   -9.142   -9.093   -9.049   -9.034   -8.331   -8.285   -8.234   -8.188
   -8.154   -8.146   -3.663   -3.584   -3.466   -3.327   -3.196   -3.110   -2.389   -2.334
   -2.261   -2.186   -2.127   -2.112   -0.377   -0.182    0.087    0.377    0.452    0.506
    0.572    0.623    0.657    0.679    0.699    0.899    1.059    1.219    1.243    1.323
    1.369    1.402    1.759    1.764    1.791    1.829    1.874    1.916    2.209    2.240
    2.370    2.571    2.804    3.033    3.077    3.176    3.264    3.362    3.467    3.571
    4.909    5.094    5.335    5.577    5.743    5.799    5.974    6.010    6.307    6.313
    6.457    6.474    6.607    6.681    6.756    6.860    6.977    6.987    7.103    7.170
    7.289    7.367    7.719    7.734    7.922    7.929    8.057    8.186    8.204    8.298
    8.581    8.603    8.708    8.748    8.824    8.866    9.008    9.143    9.601   10.292
   10.413   10.521   10.692   10.744   10.829   10.859   10.878   10.910   11.028   11.083
   11.374   11.472   11.574   11.608   11.653   11.698   11.724   11.815   12.000   12.294
   12.459   12.499   12.712   12.746   12.854   12.891   13.037   13.040   13.227   13.257
   13.346   13.418   13.510   13.590   13.594   13.846   13.928   14.145   14.221   14.305
   14.415   14.512   14.717   14.778   14.936   14.958   15.112   15.173   15.247   15.385
   15.410   15.513   15.592   15.764   15.851   15.875   16.001   16.020   16.158   16.187
   16.251   16.256   16.378   16.432   16.585   16.627   16.681   16.761   16.919   17.012
   17.115   17.235   17.363   17.381   17.500   17.515   17.625   17.672   17.704   17.889
   17.922   17.959   18.017   18.026   18.064   18.104   18.138   18.159   18.293   18.383
   18.552   18.646   18.700   18.835   18.844   18.946   18.975   19.003   19.049   19.096
   19.136   19.175   19.175   19.265   19.528   19.601   19.636   19.731   19.734   19.824
   19.909   19.929   19.993   20.142   20.158   20.232   20.258   20.397   20.404   20.538
   20.558   20.588   20.742   20.767   20.793   20.867   20.911   20.932   20.990   21.107
   21.195   21.233   21.311   21.322   21.389   21.408   21.538   21.604   21.633   21.638
            0.325000  0.000000  0.000000
  -17.330  -17.329  -17.326  -17.326  -17.324  -17.324  -17.321  -17.321  -17.308  -17.306
  -17.305  -17.305  -17.303  -17.303  -17.302  -17.302  -17.299  -17.299  -17.298  -17.298
  -17.289  -17.289  -17.287  -17.287  -17.286  -17.284  -17.282  -17.281  -17.279  -17.278
  -17.277  -17.276  -17.275  -17.273  -17.271  -17.268  -17.268  -17.262  -17.261  -17.261
  -17.259  -17.259  -17.250  -17.250  -17.246  -17.246  -17.241  -17.238  -17.236  -17.236
  -17.236  -17.235  -17.234  -17.233  -17.224  -17.224  -17.215  -17.215  -17.210  -17.210
   -9.137   -9.106   -9.064   -9.018   -8.976   -8.963   -8.325   -8.284   -8.239   -8.201
   -8.169   -8.165   -3.697   -3.618   -3.502   -3.367   -3.240   -3.159   -2.571   -2.511
   -2.431   -2.346   -2.278   -2.254   -0.284   -0.091    0.176    0.462    0.482    0.539
    0.606    0.666    0.710    0.712    0.747    0.957    1.147    1.246    1.311    1.354
    1.427    1.447    1.742    1.742    1.777    1.824    1.880    1.933    2.267    2.286
    2.406    2.594    2.805    2.999    3.040    3.120    3.212    3.314    3.425    3.531
    4.839    5.012    5.236    5.464    5.668    5.793    5.836    6.037    6.146    6.236
    6.320    6.349    6.524    6.636    6.659    6.780    6.845    6.891    7.003    7.076
    7.171    7.313    7.628    7.633    7.755    7.814    7.905    7.973    8.080    8.188
    8.508    8.527    8.574    8.663    8.698    8.915    8.999    9.201    9.679   10.363
   10.484   10.611   10.869   10.929   11.128   11.146   11.171   11.208   11.251   11.263
   11.499   11.534   11.624   11.795   11.808   11.950   11.958   12.041   12.186   12.257
   12.385   12.525   12.555   12.759   12.821   12.837   12.931   13.010   13.074   13.119
   13.346   13.433   13.455   13.481   13.546   13.814   13.845   14.135   14.276   14.305
   14.388   14.512   14.743   14.808   14.909   14.999   15.186   15.186   15.218   15.332
   15.421   15.543   15.636   15.834   15.894   15.951   15.996   16.057   16.189   16.237
   16.257   16.321   16.563   16.570   16.603   16.740   16.876   16.885   16.924   17.051
   17.116   17.220   17.340   17.422   17.580   17.699   17.751   17.766   17.834   17.983
   18.028   18.177   18.242   18.248   18.276   18.300   18.325   18.402   18.416   18.500
   18.728   18.846   18.895   18.932   18.947   19.013   19.031   19.111   19.121   19.128
   19.254   19.287   19.288   19.368   19.473   19.512   19.623   19.638   19.647   19.782
   19.804   19.835   19.912   19.995   19.998   20.092   20.151   20.358   20.378   20.536
   20.588   20.651   20.705   20.708   20.748   20.904   20.919   20.973   21.003   21.143
   21.174   21.215   21.220   21.276   21.280   21.447   21.490   21.499   21.543   21.563
            0.350000  0.000000  0.000000
  -17.330  -17.329  -17.327  -17.327  -17.326  -17.325  -17.322  -17.322  -17.307  -17.306
  -17.306  -17.305  -17.302  -17.302  -17.301  -17.301  -17.299  -17.299  -17.297  -17.297
  -17.289  -17.289  -17.287  -17.287  -17.285  -17.283  -17.281  -17.280  -17.279  -17.278
  -17.276  -17.275  -17.275  -17.273  -17.271  -17.268  -17.268  -17.263  -17.262  -17.262
  -17.258  -17.258  -17.250  -17.250  -17.247  -17.247  -17.240  -17.238  -17.237  -17.237
  -17.235  -17.235  -17.233  -17.233  -17.224  -17.224  -17.214  -17.214  -17.210  -17.209
   -9.053   -9.024   -8.985   -8.941   -8.901   -8.890   -8.325   -8.291   -8.253   -8.221
   -8.191   -8.189   -3.720   -3.641   -3.527   -3.395   -3.273   -3.195   -2.746   -2.682
   -2.595   -2.502   -2.427   -2.394   -0.185    0.006    0.268    0.513    0.548    0.574
    0.645    0.708    0.754    0.757    0.816    1.010    1.239    1.263    1.376    1.380
    1.482    1.485    1.710    1.717    1.762    1.817    1.884    1.947    2.328    2.333
    2.439    2.612    2.802    2.962    3.001    3.068    3.158    3.254    3.356    3.448
    4.833    4.982    5.178    5.374    5.549    5.685    5.859    5.965    6.058    6.113
    6.212    6.223    6.468    6.571    6.572    6.700    6.780    6.785    6.902    6.985
    7.064    7.280    7.508    7.516    7.593    7.625    7.777    7.858    7.902    8.194
    8.396    8.422    8.459    8.501    8.645    8.894    9.095    9.287    9.772   10.428
   10.556   10.684   10.988   10.993   11.415   11.418   11.491   11.492   11.555   11.589
   11.644   11.652   11.687   11.804   11.940   12.117   12.141   12.223   12.251   12.389
   12.402   12.416   12.604   12.632   12.711   12.835   12.916   12.980   13.064   13.095
   13.281   13.306   13.446   13.576   13.596   13.682   13.898   14.202   14.217   14.316
   14.400   14.449   14.713   14.901   14.919   14.968   15.173   15.201   15.304   15.357
   15.416   15.511   15.684   15.842   15.896   15.908   16.000   16.086   16.223   16.236
   16.364   16.455   16.609   16.701   16.775   16.778   16.892   16.910   17.026   17.032
   17.079   17.171   17.400   17.497   17.668   17.713   17.749   17.820   17.910   17.957
   17.973   18.309   18.337   18.413   18.428   18.512   18.579   18.592   18.604   18.754
   18.770   18.833   18.874   18.967   18.983   19.077   19.164   19.217   19.231   19.237
   19.268   19.333   19.377   19.432   19.436   19.491   19.494   19.585   19.648   19.677
   19.681   19.741   19.852   19.981   20.025   20.050   20.089   20.372   20.415   20.478
   20.487   20.513   20.528   20.794   20.822   20.966   20.968   21.100   21.122   21.143
   21.146   21.183   21.191   21.284   21.359   21.377   21.489   21.526   21.652   21.652
            0.375000  0.000000  0.000000
  -17.331  -17.330  -17.328  -17.328  -17.326  -17.326  -17.323  -17.323  -17.307  -17.307
  -17.306  -17.304  -17.301  -17.301  -17.300  -17.300  -17.300  -17.300  -17.296  -17.296
  -17.289  -17.288  -17.287  -17.287  -17.285  -17.282  -17.280  -17.279  -17.278  -17.278
  -17.275  -17.275  -17.275  -17.272  -17.271  -17.268  -17.268  -17.265  -17.263  -17.263
  -17.257  -17.257  -17.250  -17.250  -17.248  -17.248  -17.239  -17.237  -17.237  -17.237
  -17.235  -17.234  -17.233  -17.233  -17.224  -17.224  -17.213  -17.213  -17.209  -17.209
   -8.967   -8.940   -8.903   -8.863   -8.826   -8.816   -8.334   -8.305   -8.275   -8.252
   -8.219   -8.219   -3.730   -3.652   -3.539   -3.410   -3.291   -3.216   -2.911   -2.844
   -2.751   -2.651   -2.569   -2.529   -0.082    0.106    0.362    0.540    0.609    0.633
    0.687    0.753    0.801    0.806    0.885    1.054    1.275    1.332    1.389    1.449
    1.512    1.530    1.671    1.685    1.743    1.809    1.884    1.956    2.383    2.391
    2.472    2.626    2.798    2.929    2.964    3.020    3.099    3.180    3.264    3.335
    4.878    5.000    5.160    5.315    5.452    5.567    5.814    5.877    5.971    6.019
    6.096    6.111    6.407    6.507    6.546    6.586    6.683    6.782    6.831    6.902
    6.975    7.232    7.368    7.393    7.447    7.454    7.631    7.701    7.896    8.201
    8.281    8.287    8.347    8.375    8.586    8.846    9.230    9.392    9.874   10.482
   10.645   10.753   11.039   11.100   11.472   11.474   11.683   11.696   11.797   11.828
   11.892   11.925   11.964   11.996   11.997   12.012   12.243   12.300   12.385   12.458
   12.480   12.502   12.578   12.630   12.638   12.716   12.944   13.003   13.085   13.171
   13.266   13.297   13.533   13.648   13.651   13.765   14.016   14.039   14.204   14.306
   14.340   14.531   14.736   14.795   14.990   15.067   15.206   15.215   15.343   15.367
   15.443   15.502   15.650   15.824   15.892   15.925   15.927   16.032   16.281   16.343
   16.473   16.556   16.680   16.705   16.760   16.770   16.864   16.924   17.007   17.058
   17.076   17.194   17.476   17.530   17.598   17.611   17.718   17.818   17.879   17.913
   18.174   18.211   18.239   18.397   18.430   18.541   18.658   18.680   18.754   18.776
   18.858   18.880   18.885   18.905   19.069   19.105   19.153   19.173   19.227   19.239
   19.286   19.305   19.312   19.429   19.549   19.584   19.594   19.657   19.657   19.724
   19.800   19.807   19.893   19.952   20.112   20.138   20.169   20.222   20.236   20.475
   20.536   20.558   20.606   20.836   20.844   20.987   21.003   21.068   21.105   21.126
   21.250   21.290   21.300   21.330   21.412   21.440   21.594   21.614   21.722   21.759
            0.400000  0.000000  0.000000
  -17.331  -17.330  -17.329  -17.328  -17.327  -17.327  -17.324  -17.324  -17.308  -17.307
  -17.305  -17.302  -17.301  -17.301  -17.300  -17.299  -17.299  -17.299  -17.296  -17.295
  -17.289  -17.288  -17.287  -17.287  -17.285  -17.282  -17.279  -17.278  -17.278  -17.277
  -17.274  -17.274  -17.274  -17.272  -17.270  -17.269  -17.268  -17.266  -17.265  -17.264
  -17.257  -17.256  -17.250  -17.250  -17.249  -17.248  -17.238  -17.238  -17.238  -17.236
  -17.234  -17.234  -17.233  -17.233  -17.224  -17.223  -17.212  -17.212  -17.209  -17.209
   -8.880   -8.855   -8.821   -8.785   -8.750   -8.743   -8.350   -8.328   -8.307   -8.293
   -8.255   -8.254   -3.726   -3.648   -3.536   -3.408   -3.293   -3.221   -3.065   -2.994
   -2.897   -2.791   -2.703   -2.657    0.024    0.207    0.456    0.556    0.637    0.712
    0.728    0.800    0.851    0.858    0.946    1.085    1.284    1.392    1.430    1.513
    1.528    1.565    1.624    1.647    1.725    1.801    1.880    1.956    2.438    2.453
    2.511    2.639    2.794    2.902    2.933    2.975    3.036    3.095    3.159    3.210
    4.959    5.056    5.180    5.289    5.382    5.469    5.674    5.831    5.852    5.945
    5.972    6.005    6.343    6.466    6.497    6.570    6.601    6.723    6.837    6.837
    6.910    7.135    7.229    7.273    7.301    7.328    7.570    7.575    7.914    8.133
    8.146    8.161    8.297    8.304    8.523    8.791    9.376    9.507    9.982   10.522
   10.753   10.811   11.092   11.201   11.380   11.453   11.695   11.705   11.846   11.948
   12.039   12.087   12.120   12.157   12.267   12.275   12.339   12.384   12.436   12.469
   12.577   12.604   12.612   12.652   12.782   12.837   12.842   12.865   13.156   13.294
   13.327   13.473   13.684   13.733   13.804   13.869   13.961   14.076   14.182   14.252
   14.329   14.624   14.745   14.762   15.073   15.095   15.203   15.295   15.326   15.379
   15.522   15.586   15.653   15.744   15.758   15.942   15.965   16.043   16.256   16.409
   16.452   16.551   16.624   16.673   16.739   16.751   16.848   16.888   16.981   17.118
   17.183   17.255   17.285   17.329   17.419   17.680   17.707   17.811   17.905   17.931
   17.987   18.073   18.173   18.268   18.434   18.457   18.549   18.617   18.628   18.662
   18.722   18.827   18.927   19.000   19.041   19.069   19.143   19.144   19.194   19.200
   19.281   19.368   19.473   19.519   19.548   19.632   19.708   19.807   19.829   19.831
   19.986   19.990   20.010   20.032   20.066   20.082   20.258   20.308   20.462   20.546
   20.631   20.634   20.732   20.834   20.863   20.977   20.983   21.028   21.186   21.207
   21.333   21.357   21.394   21.411   21.532   21.577   21.622   21.732   21.777   21.878
            0.425000  0.000000  0.000000
  -17.332  -17.330  -17.330  -17.329  -17.328  -17.327  -17.325  -17.325  -17.308  -17.308
  -17.303  -17.302  -17.302  -17.301  -17.299  -17.298  -17.298  -17.298  -17.295  -17.295
  -17.289  -17.288  -17.287  -17.287  -17.285  -17.283  -17.278  -17.278  -17.277  -17.277
  -17.274  -17.274  -17.273  -17.271  -17.270  -17.269  -17.268  -17.267  -17.265  -17.265
  -17.256  -17.256  -17.250  -17.250  -17.250  -17.249  -17.238  -17.238  -17.237  -17.235
  -17.234  -17.234  -17.233  -17.233  -17.224  -17.223  -17.211  -17.211  -17.209  -17.209
   -8.793   -8.770   -8.741   -8.709   -8.677   -8.672   -8.376   -8.362   -8.350   -8.344
   -8.296   -8.296   -3.705   -3.627   -3.516   -3.391   -3.278   -3.209   -3.204   -3.133
   -3.031   -2.921   -2.828   -2.777    0.129    0.307    0.545    0.555    0.652    0.757
    0.788    0.844    0.902    0.912    0.993    1.101    1.299    1.398    1.523    1.531
    1.569    1.572    1.581    1.604    1.711    1.798    1.872    1.945    2.498    2.512
    2.561    2.654    2.791    2.880    2.907    2.931    2.969    3.006    3.051    3.089
    5.063    5.140    5.233    5.298    5.341    5.395    5.554    5.701    5.783    5.831
    5.864    5.891    6.302    6.425    6.459    6.546    6.591    6.679    6.798    6.821
    6.870    7.016    7.109    7.162    7.203    7.226    7.494    7.586    7.907    7.989
    8.045    8.055    8.232    8.341    8.461    8.731    9.524    9.622   10.091   10.541
   10.839   10.878   11.150   11.162   11.398   11.441   11.684   11.690   11.787   11.889
   11.978   12.015   12.096   12.212   12.336   12.525   12.564   12.586   12.607   12.622
   12.630   12.722   12.740   12.811   12.817   12.868   12.959   13.007   13.147   13.442
   13.494   13.594   13.771   13.824   13.876   13.934   14.040   14.057   14.265   14.294
   14.430   14.640   14.706   14.877   14.922   15.171   15.311   15.385   15.393   15.415
   15.514   15.626   15.702   15.731   15.759   15.943   15.970   16.019   16.153   16.161
   16.444   16.478   16.556   16.643   16.685   16.698   16.845   16.847   16.982   17.029
   17.068   17.115   17.293   17.345   17.483   17.512   17.651   17.660   17.739   17.873
   17.961   18.015   18.156   18.252   18.302   18.305   18.362   18.465   18.523   18.567
   18.680   18.751   18.794   18.807   18.942   18.945   19.105   19.207   19.242   19.258
   19.419   19.456   19.534   19.558   19.677   19.692   19.741   19.860   19.880   19.976
   20.000   20.066   20.158   20.211   20.312   20.354   20.418   20.430   20.508   20.600
   20.676   20.722   20.847   20.950   20.988   21.011   21.154   21.164   21.265   21.312
   21.313   21.340   21.369   21.538   21.661   21.735   21.766   21.823   21.867   21.944
            0.450000  0.000000  0.000000
  -17.332  -17.331  -17.330  -17.330  -17.328  -17.328  -17.325  -17.325  -17.309  -17.309
  -17.302  -17.302  -17.302  -17.300  -17.299  -17.298  -17.297  -17.297  -17.295  -17.294
  -17.289  -17.288  -17.286  -17.286  -17.286  -17.283  -17.278  -17.278  -17.277  -17.276
  -17.274  -17.274  -17.272  -17.271  -17.270  -17.269  -17.268  -17.268  -17.266  -17.266
  -17.255  -17.255  -17.250  -17.250  -17.250  -17.250  -17.239  -17.238  -17.236  -17.235
  -17.234  -17.234  -17.232  -17.232  -17.223  -17.223  -17.211  -17.210  -17.209  -17.209
   -8.707   -8.688   -8.663   -8.637   -8.607   -8.604   -8.411   -8.406   -8.402   -8.402
   -8.341   -8.341   -3.666   -3.589   -3.479   -3.356   -3.331   -3.260   -3.241   -3.179
   -3.150   -3.038   -2.940   -2.885    0.232    0.403    0.530    0.627    0.647    0.775
    0.848    0.881    0.948    0.964    1.022    1.101    1.322    1.408    1.516    1.525
    1.563    1.577    1.612    1.614    1.702    1.801    1.864    1.920    2.566    2.571
    2.623    2.676    2.791    2.852    2.869    2.884    2.911    2.930    2.958    2.985
    5.179    5.242    5.309    5.331    5.336    5.356    5.458    5.584    5.683    5.705
    5.754    5.772    6.291    6.399    6.438    6.521    6.583    6.663    6.761    6.786
    6.856    6.903    7.005    7.063    7.168    7.176    7.482    7.618    7.833    7.843
    7.976    8.005    8.199    8.366    8.426    8.668    9.664    9.727   10.195   10.523
   10.830   11.011   11.020   11.258   11.463   11.489   11.646   11.670   11.709   11.816
   11.869   11.962   11.981   12.212   12.335   12.421   12.493   12.709   12.765   12.793
   12.814   12.895   12.948   12.950   13.034   13.038   13.086   13.144   13.238   13.458
   13.653   13.671   13.830   13.879   13.972   14.018   14.074   14.167   14.276   14.440
   14.592   14.610   14.740   14.774   15.053   15.278   15.332   15.399   15.473   15.502
   15.518   15.694   15.738   15.773   15.816   15.879   15.904   15.962   15.994   16.039
   16.343   16.347   16.399   16.534   16.557   16.660   16.788   16.813   16.867   16.906
   16.949   17.187   17.279   17.369   17.482   17.484   17.546   17.557   17.678   17.752
   17.813   17.917   18.117   18.222   18.228   18.292   18.339   18.370   18.432   18.480
   18.525   18.565   18.601   18.687   18.832   18.978   19.178   19.246   19.265   19.341
   19.365   19.490   19.501   19.523   19.704   19.747   19.796   19.960   19.996   20.121
   20.176   20.224   20.260   20.303   20.362   20.387   20.551   20.561   20.648   20.672
   20.862   20.885   20.943   20.957   21.037   21.101   21.255   21.326   21.335   21.356
   21.459   21.509   21.536   21.654   21.739   21.798   21.809   21.873   21.894   21.955
            0.475000  0.000000  0.000000
  -17.332  -17.331  -17.330  -17.330  -17.328  -17.328  -17.326  -17.325  -17.309  -17.309
  -17.302  -17.302  -17.301  -17.300  -17.299  -17.298  -17.296  -17.296  -17.295  -17.294
  -17.289  -17.289  -17.286  -17.286  -17.285  -17.284  -17.278  -17.278  -17.276  -17.276
  -17.273  -17.273  -17.271  -17.271  -17.270  -17.269  -17.268  -17.267  -17.267  -17.266
  -17.255  -17.255  -17.251  -17.250  -17.250  -17.250  -17.239  -17.239  -17.235  -17.234
  -17.234  -17.233  -17.232  -17.232  -17.223  -17.223  -17.210  -17.210  -17.209  -17.209
   -8.624   -8.608   -8.589   -8.570   -8.546   -8.544   -8.471   -8.464   -8.457   -8.454
   -8.388   -8.388   -3.610   -3.533   -3.442   -3.424   -3.365   -3.304   -3.257   -3.197
   -3.138   -3.129   -3.039   -2.981    0.328    0.482    0.490    0.616    0.697    0.773
    0.889    0.904    0.987    1.008    1.033    1.086    1.358    1.428    1.460    1.498
    1.546    1.564    1.642    1.679    1.708    1.800    1.860    1.885    2.638    2.640
    2.688    2.711    2.793    2.797    2.801    2.816    2.852    2.885    2.920    2.924
    5.298    5.318    5.340    5.359    5.399    5.411    5.418    5.488    5.567    5.583
    5.637    5.650    6.307    6.380    6.430    6.503    6.570    6.658    6.703    6.801
    6.810    6.871    6.916    6.979    7.172    7.173    7.523    7.648    7.716    7.748
    7.933    7.971    8.214    8.316    8.474    8.603    9.774    9.803   10.289   10.463
   10.817   10.903   11.173   11.373   11.497   11.512   11.531   11.642   11.696   11.745
   11.775   11.981   11.983   12.072   12.287   12.328   12.503   12.752   12.826   12.890
   12.955   13.013   13.036   13.089   13.135   13.189   13.207   13.228   13.341   13.440
   13.733   13.748   13.905   13.927   14.116   14.133   14.166   14.204   14.358   14.473
   14.505   14.583   14.697   15.041   15.158   15.231   15.412   15.474   15.498   15.566
   15.611   15.707   15.710   15.752   15.785   15.827   15.856   15.886   15.908   16.006
   16.145   16.209   16.403   16.424   16.466   16.569   16.718   16.719   16.782   16.841
   16.948   17.105   17.312   17.330   17.369   17.455   17.498   17.610   17.645   17.804
   17.841   17.863   17.904   18.088   18.221   18.236   18.277   18.327   18.358   18.423
   18.484   18.498   18.552   18.673   18.788   18.878   19.136   19.173   19.333   19.365
   19.428   19.496   19.532   19.641   19.650   19.685   19.866   20.014   20.042   20.121
   20.217   20.257   20.327   20.346   20.516   20.551   20.688   20.709   20.761   20.789
   20.846   20.904   20.934   21.010   21.148   21.149   21.298   21.347   21.463   21.468
   21.547   21.641   21.724   21.741   21.779   21.779   21.851   21.891   21.938   21.946
            0.500000  0.000000  0.000000
  -17.332  -17.332  -17.330  -17.330  -17.328  -17.328  -17.326  -17.325  -17.309  -17.309
  -17.302  -17.302  -17.300  -17.300  -17.299  -17.299  -17.296  -17.296  -17.294  -17.294
  -17.289  -17.289  -17.286  -17.286  -17.284  -17.284  -17.278  -17.278  -17.276  -17.276
  -17.273  -17.273  -17.271  -17.270  -17.270  -17.270  -17.268  -17.268  -17.267  -17.267
  -17.255  -17.255  -17.251  -17.251  -17.250  -17.250  -17.239  -17.239  -17.235  -17.235
  -17.234  -17.234  -17.232  -17.232  -17.223  -17.223  -17.210  -17.210  -17.210  -17.209
   -8.545   -8.545   -8.535   -8.535   -8.523   -8.523   -8.511   -8.511   -8.503   -8.503
   -8.416   -8.416   -3.535   -3.535   -3.458   -3.458   -3.351   -3.351   -3.230   -3.230
   -3.124   -3.124   -3.061   -3.061    0.413    0.413    0.562    0.562    0.747    0.747
    0.908    0.908    1.012    1.012    1.058    1.058    1.405    1.405    1.461    1.461
    1.551    1.551    1.666    1.666    1.770    1.770    1.862    1.863    2.712    2.712
    2.719    2.719    2.748    2.748    2.773    2.773    2.841    2.841    2.915    2.915
    5.328    5.328    5.396    5.396    5.443    5.443    5.473    5.473    5.521    5.521
    5.532    5.532    6.341    6.341    6.462    6.462    6.604    6.604    6.736    6.736
    6.847    6.847    6.914    6.914    7.179    7.179    7.600    7.600    7.692    7.692
    7.938    7.938    8.259    8.259    8.537    8.537    9.825    9.825   10.378   10.378
   10.837   10.837   11.340   11.340   11.471   11.471   11.611   11.611   11.639   11.639
   11.908   11.908   12.020   12.020   12.243   12.243   12.639   12.639   12.900   12.900
   13.023   13.023   13.100   13.100   13.195   13.195   13.256   13.256   13.414   13.414
   13.766   13.766   13.957   13.957   14.175   14.175   14.288   14.288   14.356   14.356
   14.485   14.485   14.937   14.937   15.204   15.204   15.522   15.522   15.619   15.619
   15.648   15.648   15.677   15.677   15.764   15.764   15.830   15.830   15.929   15.929
   16.103   16.103   16.448   16.448   16.544   16.544   16.566   16.566   16.843   16.843
   16.961   16.961   17.308   17.308   17.393   17.393   17.606   17.606   17.655   17.655
   17.885   17.885   18.052   18.052   18.076   18.076   18.295   18.295   18.338   18.338
   18.533   18.533   18.576   18.577   18.919   18.919   18.998   18.998   19.376   19.376
   19.524   19.524   19.607   19.607   19.702   19.702   19.911   19.911   19.954   19.954
   20.394   20.395   20.467   20.467   20.540   20.540   20.597   20.597   20.762   20.762
   20.991   20.991   21.068   21.068   21.093   21.093   21.388   21.388   21.474   21.474
   21.596   21.596   21.661   21.661   21.835   21.835   21.903   21.903   21.987   21.987
            0.500000  0.021823  0.000000
  -17.332  -17.332  -17.330  -17.330  -17.328  -17.328  -17.326  -17.326  -17.309  -17.309
  -17.302  -17.302  -17.300  -17.300  -17.299  -17.299  -17.296  -17.296  -17.294  -17.294
  -17.289  -17.289  -17.286  -17.286  -17.284  -17.284  -17.278  -17.278  -17.276  -17.276
  -17.273  -17.273  -17.271  -17.270  -17.270  -17.270  -17.268  -17.268  -17.267  -17.267
  -17.255  -17.254  -17.251  -17.251  -17.250  -17.250  -17.239  -17.239  -17.235  -17.235
  -17.234  -17.234  -17.232  -17.232  -17.223  -17.223  -17.210  -17.210  -17.210  -17.209
   -8.544   -8.544   -8.534   -8.534   -8.522   -8.522   -8.510   -8.510   -8.502   -8.502
   -8.415   -8.415   -3.532   -3.532   -3.456   -3.456   -3.348   -3.348   -3.228   -3.228
   -3.123   -3.123   -3.060   -3.059    0.408    0.408    0.555    0.555    0.736    0.736
    0.894    0.894    0.997    0.997    1.044    1.044    1.382    1.382    1.443    1.443
    1.542    1.542    1.667    1.667    1.778    1.778    1.865    1.865    2.705    2.705
    2.712    2.712    2.733    2.733    2.777    2.777    2.852    2.852    2.917    2.917
    5.308    5.308    5.388    5.388    5.454    5.454    5.478    5.478    5.524    5.524
    5.536    5.536    6.357    6.357    6.480    6.480    6.629    6.629    6.770    6.770
    6.886    6.886    6.955    6.955    7.188    7.188    7.607    7.607    7.697    7.697
    7.939    7.939    8.256    8.256    8.531    8.531    9.826    9.826   10.380   10.380
   10.834   10.834   11.239   11.239   11.405   11.405   11.651   11.651   11.724   11.724
   11.861   11.861   12.059   12.059   12.273   12.273   12.635   12.635   12.891   12.891
   12.992   12.992   13.123   13.123   13.212   13.212   13.265   13.265   13.414   13.414
   13.775   13.775   13.964   13.964   14.168   14.168   14.250   14.250   14.379   14.379
   14.536   14.537   14.940   14.940   15.210   15.210   15.515   15.515   15.623   15.623
   15.650   15.650   15.679   15.679   15.766   15.766   15.831   15.831   15.932   15.933
   16.111   16.111   16.410   16.410   16.521   16.521   16.615   16.615   16.781   16.781
   16.952   16.952   17.294   17.294   17.393   17.393   17.467   17.467   17.662   17.662
   17.888   17.888   18.062   18.062   18.196   18.196   18.272   18.272   18.326   18.326
   18.542   18.542   18.593   18.593   18.940   18.940   19.052   19.052   19.334   19.334
   19.520   19.520   19.570   19.570   19.703   19.703   19.948   19.948   19.988   19.988
   20.307   20.307   20.401   20.401   20.572   20.572   20.630   20.630   20.781   20.781
   20.957   20.957   21.001   21.002   21.143   21.143   21.382   21.382   21.463   21.463
   21.577   21.578   21.651   21.651   21.839   21.839   21.904   21.904   21.948   21.948
            0.500000  0.043647  0.000000
  -17.332  -17.332  -17.331  -17.331  -17.329  -17.329  -17.326  -17.326  -17.309  -17.309
  -17.303  -17.303  -17.300  -17.300  -17.299  -17.299  -17.296  -17.296  -17.295  -17.294
  -17.289  -17.289  -17.286  -17.286  -17.284  -17.284  -17.278  -17.278  -17.276  -17.276
  -17.273  -17.273  -17.271  -17.271  -17.270  -17.270  -17.268  -17.268  -17.267  -17.267
  -17.255  -17.254  -17.251  -17.251  -17.250  -17.250  -17.239  -17.239  -17.235  -17.235
  -17.234  -17.234  -17.232  -17.232  -17.223  -17.223  -17.210  -17.210  -17.210  -17.209
   -8.541   -8.541   -8.530   -8.530   -8.519   -8.518   -8.506   -8.506   -8.499   -8.499
   -8.412   -8.412   -3.524   -3.524   -3.448   -3.448   -3.341   -3.341   -3.222   -3.222
   -3.117   -3.117   -3.055   -3.055    0.393    0.393    0.533    0.533    0.703    0.703
    0.852    0.852    0.953    0.953    1.001    1.001    1.327    1.327    1.400    1.400
    1.518    1.518    1.663    1.663    1.791    1.791    1.870    1.870    2.674    2.674
    2.681    2.681    2.716    2.716    2.786    2.786    2.873    2.873    2.932    2.932
    5.261    5.261    5.361    5.361    5.467    5.467    5.506    5.506    5.538    5.538
    5.555    5.555    6.410    6.410    6.538    6.538    6.701    6.701    6.859    6.859
    6.987    6.987    7.067    7.067    7.221    7.221    7.630    7.630    7.713    7.713
    7.942    7.942    8.248    8.248    8.515    8.515    9.829    9.829   10.387   10.387
   10.823   10.823   11.082   11.082   11.276   11.276   11.658   11.658   11.753   11.753
   11.916   11.916   12.132   12.132   12.316   12.316   12.643   12.643   12.866   12.866
   12.939   12.939   13.152   13.152   13.254   13.254   13.302   13.302   13.422   13.422
   13.800   13.800   13.982   13.982   14.164   14.164   14.183   14.183   14.446   14.446
   14.634   14.634   14.952   14.952   15.224   15.224   15.506   15.506   15.616   15.616
   15.658   15.658   15.690   15.690   15.772   15.772   15.835   15.835   15.943   15.943
   16.127   16.127   16.329   16.329   16.495   16.495   16.653   16.653   16.699   16.699
   16.867   16.867   17.183   17.183   17.309   17.310   17.424   17.424   17.621   17.621
   17.927   17.927   18.049   18.049   18.153   18.153   18.255   18.255   18.497   18.497
   18.594   18.594   18.653   18.653   18.947   18.947   19.171   19.171   19.295   19.295
   19.384   19.384   19.586   19.586   19.718   19.718   19.983   19.983   20.085   20.085
   20.175   20.175   20.280   20.280   20.508   20.508   20.727   20.727   20.800   20.800
   20.833   20.833   20.996   20.996   21.144   21.144   21.349   21.349   21.439   21.439
   21.521   21.521   21.620   21.620   21.833   21.833   21.881   21.881   21.925   21.925
            0.500000  0.065470  0.000000
  -17.332  -17.332  -17.331  -17.331  -17.329  -17.329  -17.326  -17.326  -17.310  -17.309
  -17.303  -17.303  -17.300  -17.300  -17.299  -17.299  -17.296  -17.296  -17.295  -17.294
  -17.288  -17.288  -17.286  -17.286  -17.284  -17.284  -17.278  -17.277  -17.276  -17.276
  -17.273  -17.273  -17.271  -17.271  -17.270  -17.270  -17.267  -17.267  -17.266  -17.266
  -17.255  -17.254  -17.251  -17.250  -17.250  -17.250  -17.239  -17.239  -17.235  -17.235
  -17.234  -17.233  -17.232  -17.232  -17.223  -17.223  -17.210  -17.210  -17.210  -17.209
   -8.535   -8.535   -8.525   -8.525   -8.513   -8.513   -8.501   -8.501   -8.494   -8.494
   -8.407   -8.407   -3.510   -3.510   -3.435   -3.435   -3.329   -3.329   -3.211   -3.211
   -3.108   -3.108   -3.047   -3.047    0.365    0.365    0.495    0.495    0.650    0.650
    0.786    0.786    0.881    0.881    0.935    0.935    1.261    1.261    1.346    1.346
    1.483    1.483    1.648    1.648    1.792    1.792    1.870    1.870    2.606    2.606
    2.637    2.637    2.697    2.697    2.790    2.790    2.894    2.894    2.965    2.965
    5.206    5.206    5.330    5.330    5.470    5.470    5.566    5.566    5.573    5.573
    5.604    5.604    6.505    6.505    6.635    6.635    6.810    6.810    6.981    6.981
    7.118    7.118    7.219    7.219    7.299    7.299    7.672    7.672    7.744    7.744
    7.951    7.951    8.237    8.237    8.489    8.489    9.834    9.834   10.398   10.398
   10.779   10.779   10.958   10.958   11.137   11.137   11.620   11.620   11.671   11.671
   12.091   12.091   12.159   12.159   12.349   12.349   12.673   12.673   12.837   12.837
   12.905   12.905   13.167   13.167   13.316   13.316   13.353   13.353   13.450   13.450
   13.835   13.835   14.006   14.006   14.126   14.126   14.188   14.188   14.533   14.533
   14.740   14.740   14.972   14.972   15.236   15.236   15.508   15.508   15.598   15.598
   15.655   15.655   15.710   15.710   15.783   15.783   15.844   15.844   15.960   15.960
   16.124   16.124   16.247   16.247   16.432   16.432   16.578   16.578   16.698   16.698
   16.785   16.785   17.015   17.015   17.177   17.177   17.437   17.437   17.662   17.662
   17.858   17.858   17.960   17.961   18.111   18.111   18.280   18.280   18.574   18.574
   18.691   18.691   18.784   18.784   18.977   18.977   19.145   19.145   19.286   19.286
   19.357   19.357   19.644   19.644   19.707   19.707   19.997   19.997   20.030   20.030
   20.121   20.121   20.244   20.244   20.450   20.450   20.659   20.659   20.742   20.742
   20.845   20.845   21.014   21.014   21.113   21.113   21.256   21.256   21.395   21.395
   21.482   21.482   21.571   21.571   21.782   21.782   21.880   21.880   21.920   21.920
            0.500000  0.087294  0.000000
  -17.333  -17.333  -17.331  -17.331  -17.329  -17.329  -17.327  -17.326  -17.310  -17.310
  -17.303  -17.303  -17.301  -17.301  -17.299  -17.299  -17.296  -17.296  -17.295  -17.294
  -17.288  -17.288  -17.286  -17.286  -17.284  -17.284  -17.277  -17.277  -17.276  -17.276
  -17.273  -17.273  -17.271  -17.271  -17.270  -17.270  -17.267  -17.267  -17.266  -17.266
  -17.254  -17.254  -17.251  -17.250  -17.249  -17.249  -17.238  -17.238  -17.235  -17.235
  -17.234  -17.233  -17.232  -17.232  -17.223  -17.223  -17.210  -17.210  -17.210  -17.209
   -8.528   -8.528   -8.517   -8.517   -8.506   -8.506   -8.494   -8.494   -8.487   -8.487
   -8.400   -8.400   -3.490   -3.490   -3.416   -3.416   -3.312   -3.312   -3.197   -3.197
   -3.096   -3.096   -3.036   -3.036    0.324    0.324    0.440    0.440    0.579    0.579
    0.702    0.702    0.788    0.788    0.853    0.853    1.195    1.195    1.289    1.289
    1.441    1.441    1.621    1.621    1.774    1.774    1.855    1.855    2.519    2.519
    2.576    2.576    2.666    2.666    2.785    2.785    2.913    2.913    3.008    3.008
    5.157    5.157    5.310    5.310    5.486    5.487    5.617    5.617    5.666    5.666
    5.690    5.690    6.638    6.638    6.761    6.761    6.936    6.936    7.107    7.107
    7.246    7.246    7.378    7.378    7.453    7.453    7.738    7.738    7.797    7.797
    7.971    7.971    8.225    8.225    8.457    8.457    9.840    9.840   10.410   10.410
   10.676   10.676   10.903   10.903   11.010   11.010   11.526   11.526   11.642   11.642
   12.118   12.118   12.225   12.225   12.345   12.345   12.704   12.704   12.829   12.829
   12.933   12.933   13.190   13.190   13.360   13.360   13.423   13.423   13.495   13.495
   13.880   13.880   14.033   14.033   14.106   14.106   14.242   14.242   14.626   14.626
   14.841   14.841   15.006   15.006   15.239   15.239   15.520   15.520   15.576   15.576
   15.641   15.641   15.721   15.721   15.800   15.800   15.853   15.853   15.980   15.980
   16.046   16.046   16.197   16.197   16.348   16.348   16.457   16.457   16.681   16.681
   16.774   16.774   16.885   16.885   17.056   17.056   17.433   17.433   17.657   17.657
   17.783   17.783   17.855   17.855   18.093   18.093   18.308   18.308   18.554   18.554
   18.710   18.710   18.830   18.830   18.937   18.937   19.125   19.125   19.357   19.357
   19.465   19.465   19.637   19.637   19.718   19.718   19.899   19.899   19.984   19.984
   20.137   20.137   20.261   20.261   20.400   20.400   20.552   20.552   20.690   20.690
   20.850   20.850   20.993   20.993   21.083   21.083   21.187   21.187   21.350   21.350
   21.464   21.464   21.523   21.523   21.730   21.730   21.829   21.829   21.890   21.890
            0.500000  0.109117  0.000000
  -17.333  -17.333  -17.332  -17.331  -17.329  -17.329  -17.327  -17.327  -17.310  -17.310
  -17.303  -17.303  -17.301  -17.301  -17.299  -17.299  -17.296  -17.296  -17.295  -17.294
  -17.288  -17.288  -17.285  -17.285  -17.284  -17.284  -17.277  -17.277  -17.276  -17.276
  -17.273  -17.273  -17.271  -17.271  -17.270  -17.270  -17.267  -17.267  -17.266  -17.266
  -17.254  -17.254  -17.250  -17.250  -17.249  -17.249  -17.238  -17.238  -17.235  -17.235
  -17.234  -17.233  -17.232  -17.232  -17.223  -17.223  -17.210  -17.210  -17.210  -17.209
   -8.518   -8.518   -8.508   -8.508   -8.497   -8.497   -8.485   -8.485   -8.479   -8.479
   -8.392   -8.392   -3.466   -3.466   -3.393   -3.393   -3.292   -3.292   -3.179   -3.179
   -3.081   -3.081   -3.023   -3.023    0.267    0.267    0.370    0.370    0.493    0.493
    0.605    0.605    0.685    0.685    0.760    0.760    1.132    1.132    1.231    1.231
    1.394    1.394    1.581    1.581    1.737    1.737    1.821    1.821    2.420    2.420
    2.501    2.501    2.621    2.621    2.770    2.770    2.927    2.927    3.046    3.046
    5.126    5.126    5.311    5.311    5.527    5.527    5.697    5.697    5.782    5.782
    5.813    5.814    6.794    6.794    6.897    6.897    7.057    7.057    7.221    7.221
    7.374    7.374    7.538    7.538    7.641    7.641    7.845    7.845    7.883    7.883
    8.011    8.011    8.220    8.220    8.422    8.422    9.847    9.847   10.411   10.411
   10.560   10.560   10.863   10.863   10.922   10.922   11.442   11.442   11.610   11.610
   12.070   12.070   12.226   12.226   12.307   12.307   12.727   12.727   12.876   12.876
   12.997   12.997   13.225   13.225   13.406   13.406   13.490   13.490   13.548   13.548
   13.938   13.938   14.059   14.059   14.151   14.151   14.323   14.323   14.715   14.715
   14.908   14.908   15.076   15.076   15.230   15.230   15.526   15.526   15.558   15.558
   15.621   15.621   15.718   15.718   15.799   15.799   15.842   15.842   15.948   15.948
   15.986   15.986   16.124   16.124   16.266   16.266   16.396   16.396   16.646   16.646
   16.749   16.749   16.828   16.828   16.990   16.990   17.381   17.381   17.540   17.540
   17.758   17.758   17.825   17.825   18.027   18.027   18.312   18.312   18.463   18.463
   18.653   18.653   18.725   18.725   18.855   18.855   19.184   19.184   19.399   19.399
   19.595   19.595   19.643   19.643   19.738   19.738   19.782   19.782   20.036   20.036
   20.145   20.145   20.235   20.235   20.401   20.401   20.520   20.520   20.644   20.644
   20.762   20.762   20.921   20.921   21.098   21.098   21.155   21.155   21.359   21.359
   21.440   21.440   21.513   21.513   21.673   21.673   21.740   21.740   21.905   21.905
            0.500000  0.130940  0.000000
  -17.334  -17.334  -17.332  -17.332  -17.330  -17.330  -17.327  -17.327  -17.311  -17.311
  -17.304  -17.304  -17.301  -17.301  -17.299  -17.299  -17.296  -17.296  -17.295  -17.295
  -17.288  -17.288  -17.285  -17.285  -17.284  -17.284  -17.277  -17.277  -17.276  -17.276
  -17.273  -17.273  -17.271  -17.271  -17.270  -17.270  -17.267  -17.267  -17.265  -17.265
  -17.254  -17.254  -17.250  -17.250  -17.249  -17.249  -17.238  -17.238  -17.235  -17.235
  -17.233  -17.233  -17.232  -17.232  -17.223  -17.223  -17.210  -17.210  -17.209  -17.209
   -8.507   -8.507   -8.497   -8.497   -8.486   -8.486   -8.475   -8.475   -8.469   -8.469
   -8.381   -8.381   -3.436   -3.436   -3.366   -3.366   -3.267   -3.267   -3.158   -3.158
   -3.063   -3.063   -3.008   -3.008    0.193    0.193    0.284    0.285    0.396    0.396
    0.503    0.503    0.580    0.580    0.664    0.664    1.071    1.071    1.172    1.172
    1.339    1.339    1.529    1.529    1.684    1.684    1.768    1.768    2.317    2.317
    2.419    2.419    2.567    2.567    2.746    2.746    2.930    2.930    3.070    3.070
    5.126    5.126    5.340    5.340    5.595    5.595    5.805    5.805    5.923    5.923
    5.967    5.967    6.953    6.953    7.025    7.025    7.166    7.166    7.331    7.331
    7.495    7.495    7.672    7.672    7.825    7.825    8.004    8.004    8.013    8.013
    8.089    8.089    8.237    8.237    8.395    8.395    9.853    9.853   10.366   10.366
   10.492   10.492   10.796   10.796   10.894   10.894   11.383   11.383   11.574   11.574
   12.005   12.005   12.145   12.145   12.261   12.261   12.722   12.722   12.971   12.971
   13.033   13.033   13.276   13.276   13.442   13.442   13.568   13.568   13.612   13.612
   14.017   14.017   14.096   14.096   14.260   14.260   14.416   14.416   14.783   14.783
   14.946   14.946   15.178   15.178   15.206   15.206   15.492   15.492   15.537   15.537
   15.623   15.623   15.687   15.687   15.736   15.736   15.804   15.804   15.910   15.910
   15.970   15.970   16.101   16.101   16.162   16.162   16.375   16.375   16.607   16.607
   16.712   16.712   16.840   16.840   16.952   16.952   17.306   17.306   17.418   17.418
   17.722   17.722   17.802   17.802   17.925   17.925   18.238   18.238   18.317   18.317
   18.491   18.491   18.641   18.641   18.831   18.831   19.146   19.146   19.401   19.402
   19.567   19.567   19.658   19.658   19.720   19.720   19.856   19.856   19.997   19.997
   20.230   20.230   20.338   20.338   20.417   20.417   20.456   20.456   20.568   20.568
   20.764   20.764   20.866   20.867   21.005   21.005   21.231   21.232   21.318   21.318
   21.453   21.453   21.530   21.530   21.645   21.645   21.740   21.740   21.914   21.914
            0.500000  0.152764  0.000000
  -17.334  -17.334  -17.332  -17.332  -17.330  -17.330  -17.328  -17.328  -17.311  -17.311
  -17.304  -17.304  -17.301  -17.301  -17.299  -17.299  -17.296  -17.296  -17.295  -17.295
  -17.288  -17.288  -17.285  -17.285  -17.283  -17.283  -17.277  -17.277  -17.276  -17.276
  -17.273  -17.273  -17.271  -17.271  -17.269  -17.269  -17.266  -17.266  -17.265  -17.265
  -17.254  -17.254  -17.250  -17.250  -17.248  -17.248  -17.238  -17.238  -17.235  -17.235
  -17.233  -17.233  -17.232  -17.232  -17.223  -17.223  -17.210  -17.210  -17.209  -17.209
   -8.494   -8.494   -8.484   -8.484   -8.474   -8.474   -8.463   -8.463   -8.457   -8.457
   -8.370   -8.370   -3.402   -3.402   -3.334   -3.334   -3.239   -3.239   -3.134   -3.134
   -3.043   -3.043   -2.991   -2.990    0.104    0.104    0.187    0.187    0.294    0.294
    0.400    0.400    0.481    0.481    0.567    0.567    1.008    1.008    1.109    1.109
    1.277    1.277    1.464    1.464    1.617    1.617    1.698    1.698    2.217    2.217
    2.336    2.336    2.510    2.510    2.716    2.716    2.921    2.921    3.074    3.074
    5.161    5.161    5.399    5.399    5.687    5.687    5.937    5.937    6.087    6.087
    6.143    6.143    7.066    7.066    7.162    7.162    7.269    7.269    7.427    7.427
    7.594    7.594    7.774    7.774    7.998    7.999    8.158    8.158    8.177    8.177
    8.219    8.219    8.312    8.312    8.409    8.409    9.857    9.857   10.279   10.279
   10.470   10.470   10.755   10.755   10.881   10.881   11.346   11.346   11.537   11.537
   11.918   11.919   12.039   12.039   12.231   12.231   12.702   12.702   12.999   12.999
   13.075   13.075   13.321   13.321   13.456   13.456   13.674   13.674   13.688   13.688
   14.126   14.126   14.166   14.166   14.401   14.401   14.507   14.507   14.788   14.788
   15.019   15.019   15.137   15.137   15.276   15.276   15.413   15.413   15.503   15.503
   15.609   15.609   15.654   15.654   15.716   15.716   15.779   15.779   15.868   15.868
   15.966   15.966   16.068   16.068   16.133   16.133   16.354   16.354   16.504   16.504
   16.762   16.762   16.838   16.838   16.921   16.921   17.248   17.248   17.321   17.321
   17.650   17.650   17.732   17.732   17.802   17.802   18.047   18.047   18.207   18.208
   18.271   18.271   18.607   18.607   18.754   18.754   19.131   19.131   19.368   19.368
   19.500   19.500   19.630   19.630   19.688   19.688   19.845   19.845   20.084   20.084
   20.301   20.301   20.320   20.320   20.414   20.414   20.473   20.473   20.641   20.641
   20.763   20.763   20.791   20.791   21.040   21.040   21.240   21.240   21.298   21.298
   21.451   21.451   21.536   21.536   21.688   21.688   21.795   21.795   21.897   21.897
            0.500000  0.174587  0.000000
  -17.335  -17.335  -17.333  -17.333  -17.331  -17.331  -17.328  -17.328  -17.312  -17.312
  -17.305  -17.305  -17.301  -17.301  -17.299  -17.299  -17.296  -17.296  -17.295  -17.295
  -17.287  -17.287  -17.285  -17.285  -17.283  -17.283  -17.277  -17.276  -17.276  -17.276
  -17.273  -17.273  -17.271  -17.271  -17.269  -17.269  -17.266  -17.266  -17.264  -17.264
  -17.254  -17.254  -17.250  -17.250  -17.248  -17.248  -17.238  -17.238  -17.236  -17.236
  -17.233  -17.233  -17.232  -17.232  -17.223  -17.223  -17.210  -17.209  -17.209  -17.209
   -8.480   -8.480   -8.471   -8.471   -8.461   -8.461   -8.451   -8.451   -8.445   -8.445
   -8.357   -8.357   -3.365   -3.365   -3.299   -3.299   -3.207   -3.207   -3.107   -3.107
   -3.021   -3.021   -2.972   -2.972    0.003    0.003    0.083    0.083    0.189    0.189
    0.300    0.300    0.389    0.389    0.473    0.474    0.940    0.940    1.039    1.039
    1.203    1.203    1.387    1.387    1.538    1.538    1.616    1.616    2.123    2.123
    2.259    2.259    2.456    2.456    2.682    2.682    2.900    2.900    3.058    3.058
    5.229    5.229    5.482    5.482    5.798    5.798    6.086    6.086    6.268    6.268
    6.335    6.335    7.125    7.125    7.305    7.305    7.360    7.360    7.502    7.502
    7.671    7.671    7.849    7.849    8.163    8.163    8.270    8.270    8.308    8.308
    8.386    8.386    8.480    8.480    8.544    8.544    9.860    9.860   10.197   10.197
   10.450   10.450   10.751   10.751   10.873   10.873   11.327   11.327   11.506   11.506
   11.820   11.820   11.931   11.931   12.224   12.224   12.679   12.679   12.974   12.974
   13.099   13.099   13.344   13.344   13.459   13.459   13.741   13.741   13.813   13.813
   14.230   14.230   14.317   14.317   14.463   14.463   14.642   14.642   14.775   14.775
   14.993   14.993   15.134   15.134   15.284   15.284   15.361   15.361   15.494   15.494
   15.584   15.584   15.677   15.677   15.722   15.722   15.761   15.761   15.817   15.817
   15.956   15.956   16.047   16.047   16.154   16.154   16.335   16.335   16.407   16.407
   16.741   16.741   16.806   16.806   16.969   16.969   17.185   17.185   17.258   17.258
   17.525   17.525   17.607   17.607   17.669   17.669   17.828   17.828   18.054   18.054
   18.114   18.114   18.517   18.517   18.687   18.687   19.143   19.143   19.324   19.324
   19.437   19.437   19.584   19.584   19.647   19.647   19.889   19.889   20.108   20.108
   20.224   20.224   20.301   20.301   20.382   20.382   20.539   20.539   20.640   20.640
   20.724   20.724   20.967   20.967   21.101   21.101   21.227   21.227   21.307   21.307
   21.409   21.409   21.624   21.624   21.714   21.714   21.817   21.817   21.905   21.905
            0.500000  0.196411  0.000000
  -17.336  -17.336  -17.334  -17.334  -17.331  -17.331  -17.329  -17.329  -17.313  -17.312
  -17.305  -17.305  -17.302  -17.302  -17.299  -17.299  -17.297  -17.296  -17.295  -17.295
  -17.287  -17.287  -17.284  -17.284  -17.283  -17.283  -17.276  -17.276  -17.276  -17.276
  -17.273  -17.273  -17.271  -17.271  -17.269  -17.269  -17.266  -17.266  -17.264  -17.264
  -17.254  -17.253  -17.250  -17.249  -17.247  -17.247  -17.237  -17.237  -17.236  -17.236
  -17.233  -17.233  -17.232  -17.232  -17.223  -17.223  -17.210  -17.209  -17.209  -17.209
   -8.465   -8.465   -8.456   -8.456   -8.447   -8.447   -8.437   -8.437   -8.432   -8.432
   -8.344   -8.344   -3.323   -3.323   -3.261   -3.261   -3.174   -3.174   -3.079   -3.079
   -2.998   -2.998   -2.952   -2.952   -0.103   -0.103   -0.023   -0.023    0.086    0.086
    0.205    0.205    0.304    0.304    0.385    0.385    0.864    0.864    0.958    0.958
    1.118    1.118    1.299    1.299    1.449    1.449    1.528    1.528    2.038    2.038
    2.191    2.191    2.408    2.408    2.650    2.650    2.873    2.873    3.027    3.027
    5.325    5.325    5.586    5.586    5.920    5.920    6.244    6.244    6.459    6.459
    6.538    6.538    7.160    7.160    7.400    7.400    7.440    7.440    7.574    7.574
    7.728    7.728    7.900    7.900    8.311    8.311    8.357    8.357    8.470    8.470
    8.586    8.586    8.690    8.690    8.755    8.755    9.859    9.859   10.135   10.135
   10.431   10.431   10.772   10.772   10.875   10.875   11.314   11.314   11.489   11.489
   11.723   11.723   11.834   11.834   12.233   12.233   12.659   12.659   12.940   12.940
   13.088   13.088   13.342   13.342   13.464   13.464   13.786   13.786   13.926   13.926
   14.294   14.295   14.458   14.458   14.519   14.519   14.729   14.729   14.795   14.795
   14.925   14.925   15.162   15.162   15.216   15.216   15.395   15.395   15.509   15.509
   15.603   15.603   15.684   15.684   15.730   15.730   15.757   15.758   15.793   15.793
   15.911   15.911   16.053   16.053   16.183   16.183   16.318   16.318   16.357   16.357
   16.673   16.673   16.747   16.747   17.049   17.049   17.103   17.103   17.199   17.199
   17.359   17.359   17.449   17.449   17.529   17.529   17.616   17.616   17.883   17.883
   18.008   18.008   18.404   18.404   18.658   18.658   19.107   19.107   19.280   19.280
   19.433   19.433   19.554   19.554   19.654   19.655   19.914   19.914   19.980   19.980
   20.199   20.199   20.274   20.274   20.373   20.373   20.553   20.553   20.593   20.593
   20.718   20.718   21.024   21.024   21.141   21.141   21.240   21.240   21.350   21.350
   21.492   21.492   21.702   21.702   21.758   21.758   21.862   21.862   21.914   21.914
            0.500000  0.218234  0.000000
  -17.336  -17.336  -17.334  -17.334  -17.332  -17.332  -17.330  -17.329  -17.313  -17.313
  -17.306  -17.306  -17.302  -17.302  -17.299  -17.299  -17.297  -17.297  -17.295  -17.295
  -17.287  -17.287  -17.284  -17.284  -17.282  -17.282  -17.277  -17.276  -17.276  -17.276
  -17.273  -17.273  -17.271  -17.271  -17.269  -17.269  -17.265  -17.265  -17.263  -17.263
  -17.253  -17.253  -17.249  -17.249  -17.247  -17.247  -17.237  -17.237  -17.236  -17.236
  -17.233  -17.233  -17.232  -17.232  -17.223  -17.223  -17.210  -17.209  -17.209  -17.209
   -8.449   -8.449   -8.441   -8.441   -8.432   -8.432   -8.423   -8.423   -8.419   -8.419
   -8.330   -8.330   -3.279   -3.279   -3.220   -3.220   -3.138   -3.138   -3.049   -3.049
   -2.974   -2.974   -2.932   -2.932   -0.209   -0.209   -0.127   -0.127   -0.012   -0.012
    0.117    0.117    0.227    0.227    0.304    0.304    0.777    0.777    0.867    0.867
    1.023    1.023    1.202    1.202    1.354    1.354    1.436    1.436    1.967    1.967
    2.136    2.136    2.370    2.370    2.620    2.620    2.841    2.841    2.985    2.985
    5.443    5.443    5.702    5.702    6.047    6.047    6.400    6.401    6.653    6.653
    6.746    6.746    7.181    7.181    7.445    7.445    7.500    7.501    7.652    7.652
    7.775    7.775    7.936    7.936    8.425    8.426    8.512    8.512    8.661    8.661
    8.797    8.797    8.908    8.908    8.976    8.976    9.859    9.859   10.097   10.097
   10.423   10.423   10.801   10.801   10.895   10.895   11.298   11.298   11.487   11.487
   11.639   11.639   11.758   11.758   12.251   12.251   12.643   12.644   12.908   12.908
   13.060   13.060   13.325   13.325   13.470   13.470   13.812   13.812   14.003   14.003
   14.205   14.205   14.490   14.490   14.636   14.636   14.749   14.749   14.853   14.853
   15.009   15.009   15.095   15.095   15.252   15.252   15.454   15.454   15.497   15.497
   15.642   15.642   15.692   15.692   15.714   15.714   15.754   15.754   15.775   15.775
   15.871   15.871   16.066   16.066   16.202   16.202   16.315   16.315   16.365   16.365
   16.606   16.606   16.674   16.674   17.008   17.008   17.064   17.064   17.123   17.123
   17.193   17.193   17.294   17.294   17.358   17.358   17.461   17.461   17.763   17.763
   17.904   17.904   18.317   18.317   18.661   18.661   19.002   19.002   19.278   19.278
   19.457   19.457   19.535   19.535   19.677   19.677   19.829   19.829   19.938   19.938
   20.111   20.111   20.233   20.233   20.382   20.382   20.540   20.540   20.582   20.582
   20.720   20.720   20.943   20.943   21.130   21.130   21.197   21.197   21.410   21.410
   21.645   21.645   21.718   21.718   21.789   21.789   21.885   21.885   21.963   21.963
            0.500000  0.240057  0.000000
  -17.337  -17.337  -17.335  -17.335  -17.333  -17.333  -17.330  -17.330  -17.314  -17.314
  -17.307  -17.306  -17.302  -17.302  -17.300  -17.300  -17.297  -17.297  -17.295  -17.295
  -17.286  -17.286  -17.284  -17.284  -17.282  -17.282  -17.277  -17.276  -17.276  -17.276
  -17.273  -17.272  -17.271  -17.271  -17.269  -17.269  -17.265  -17.265  -17.263  -17.263
  -17.253  -17.253  -17.249  -17.249  -17.246  -17.246  -17.237  -17.237  -17.236  -17.236
  -17.233  -17.233  -17.232  -17.231  -17.223  -17.223  -17.210  -17.209  -17.209  -17.209
   -8.434   -8.434   -8.426   -8.426   -8.418   -8.418   -8.409   -8.409   -8.405   -8.405
   -8.316   -8.316   -3.233   -3.233   -3.178   -3.178   -3.102   -3.102   -3.020   -3.020
   -2.951   -2.951   -2.913   -2.913   -0.310   -0.310   -0.225   -0.225   -0.102   -0.102
    0.037    0.037    0.158    0.158    0.231    0.232    0.682    0.682    0.766    0.766
    0.918    0.918    1.097    1.097    1.253    1.253    1.343    1.343    1.911    1.911
    2.096    2.096    2.342    2.342    2.595    2.595    2.807    2.807    2.937    2.937
    5.574    5.574    5.826    5.826    6.170    6.170    6.543    6.543    6.835    6.835
    6.952    6.952    7.193    7.193    7.475    7.475    7.547    7.547    7.707    7.707
    7.826    7.826    7.984    7.984    8.549    8.549    8.688    8.688    8.861    8.861
    9.008    9.008    9.121    9.121    9.192    9.192    9.864    9.864   10.084   10.084
   10.429   10.429   10.826   10.826   10.939   10.939   11.279   11.279   11.490   11.490
   11.574   11.574   11.719   11.719   12.275   12.275   12.635   12.635   12.882   12.882
   13.023   13.023   13.304   13.304   13.474   13.474   13.805   13.805   14.018   14.018
   14.120   14.120   14.314   14.314   14.703   14.703   14.831   14.831   14.929   14.929
   15.079   15.079   15.204   15.204   15.261   15.261   15.409   15.409   15.529   15.529
   15.635   15.635   15.674   15.674   15.709   15.709   15.760   15.760   15.782   15.782
   15.871   15.871   16.063   16.063   16.205   16.205   16.349   16.349   16.388   16.388
   16.547   16.547   16.602   16.602   16.909   16.909   16.966   16.966   17.001   17.001
   17.092   17.092   17.175   17.175   17.214   17.214   17.375   17.375   17.676   17.676
   17.842   17.842   18.249   18.249   18.690   18.690   18.903   18.903   19.267   19.267
   19.433   19.433   19.502   19.502   19.687   19.687   19.785   19.785   19.871   19.872
   20.057   20.057   20.176   20.176   20.364   20.364   20.537   20.537   20.583   20.583
   20.675   20.675   20.854   20.854   21.037   21.037   21.252   21.252   21.466   21.467
   21.556   21.556   21.596   21.596   21.733   21.733   21.812   21.812   21.948   21.948
            0.500000  0.261881  0.000000
  -17.338  -17.338  -17.336  -17.335  -17.333  -17.333  -17.331  -17.330  -17.314  -17.314
  -17.307  -17.307  -17.302  -17.302  -17.300  -17.300  -17.297  -17.297  -17.295  -17.295
  -17.286  -17.286  -17.284  -17.284  -17.282  -17.282  -17.277  -17.276  -17.276  -17.276
  -17.272  -17.272  -17.271  -17.271  -17.268  -17.268  -17.264  -17.264  -17.262  -17.262
  -17.253  -17.253  -17.249  -17.249  -17.246  -17.246  -17.237  -17.237  -17.236  -17.236
  -17.233  -17.233  -17.231  -17.231  -17.223  -17.223  -17.210  -17.209  -17.209  -17.209
   -8.418   -8.418   -8.411   -8.411   -8.403   -8.403   -8.396   -8.396   -8.392   -8.392
   -8.302   -8.302   -3.186   -3.186   -3.135   -3.135   -3.066   -3.066   -2.991   -2.991
   -2.928   -2.928   -2.894   -2.893   -0.404   -0.404   -0.314   -0.314   -0.183   -0.183
   -0.034   -0.033    0.097    0.097    0.167    0.167    0.582    0.582    0.659    0.659
    0.809    0.809    0.988    0.988    1.148    1.148    1.246    1.246    1.872    1.872
    2.070    2.070    2.324    2.324    2.575    2.575    2.774    2.774    2.887    2.887
    5.714    5.714    5.950    5.950    6.282    6.282    6.658    6.658    6.983    6.983
    7.149    7.149    7.200    7.200    7.515    7.515    7.598    7.598    7.742    7.742
    7.884    7.884    8.050    8.050    8.675    8.675    8.863    8.863    9.059    9.059
    9.212    9.212    9.324    9.324    9.395    9.395    9.885    9.885   10.093   10.093
   10.447   10.447   10.848   10.849   10.998   10.998   11.269   11.269   11.472   11.472
   11.542   11.542   11.725   11.725   12.301   12.301   12.634   12.634   12.862   12.862
   12.985   12.985   13.283   13.283   13.468   13.468   13.742   13.742   13.929   13.929
   14.116   14.116   14.182   14.182   14.538   14.538   14.949   14.949   15.048   15.048
   15.160   15.160   15.206   15.206   15.277   15.277   15.372   15.372   15.551   15.551
   15.589   15.589   15.660   15.660   15.679   15.679   15.785   15.785   15.827   15.828
   15.909   15.909   16.039   16.039   16.220   16.220   16.383   16.383   16.410   16.410
   16.495   16.495   16.544   16.544   16.810   16.810   16.862   16.862   16.893   16.893
   16.979   16.979   17.086   17.086   17.175   17.175   17.342   17.342   17.604   17.604
   17.841   17.841   18.185   18.185   18.723   18.723   18.835   18.835   19.212   19.212
   19.358   19.358   19.445   19.445   19.635   19.635   19.727   19.727   19.886   19.886
   20.052   20.052   20.132   20.132   20.289   20.289   20.505   20.505   20.571   20.571
   20.637   20.637   20.781   20.781   20.958   20.958   21.299   21.299   21.372   21.372
   21.419   21.419   21.515   21.515   21.618   21.618   21.768   21.768   21.895   21.895
            0.500000  0.283704  0.000000
  -17.339  -17.339  -17.336  -17.336  -17.334  -17.334  -17.331  -17.331  -17.315  -17.315
  -17.308  -17.308  -17.303  -17.303  -17.300  -17.300  -17.297  -17.297  -17.295  -17.295
  -17.286  -17.286  -17.283  -17.283  -17.282  -17.282  -17.277  -17.277  -17.276  -17.276
  -17.272  -17.272  -17.271  -17.271  -17.268  -17.268  -17.264  -17.264  -17.262  -17.262
  -17.253  -17.253  -17.249  -17.248  -17.245  -17.245  -17.236  -17.236  -17.236  -17.236
  -17.233  -17.233  -17.231  -17.231  -17.223  -17.223  -17.209  -17.209  -17.209  -17.209
   -8.403   -8.403   -8.396   -8.396   -8.390   -8.390   -8.383   -8.383   -8.379   -8.379
   -8.289   -8.289   -3.140   -3.140   -3.093   -3.093   -3.030   -3.030   -2.963   -2.963
   -2.908   -2.908   -2.875   -2.875   -0.487   -0.487   -0.392   -0.392   -0.253   -0.253
   -0.093   -0.093    0.044    0.044    0.108    0.108    0.484    0.484    0.552    0.552
    0.698    0.698    0.878    0.878    1.042    1.042    1.147    1.147    1.849    1.849
    2.057    2.057    2.314    2.314    2.559    2.559    2.742    2.742    2.837    2.837
    5.856    5.856    6.071    6.071    6.379    6.379    6.736    6.736    7.060    7.060
    7.199    7.199    7.342    7.342    7.583    7.583    7.669    7.669    7.788    7.788
    7.943    7.943    8.120    8.120    8.789    8.789    9.027    9.027    9.249    9.249
    9.407    9.407    9.515    9.515    9.582    9.582    9.927    9.927   10.121   10.121
   10.473   10.473   10.872   10.872   11.064   11.064   11.275   11.275   11.441   11.441
   11.539   11.540   11.771   11.771   12.325   12.325   12.644   12.644   12.849   12.849
   12.950   12.950   13.258   13.258   13.437   13.437   13.658   13.658   13.792   13.792
   14.074   14.074   14.161   14.161   14.377   14.377   14.933   14.933   15.061   15.061
   15.135   15.135   15.194   15.194   15.273   15.273   15.357   15.357   15.506   15.506
   15.558   15.558   15.656   15.656   15.696   15.696   15.815   15.815   15.908   15.908
   15.945   15.945   16.031   16.031   16.252   16.252   16.380   16.380   16.419   16.419
   16.480   16.480   16.499   16.499   16.719   16.719   16.806   16.806   16.837   16.837
   16.901   16.901   17.055   17.055   17.191   17.191   17.354   17.354   17.581   17.581
   17.846   17.846   18.148   18.148   18.703   18.703   18.809   18.809   19.123   19.123
   19.272   19.272   19.346   19.346   19.499   19.499   19.683   19.683   19.942   19.942
   20.038   20.038   20.105   20.105   20.219   20.219   20.433   20.433   20.488   20.488
   20.635   20.635   20.764   20.764   20.883   20.883   21.198   21.198   21.271   21.271
   21.311   21.311   21.413   21.413   21.537   21.537   21.804   21.804   21.886   21.886
            0.500000  0.305528  0.000000
  -17.339  -17.339  -17.337  -17.337  -17.334  -17.334  -17.332  -17.331  -17.316  -17.315
  -17.308  -17.308  -17.303  -17.303  -17.300  -17.300  -17.297  -17.297  -17.295  -17.295
  -17.286  -17.286  -17.283  -17.283  -17.281  -17.281  -17.277  -17.277  -17.276  -17.276
  -17.272  -17.272  -17.271  -17.271  -17.268  -17.268  -17.264  -17.264  -17.261  -17.261
  -17.253  -17.252  -17.248  -17.248  -17.245  -17.245  -17.236  -17.236  -17.236  -17.236
  -17.233  -17.233  -17.231  -17.231  -17.223  -17.223  -17.209  -17.209  -17.209  -17.209
   -8.389   -8.389   -8.383   -8.383   -8.377   -8.377   -8.370   -8.370   -8.368   -8.368
   -8.277   -8.277   -3.094   -3.094   -3.053   -3.053   -2.997   -2.997   -2.938   -2.938
   -2.890   -2.890   -2.858   -2.858   -0.558   -0.558   -0.458   -0.458   -0.311   -0.311
   -0.142   -0.142    0.000    0.000    0.053    0.054    0.397    0.397    0.450    0.450
    0.591    0.591    0.769    0.769    0.935    0.935    1.046    1.046    1.840    1.840
    2.053    2.053    2.311    2.311    2.547    2.547    2.712    2.712    2.789    2.789
    5.998    5.998    6.185    6.185    6.459    6.459    6.778    6.778    7.063    7.063
    7.191    7.191    7.514    7.515    7.681    7.681    7.763    7.763    7.858    7.859
    8.003    8.003    8.184    8.185    8.881    8.881    9.174    9.174    9.425    9.425
    9.588    9.588    9.691    9.691    9.752    9.752    9.993    9.993   10.162   10.162
   10.502   10.502   10.898   10.898   11.128   11.128   11.299   11.299   11.422   11.422
   11.555   11.555   11.843   11.843   12.342   12.342   12.665   12.665   12.840   12.840
   12.925   12.925   13.208   13.208   13.370   13.370   13.605   13.605   13.650   13.650
   14.018   14.018   14.126   14.126   14.273   14.273   14.770   14.770   14.983   14.983
   15.097   15.097   15.135   15.135   15.238   15.238   15.296   15.296   15.400   15.400
   15.569   15.569   15.641   15.641   15.755   15.755   15.889   15.889   15.923   15.923
   16.007   16.007   16.080   16.080   16.300   16.300   16.372   16.372   16.401   16.401
   16.443   16.443   16.523   16.523   16.648   16.648   16.765   16.765   16.849   16.849
   16.922   16.922   17.071   17.071   17.223   17.223   17.440   17.440   17.613   17.613
   17.808   17.808   18.174   18.174   18.614   18.614   18.800   18.800   19.015   19.015
   19.175   19.175   19.216   19.216   19.349   19.349   19.624   19.624   19.892   19.892
   20.004   20.004   20.093   20.093   20.205   20.205   20.355   20.355   20.410   20.410
   20.627   20.627   20.779   20.779   20.808   20.808   21.058   21.058   21.157   21.157
   21.207   21.207   21.329   21.329   21.531   21.531   21.797   21.797   21.898   21.898
            0.500000  0.327351  0.000000
  -17.340  -17.340  -17.337  -17.337  -17.335  -17.335  -17.332  -17.332  -17.316  -17.316
  -17.309  -17.308  -17.303  -17.303  -17.300  -17.300  -17.297  -17.297  -17.296  -17.295
  -17.286  -17.286  -17.283  -17.283  -17.281  -17.281  -17.277  -17.277  -17.276  -17.276
  -17.272  -17.271  -17.271  -17.271  -17.268  -17.268  -17.264  -17.263  -17.261  -17.261
  -17.253  -17.252  -17.248  -17.248  -17.245  -17.245  -17.236  -17.236  -17.236  -17.236
  -17.233  -17.233  -17.231  -17.231  -17.223  -17.223  -17.209  -17.209  -17.209  -17.209
   -8.376   -8.376   -8.370   -8.370   -8.365   -8.365   -8.360   -8.360   -8.358   -8.358
   -8.266   -8.266   -3.052   -3.052   -3.015   -3.015   -2.967   -2.967   -2.916   -2.916
   -2.875   -2.875   -2.843   -2.843   -0.617   -0.617   -0.511   -0.511   -0.356   -0.356
   -0.179   -0.179   -0.036   -0.036   -0.002   -0.002    0.327    0.327    0.361    0.361
    0.491    0.491    0.665    0.665    0.833    0.833    0.946    0.946    1.841    1.841
    2.057    2.057    2.312    2.312    2.537    2.537    2.684    2.684    2.745    2.745
    6.136    6.136    6.291    6.291    6.523    6.523    6.792    6.792    7.032    7.032
    7.157    7.157    7.667    7.667    7.791    7.791    7.866    7.866    7.949    7.949
    8.062    8.062    8.237    8.237    8.949    8.949    9.301    9.301    9.585    9.585
    9.755    9.755    9.853    9.853    9.905    9.905   10.076   10.076   10.213   10.213
   10.530   10.530   10.924   10.924   11.182   11.182   11.335   11.335   11.428   11.428
   11.591   11.591   11.932   11.932   12.347   12.347   12.690   12.690   12.832   12.832
   12.917   12.917   13.115   13.115   13.300   13.300   13.529   13.529   13.580   13.580
   13.935   13.935   14.033   14.033   14.252   14.252   14.584   14.584   14.824   14.824
   14.944   14.944   15.070   15.070   15.181   15.181   15.256   15.256   15.317   15.317
   15.547   15.547   15.652   15.652   15.805   15.805   15.899   15.900   15.987   15.987
   16.065   16.065   16.128   16.128   16.314   16.314   16.396   16.396   16.415   16.415
   16.440   16.440   16.533   16.533   16.598   16.598   16.753   16.753   16.943   16.943
   16.986   16.986   17.110   17.110   17.323   17.323   17.566   17.566   17.677   17.677
   17.757   17.757   18.239   18.239   18.506   18.506   18.748   18.748   18.894   18.894
   19.057   19.057   19.074   19.074   19.203   19.203   19.542   19.542   19.764   19.764
   19.967   19.967   19.996   19.996   20.216   20.216   20.277   20.277   20.394   20.394
   20.631   20.631   20.743   20.743   20.812   20.812   20.951   20.951   21.045   21.045
   21.118   21.118   21.294   21.294   21.539   21.539   21.767   21.767   21.858   21.858
            0.500000  0.349175  0.000000
  -17.340  -17.340  -17.338  -17.337  -17.335  -17.335  -17.332  -17.332  -17.316  -17.316
  -17.309  -17.309  -17.303  -17.303  -17.300  -17.300  -17.297  -17.297  -17.296  -17.295
  -17.285  -17.285  -17.283  -17.283  -17.281  -17.281  -17.277  -17.277  -17.276  -17.276
  -17.271  -17.271  -17.271  -17.271  -17.267  -17.267  -17.263  -17.263  -17.261  -17.261
  -17.252  -17.252  -17.248  -17.248  -17.244  -17.244  -17.236  -17.236  -17.236  -17.236
  -17.233  -17.233  -17.231  -17.231  -17.223  -17.223  -17.209  -17.209  -17.209  -17.209
   -8.365   -8.365   -8.360   -8.360   -8.355   -8.355   -8.351   -8.350   -8.349   -8.349
   -8.257   -8.257   -3.013   -3.013   -2.982   -2.982   -2.941   -2.941   -2.898   -2.898
   -2.864   -2.864   -2.829   -2.829   -0.662   -0.662   -0.551   -0.551   -0.389   -0.389
   -0.205   -0.205   -0.069   -0.069   -0.059   -0.059    0.273    0.273    0.296    0.296
    0.403    0.403    0.571    0.571    0.737    0.737    0.851    0.851    1.848    1.848
    2.065    2.065    2.316    2.316    2.530    2.530    2.660    2.660    2.705    2.705
    6.268    6.268    6.386    6.386    6.571    6.571    6.791    6.791    6.988    6.988
    7.101    7.101    7.795    7.795    7.891    7.891    7.964    7.964    8.041    8.041
    8.123    8.123    8.276    8.276    8.996    8.996    9.407    9.408    9.725    9.725
    9.904    9.904    9.996    9.996   10.040   10.040   10.164   10.164   10.271   10.271
   10.553   10.553   10.946   10.946   11.226   11.226   11.364   11.364   11.463   11.463
   11.656   11.656   12.030   12.030   12.336   12.336   12.699   12.699   12.822   12.822
   12.925   12.925   13.015   13.015   13.242   13.242   13.434   13.434   13.561   13.561
   13.839   13.839   13.923   13.923   14.259   14.259   14.402   14.402   14.646   14.646
   14.774   14.774   14.917   14.917   15.114   15.114   15.209   15.209   15.312   15.312
   15.511   15.511   15.702   15.702   15.837   15.837   15.905   15.905   16.028   16.028
   16.076   16.077   16.163   16.163   16.315   16.315   16.417   16.417   16.445   16.445
   16.481   16.481   16.532   16.533   16.582   16.582   16.792   16.792   16.995   16.995
   17.105   17.105   17.230   17.230   17.476   17.476   17.652   17.652   17.731   17.731
   17.795   17.795   18.284   18.284   18.419   18.419   18.653   18.653   18.766   18.766
   18.919   18.919   18.931   18.931   19.080   19.080   19.409   19.409   19.658   19.658
   19.848   19.849   19.903   19.903   20.164   20.164   20.219   20.219   20.380   20.380
   20.617   20.617   20.755   20.755   20.851   20.851   20.881   20.881   20.982   20.982
   21.079   21.079   21.300   21.300   21.524   21.524   21.707   21.707   21.725   21.725
            0.500000  0.370998  0.000000
  -17.341  -17.341  -17.338  -17.338  -17.335  -17.335  -17.333  -17.333  -17.317  -17.316
  -17.309  -17.309  -17.303  -17.303  -17.300  -17.300  -17.297  -17.297  -17.296  -17.295
  -17.285  -17.285  -17.283  -17.283  -17.281  -17.281  -17.277  -17.277  -17.276  -17.276
  -17.271  -17.271  -17.271  -17.271  -17.267  -17.267  -17.263  -17.263  -17.260  -17.260
  -17.252  -17.252  -17.248  -17.248  -17.244  -17.244  -17.236  -17.236  -17.236  -17.235
  -17.233  -17.233  -17.231  -17.231  -17.223  -17.223  -17.209  -17.209  -17.209  -17.209
   -8.355   -8.355   -8.351   -8.351   -8.348   -8.348   -8.343   -8.343   -8.342   -8.342
   -8.249   -8.249   -2.980   -2.980   -2.954   -2.954   -2.920   -2.920   -2.884   -2.884
   -2.857   -2.857   -2.818   -2.818   -0.695   -0.695   -0.579   -0.579   -0.411   -0.411
   -0.222   -0.222   -0.116   -0.116   -0.097   -0.097    0.227    0.227    0.262    0.262
    0.338    0.338    0.489    0.489    0.652    0.652    0.764    0.764    1.859    1.859
    2.075    2.075    2.322    2.322    2.524    2.524    2.638    2.638    2.672    2.672
    6.392    6.392    6.470    6.470    6.608    6.608    6.782    6.782    6.940    6.940
    7.033    7.033    7.894    7.895    7.968    7.968    8.054    8.054    8.114    8.114
    8.186    8.186    8.304    8.304    9.027    9.027    9.493    9.493    9.841    9.841
   10.031   10.031   10.119   10.119   10.154   10.155   10.245   10.245   10.330   10.330
   10.570   10.570   10.957   10.957   11.260   11.260   11.384   11.384   11.517   11.517
   11.749   11.749   12.120   12.120   12.315   12.315   12.651   12.651   12.806   12.806
   12.922   12.922   12.998   12.998   13.201   13.201   13.342   13.342   13.556   13.556
   13.746   13.746   13.806   13.806   14.199   14.199   14.311   14.311   14.481   14.481
   14.612   14.612   14.782   14.782   15.012   15.012   15.141   15.141   15.359   15.359
   15.510   15.510   15.756   15.756   15.851   15.851   15.913   15.913   16.029   16.029
   16.065   16.065   16.168   16.168   16.337   16.337   16.454   16.454   16.469   16.469
   16.504   16.504   16.555   16.555   16.591   16.591   16.834   16.834   17.029   17.029
   17.249   17.249   17.420   17.420   17.599   17.599   17.688   17.688   17.832   17.832
   17.893   17.893   18.239   18.239   18.409   18.409   18.542   18.542   18.635   18.635
   18.780   18.780   18.797   18.797   19.002   19.002   19.259   19.259   19.531   19.531
   19.708   19.708   19.843   19.843   20.066   20.066   20.160   20.160   20.312   20.312
   20.616   20.616   20.791   20.791   20.837   20.837   20.918   20.918   20.983   20.983
   21.107   21.107   21.340   21.340   21.478   21.478   21.562   21.562   21.621   21.621
            0.500000  0.392821  0.000000
  -17.341  -17.341  -17.338  -17.338  -17.335  -17.335  -17.333  -17.333  -17.317  -17.317
  -17.309  -17.309  -17.303  -17.303  -17.300  -17.300  -17.297  -17.297  -17.296  -17.295
  -17.285  -17.285  -17.283  -17.283  -17.281  -17.281  -17.277  -17.277  -17.276  -17.276
  -17.271  -17.271  -17.271  -17.271  -17.267  -17.267  -17.263  -17.263  -17.260  -17.260
  -17.252  -17.252  -17.248  -17.248  -17.244  -17.244  -17.236  -17.236  -17.235  -17.235
  -17.233  -17.233  -17.231  -17.231  -17.223  -17.223  -17.209  -17.209  -17.209  -17.209
   -8.348   -8.348   -8.344   -8.344   -8.342   -8.342   -8.338   -8.338   -8.338   -8.337
   -8.244   -8.244   -2.954   -2.954   -2.933   -2.933   -2.905   -2.905   -2.875   -2.875
   -2.852   -2.852   -2.810   -2.810   -0.716   -0.716   -0.597   -0.597   -0.423   -0.423
   -0.233   -0.233   -0.162   -0.162   -0.124   -0.124    0.200    0.200    0.234    0.234
    0.307    0.307    0.425    0.425    0.583    0.583    0.692    0.692    1.869    1.869
    2.084    2.084    2.327    2.327    2.520    2.520    2.622    2.622    2.647    2.647
    6.506    6.506    6.541    6.541    6.636    6.636    6.768    6.768    6.893    6.893
    6.958    6.958    7.965    7.965    8.020    8.021    8.125    8.125    8.166    8.166
    8.242    8.242    8.321    8.321    9.046    9.046    9.556    9.556    9.929    9.929
   10.130   10.130   10.214   10.214   10.245   10.245   10.308   10.308   10.381   10.382
   10.583   10.583   10.960   10.960   11.281   11.281   11.400   11.400   11.581   11.581
   11.863   11.864   12.151   12.151   12.328   12.328   12.551   12.551   12.773   12.773
   12.938   12.938   13.038   13.038   13.176   13.176   13.269   13.269   13.563   13.563
   13.660   13.660   13.706   13.706   14.047   14.047   14.309   14.309   14.368   14.368
   14.478   14.478   14.696   14.696   14.925   14.925   15.048   15.048   15.423   15.423
   15.538   15.538   15.796   15.796   15.853   15.853   15.921   15.921   16.012   16.012
   16.051   16.051   16.133   16.133   16.374   16.374   16.495   16.495   16.507   16.507
   16.527   16.527   16.580   16.580   16.606   16.606   16.864   16.864   17.047   17.047
   17.405   17.405   17.565   17.565   17.670   17.670   17.811   17.811   17.917   17.917
   17.985   17.985   18.175   18.175   18.382   18.383   18.448   18.448   18.517   18.517
   18.659   18.659   18.689   18.690   18.978   18.978   19.135   19.135   19.399   19.399
   19.582   19.582   19.779   19.779   19.959   19.959   20.101   20.101   20.222   20.222
   20.641   20.641   20.830   20.830   20.853   20.853   20.968   20.968   21.008   21.008
   21.161   21.161   21.351   21.351   21.407   21.407   21.488   21.488   21.516   21.516
            0.500000  0.414645  0.000000
  -17.341  -17.341  -17.338  -17.338  -17.336  -17.336  -17.333  -17.333  -17.317  -17.317
  -17.310  -17.309  -17.303  -17.303  -17.300  -17.300  -17.297  -17.297  -17.296  -17.296
  -17.285  -17.285  -17.283  -17.283  -17.281  -17.281  -17.277  -17.277  -17.276  -17.276
  -17.271  -17.271  -17.271  -17.271  -17.267  -17.267  -17.263  -17.263  -17.260  -17.260
  -17.252  -17.252  -17.248  -17.248  -17.244  -17.244  -17.236  -17.236  -17.235  -17.235
  -17.233  -17.233  -17.231  -17.231  -17.223  -17.223  -17.209  -17.209  -17.209  -17.209
   -8.343   -8.343   -8.341   -8.340   -8.338   -8.338   -8.335   -8.335   -8.334   -8.334
   -8.240   -8.240   -2.937   -2.937   -2.919   -2.919   -2.895   -2.895   -2.870   -2.870
   -2.850   -2.850   -2.804   -2.804   -0.728   -0.728   -0.606   -0.606   -0.429   -0.429
   -0.239   -0.239   -0.192   -0.192   -0.143   -0.143    0.188    0.188    0.208    0.208
    0.304    0.304    0.384    0.384    0.536    0.536    0.642    0.642    1.877    1.877
    2.091    2.091    2.330    2.330    2.517    2.517    2.611    2.611    2.632    2.632
    6.594    6.594    6.600    6.600    6.660    6.660    6.752    6.752    6.853    6.853
    6.887    6.887    8.007    8.007    8.050    8.051    8.170    8.170    8.198    8.198
    8.282    8.282    8.327    8.327    9.057    9.057    9.595    9.595    9.983    9.983
   10.194   10.194   10.275   10.275   10.306   10.306   10.346   10.346   10.416   10.416
   10.592   10.592   10.958   10.958   11.290   11.290   11.409   11.409   11.641   11.641
   11.977   11.977   12.126   12.126   12.318   12.318   12.520   12.520   12.714   12.714
   12.969   12.969   13.072   13.072   13.167   13.167   13.225   13.225   13.554   13.554
   13.588   13.588   13.680   13.680   13.916   13.916   14.240   14.240   14.351   14.351
   14.395   14.395   14.685   14.685   14.847   14.847   14.974   14.975   15.474   15.474
   15.575   15.575   15.814   15.814   15.849   15.849   15.924   15.924   15.999   15.999
   16.040   16.040   16.087   16.087   16.407   16.407   16.528   16.528   16.540   16.540
   16.548   16.548   16.597   16.597   16.616   16.616   16.885   16.885   17.055   17.055
   17.519   17.519   17.591   17.591   17.826   17.826   17.906   17.906   17.976   17.976
   18.037   18.037   18.138   18.138   18.316   18.317   18.387   18.387   18.435   18.435
   18.577   18.577   18.628   18.628   18.956   18.956   19.085   19.085   19.300   19.300
   19.497   19.497   19.720   19.720   19.867   19.867   20.060   20.060   20.150   20.150
   20.697   20.697   20.852   20.852   20.889   20.889   20.995   20.995   21.041   21.041
   21.184   21.184   21.243   21.243   21.396   21.396   21.431   21.431   21.520   21.520
            0.500000  0.436468  0.000000
  -17.341  -17.341  -17.338  -17.338  -17.336  -17.336  -17.333  -17.333  -17.317  -17.317
  -17.310  -17.310  -17.303  -17.303  -17.300  -17.300  -17.297  -17.297  -17.296  -17.296
  -17.285  -17.285  -17.283  -17.283  -17.281  -17.281  -17.277  -17.277  -17.276  -17.276
  -17.271  -17.271  -17.271  -17.271  -17.267  -17.267  -17.263  -17.263  -17.260  -17.260
  -17.252  -17.252  -17.248  -17.248  -17.244  -17.244  -17.236  -17.236  -17.235  -17.235
  -17.233  -17.233  -17.231  -17.231  -17.223  -17.223  -17.209  -17.209  -17.209  -17.209
   -8.342   -8.342   -8.339   -8.339   -8.337   -8.337   -8.335   -8.334   -8.333   -8.333
   -8.239   -8.239   -2.931   -2.931   -2.914   -2.914   -2.892   -2.892   -2.869   -2.869
   -2.849   -2.849   -2.803   -2.803   -0.731   -0.731   -0.609   -0.609   -0.430   -0.430
   -0.241   -0.241   -0.203   -0.203   -0.150   -0.150    0.185    0.185    0.199    0.199
    0.306    0.306    0.369    0.369    0.520    0.520    0.624    0.624    1.880    1.880
    2.093    2.093    2.332    2.332    2.516    2.516    2.607    2.607    2.627    2.627
    6.617    6.617    6.632    6.632    6.692    6.692    6.733    6.733    6.829    6.829
    6.856    6.857    8.021    8.021    8.060    8.060    8.186    8.186    8.209    8.209
    8.298    8.298    8.327    8.327    9.060    9.060    9.609    9.609   10.002   10.002
   10.215   10.216   10.296   10.296   10.329   10.329   10.358   10.358   10.429   10.429
   10.595   10.595   10.956   10.956   11.292   11.292   11.413   11.413   11.669   11.669
   12.025   12.025   12.135   12.135   12.255   12.255   12.572   12.572   12.655   12.655
   12.985   12.985   13.082   13.082   13.180   13.180   13.201   13.201   13.541   13.541
   13.556   13.556   13.702   13.702   13.850   13.850   14.209   14.209   14.338   14.338
   14.374   14.374   14.715   14.715   14.793   14.793   14.949   14.949   15.493   15.493
   15.594   15.594   15.817   15.817   15.847   15.847   15.924   15.924   15.997   15.997
   16.035   16.035   16.066   16.067   16.420   16.420   16.537   16.537   16.556   16.556
   16.559   16.560   16.603   16.603   16.619   16.619   16.892   16.892   17.058   17.059
   17.556   17.556   17.598   17.598   17.907   17.907   17.961   17.961   17.992   17.992
   18.027   18.027   18.129   18.129   18.286   18.286   18.363   18.363   18.402   18.402
   18.548   18.548   18.612   18.612   18.934   18.934   19.087   19.087   19.262   19.262
   19.467   19.467   19.696   19.696   19.829   19.829   20.045   20.045   20.122   20.122
   20.738   20.738   20.848   20.848   20.907   20.907   20.998   20.999   21.078   21.078
   21.151   21.151   21.210   21.211   21.374   21.374   21.425   21.425   21.528   21.528
            0.475000  0.414645  0.000000
  -17.341  -17.341  -17.338  -17.338  -17.335  -17.335  -17.333  -17.333  -17.317  -17.317
  -17.309  -17.309  -17.303  -17.303  -17.301  -17.300  -17.297  -17.297  -17.296  -17.296
  -17.285  -17.285  -17.283  -17.282  -17.281  -17.281  -17.277  -17.277  -17.276  -17.276
  -17.271  -17.271  -17.271  -17.270  -17.267  -17.267  -17.263  -17.262  -17.260  -17.260
  -17.252  -17.252  -17.248  -17.248  -17.244  -17.244  -17.237  -17.236  -17.235  -17.235
  -17.233  -17.233  -17.231  -17.231  -17.223  -17.223  -17.210  -17.209  -17.209  -17.209
   -8.361   -8.357   -8.353   -8.349   -8.347   -8.335   -8.333   -8.331   -8.327   -8.327
   -8.244   -8.244   -2.969   -2.954   -2.943   -2.931   -2.929   -2.856   -2.851   -2.844
   -2.833   -2.829   -2.799   -2.798   -0.763   -0.710   -0.645   -0.591   -0.482   -0.399
   -0.276   -0.219   -0.180   -0.176   -0.156   -0.128    0.183    0.197    0.200    0.237
    0.294    0.320    0.383    0.447    0.534    0.608    0.638    0.722    1.856    1.891
    2.069    2.104    2.308    2.348    2.508    2.528    2.612    2.619    2.637    2.639
    6.492    6.523    6.594    6.622    6.672    6.702    6.735    6.777    6.828    6.857
    6.933    6.984    7.992    7.995    8.046    8.054    8.150    8.165    8.199    8.208
    8.268    8.293    8.312    8.350    9.052    9.062    9.569    9.609    9.949    9.995
   10.151   10.202   10.237   10.269   10.281   10.303   10.313   10.353   10.388   10.416
   10.575   10.590   10.942   10.960   11.246   11.318   11.378   11.424   11.572   11.624
   11.903   12.001   12.061   12.159   12.314   12.374   12.442   12.617   12.721   12.815
   12.958   12.978   12.996   13.055   13.145   13.178   13.305   13.318   13.532   13.556
   13.572   13.617   13.651   13.743   13.813   14.070   14.223   14.250   14.288   14.358
   14.401   14.454   14.641   14.725   14.784   14.892   14.926   15.075   15.439   15.479
   15.486   15.605   15.731   15.733   15.801   15.851   15.858   15.878   15.903   15.923
   16.005   16.043   16.075   16.119   16.346   16.403   16.435   16.451   16.473   16.494
   16.543   16.660   16.700   16.714   16.741   16.769   16.893   16.930   17.049   17.135
   17.445   17.546   17.612   17.673   17.710   17.793   17.914   17.936   17.980   18.010
   18.058   18.083   18.117   18.211   18.343   18.374   18.389   18.432   18.460   18.515
   18.602   18.631   18.656   18.682   18.940   18.972   19.077   19.192   19.259   19.303
   19.426   19.507   19.715   19.757   19.833   19.954   19.991   20.018   20.093   20.123
   20.477   20.547   20.599   20.661   20.696   20.774   20.825   20.904   20.964   21.101
   21.121   21.143   21.218   21.231   21.337   21.408   21.481   21.582   21.623   21.688
            0.450000  0.392821  0.000000
  -17.340  -17.340  -17.338  -17.337  -17.335  -17.335  -17.332  -17.332  -17.316  -17.316
  -17.309  -17.309  -17.304  -17.303  -17.301  -17.300  -17.298  -17.298  -17.296  -17.296
  -17.285  -17.285  -17.283  -17.282  -17.281  -17.281  -17.277  -17.277  -17.277  -17.277
  -17.272  -17.271  -17.271  -17.270  -17.267  -17.267  -17.264  -17.262  -17.260  -17.260
  -17.252  -17.252  -17.248  -17.248  -17.244  -17.244  -17.237  -17.237  -17.235  -17.235
  -17.234  -17.232  -17.231  -17.231  -17.223  -17.223  -17.210  -17.210  -17.209  -17.209
   -8.403   -8.394   -8.384   -8.374   -8.361   -8.350   -8.339   -8.329   -8.322   -8.319
   -8.253   -8.253   -3.043   -3.017   -2.986   -2.961   -2.952   -2.825   -2.824   -2.813
   -2.812   -2.803   -2.778   -2.776   -0.825   -0.717   -0.644   -0.571   -0.528   -0.378
   -0.323   -0.227   -0.174   -0.145   -0.115   -0.060    0.201    0.230    0.282    0.301
    0.321    0.416    0.467    0.559    0.641    0.665    0.806    0.920    1.797    1.927
    2.010    2.135    2.261    2.378    2.487    2.559    2.622    2.652    2.669    2.672
    6.256    6.366    6.514    6.607    6.677    6.734    6.767    6.800    6.862    6.924
    7.049    7.145    7.905    7.915    7.980    8.020    8.056    8.117    8.184    8.196
    8.209    8.270    8.292    8.391    9.026    9.056    9.463    9.600    9.803    9.957
    9.979   10.072   10.107   10.154   10.195   10.230   10.249   10.286   10.326   10.375
   10.533   10.565   10.915   10.945   11.148   11.262   11.336   11.380   11.467   11.545
   11.763   11.935   12.061   12.124   12.259   12.403   12.571   12.639   12.796   12.865
   12.952   12.988   13.021   13.070   13.165   13.207   13.373   13.510   13.553   13.567
   13.578   13.651   13.836   13.849   13.900   14.133   14.317   14.336   14.356   14.398
   14.505   14.553   14.654   14.738   14.813   14.884   15.030   15.216   15.311   15.365
   15.439   15.537   15.574   15.585   15.617   15.680   15.691   15.762   15.770   15.850
   15.865   15.957   16.014   16.079   16.191   16.407   16.422   16.464   16.514   16.598
   16.625   16.761   16.823   16.846   16.900   16.906   16.914   17.007   17.123   17.142
   17.356   17.418   17.557   17.626   17.716   17.765   17.819   17.840   17.956   18.021
   18.089   18.131   18.159   18.251   18.377   18.522   18.561   18.620   18.655   18.688
   18.738   18.755   18.842   18.865   18.985   19.075   19.238   19.296   19.327   19.372
   19.452   19.508   19.678   19.781   19.819   19.834   19.922   19.952   20.022   20.067
   20.219   20.241   20.327   20.463   20.583   20.679   20.697   20.727   20.802   20.917
   20.950   21.034   21.072   21.152   21.280   21.407   21.471   21.550   21.736   21.794
            0.425000  0.370998  0.000000
  -17.340  -17.339  -17.337  -17.336  -17.334  -17.334  -17.332  -17.331  -17.316  -17.315
  -17.308  -17.308  -17.304  -17.303  -17.302  -17.300  -17.298  -17.298  -17.296  -17.296
  -17.286  -17.285  -17.284  -17.282  -17.281  -17.280  -17.278  -17.277  -17.277  -17.277
  -17.272  -17.272  -17.271  -17.270  -17.268  -17.267  -17.265  -17.262  -17.260  -17.260
  -17.253  -17.252  -17.248  -17.247  -17.244  -17.244  -17.238  -17.237  -17.235  -17.235
  -17.235  -17.232  -17.231  -17.231  -17.224  -17.223  -17.210  -17.210  -17.210  -17.209
   -8.463   -8.450   -8.434   -8.416   -8.392   -8.384   -8.347   -8.329   -8.316   -8.309
   -8.260   -8.260   -3.130   -3.091   -3.041   -2.992   -2.961   -2.819   -2.819   -2.784
   -2.778   -2.764   -2.738   -2.737   -0.876   -0.776   -0.635   -0.545   -0.495   -0.398
   -0.318   -0.257   -0.224   -0.059   -0.020    0.049    0.230    0.286    0.338    0.449
    0.459    0.533    0.622    0.671    0.718    0.861    1.032    1.143    1.729    1.929
    1.996    2.169    2.216    2.417    2.465    2.604    2.634    2.704    2.712    2.725
    6.007    6.185    6.419    6.597    6.695    6.773    6.799    6.835    6.910    6.991
    7.154    7.257    7.745    7.765    7.845    7.932    7.955    8.064    8.107    8.177
    8.185    8.247    8.296    8.440    8.970    9.025    9.297    9.541    9.608    9.721
    9.790    9.862    9.944   10.033   10.106   10.154   10.173   10.184   10.269   10.301
   10.478   10.529   10.802   10.917   11.016   11.108   11.308   11.326   11.477   11.492
   11.642   11.903   12.063   12.089   12.247   12.454   12.538   12.722   12.743   12.813
   12.941   12.993   13.117   13.177   13.248   13.291   13.442   13.552   13.587   13.646
   13.735   13.751   13.919   14.001   14.043   14.197   14.379   14.396   14.442   14.472
   14.564   14.619   14.693   14.832   14.856   14.922   15.014   15.107   15.268   15.288
   15.310   15.381   15.395   15.440   15.482   15.507   15.523   15.574   15.675   15.712
   15.761   15.876   15.935   16.046   16.146   16.411   16.522   16.558   16.603   16.659
   16.697   16.792   16.818   16.890   16.940   17.002   17.050   17.117   17.249   17.290
   17.315   17.393   17.581   17.670   17.703   17.751   17.798   17.891   17.964   18.039
   18.113   18.163   18.189   18.209   18.524   18.611   18.710   18.749   18.844   18.874
   18.902   18.919   19.042   19.084   19.105   19.126   19.196   19.227   19.416   19.488
   19.514   19.602   19.624   19.642   19.720   19.756   19.802   19.893   19.920   19.995
   20.033   20.111   20.274   20.369   20.474   20.544   20.611   20.634   20.807   20.904
   20.921   21.017   21.042   21.096   21.260   21.349   21.388   21.514   21.596   21.650
            0.400000  0.349175  0.000000
  -17.339  -17.338  -17.336  -17.334  -17.333  -17.333  -17.331  -17.330  -17.314  -17.314
  -17.307  -17.307  -17.305  -17.303  -17.303  -17.300  -17.299  -17.299  -17.297  -17.297
  -17.286  -17.285  -17.284  -17.282  -17.281  -17.280  -17.278  -17.278  -17.277  -17.277
  -17.273  -17.272  -17.271  -17.270  -17.268  -17.267  -17.266  -17.261  -17.260  -17.259
  -17.253  -17.253  -17.248  -17.247  -17.245  -17.244  -17.238  -17.237  -17.236  -17.235
  -17.235  -17.233  -17.232  -17.231  -17.224  -17.224  -17.211  -17.211  -17.210  -17.210
   -8.539   -8.522   -8.501   -8.476   -8.446   -8.438   -8.353   -8.330   -8.310   -8.298
   -8.261   -8.261   -3.224   -3.172   -3.102   -3.026   -2.964   -2.819   -2.817   -2.764
   -2.740   -2.715   -2.688   -2.684   -0.900   -0.808   -0.678   -0.533   -0.427   -0.377
   -0.318   -0.290   -0.140    0.043    0.091    0.188    0.263    0.358    0.392    0.556
    0.674    0.697    0.745    0.786    0.915    1.097    1.263    1.365    1.681    1.862
    2.086    2.118    2.275    2.400    2.519    2.612    2.696    2.741    2.784    2.803
    5.761    5.997    6.309    6.586    6.727    6.812    6.823    6.876    6.962    7.042
    7.224    7.265    7.522    7.558    7.682    7.794    7.861    8.004    8.013    8.157
    8.178    8.204    8.331    8.490    8.879    8.952    9.083    9.276    9.401    9.481
    9.494    9.640    9.884    9.932   10.015   10.066   10.082   10.109   10.186   10.203
   10.352   10.529   10.647   10.730   10.992   11.040   11.288   11.325   11.377   11.484
   11.654   11.893   12.075   12.081   12.259   12.443   12.534   12.678   12.785   12.841
   12.924   13.004   13.166   13.215   13.254   13.361   13.492   13.585   13.637   13.676
   13.804   13.954   14.032   14.073   14.121   14.326   14.344   14.398   14.432   14.501
   14.523   14.605   14.614   14.778   14.798   14.906   14.952   15.040   15.101   15.192
   15.217   15.297   15.316   15.403   15.416   15.449   15.499   15.522   15.625   15.672
   15.764   15.830   15.950   16.063   16.166   16.268   16.386   16.504   16.588   16.655
   16.706   16.911   16.952   17.024   17.046   17.075   17.185   17.258   17.344   17.383
   17.473   17.579   17.651   17.727   17.792   17.847   17.866   17.925   18.012   18.058
   18.130   18.168   18.195   18.308   18.621   18.682   18.721   18.766   18.792   18.850
   18.863   18.874   19.026   19.083   19.133   19.253   19.319   19.361   19.468   19.503
   19.536   19.620   19.653   19.711   19.779   19.831   19.839   19.860   19.881   19.935
   20.030   20.239   20.277   20.389   20.398   20.437   20.598   20.731   20.839   20.847
   20.896   20.953   21.015   21.067   21.236   21.339   21.416   21.456   21.526   21.582
            0.375000  0.327351  0.000000
  -17.338  -17.336  -17.335  -17.333  -17.332  -17.331  -17.329  -17.329  -17.313  -17.313
  -17.306  -17.306  -17.306  -17.304  -17.303  -17.301  -17.300  -17.300  -17.298  -17.297
  -17.287  -17.286  -17.285  -17.282  -17.281  -17.280  -17.279  -17.279  -17.278  -17.277
  -17.274  -17.273  -17.271  -17.270  -17.269  -17.268  -17.266  -17.261  -17.260  -17.259
  -17.254  -17.253  -17.247  -17.247  -17.245  -17.245  -17.239  -17.238  -17.237  -17.235
  -17.235  -17.233  -17.232  -17.231  -17.224  -17.224  -17.212  -17.212  -17.210  -17.210
   -8.628   -8.608   -8.581   -8.551   -8.517   -8.509   -8.358   -8.331   -8.305   -8.287
   -8.256   -8.256   -3.320   -3.255   -3.165   -3.062   -2.966   -2.824   -2.807   -2.737
   -2.694   -2.657   -2.626   -2.620   -0.894   -0.809   -0.691   -0.558   -0.439   -0.364
   -0.256   -0.164   -0.024    0.146    0.179    0.298    0.343    0.434    0.500    0.664
    0.782    0.831    0.922    1.008    1.152    1.328    1.482    1.569    1.681    1.825
    2.053    2.226    2.306    2.436    2.576    2.641    2.763    2.795    2.881    2.901
    5.538    5.815    6.187    6.552    6.762    6.834    6.845    6.910    7.006    7.069
    7.118    7.204    7.289    7.379    7.511    7.673    7.743    7.879    7.924    8.126
    8.156    8.202    8.376    8.515    8.754    8.849    8.890    8.983    9.073    9.139
    9.166    9.597    9.806    9.905    9.923    9.957    9.974   10.018   10.050   10.165
   10.215   10.441   10.513   10.656   10.904   11.038   11.255   11.326   11.393   11.476
   11.718   11.888   12.075   12.129   12.290   12.398   12.538   12.712   12.800   12.893
   12.910   13.024   13.167   13.201   13.297   13.338   13.492   13.550   13.602   13.708
   13.774   13.879   14.015   14.107   14.146   14.218   14.232   14.287   14.361   14.408
   14.416   14.535   14.542   14.639   14.759   14.872   14.888   15.015   15.036   15.161
   15.207   15.348   15.363   15.443   15.460   15.491   15.569   15.615   15.688   15.730
   15.772   15.856   15.958   15.997   16.055   16.110   16.294   16.408   16.507   16.738
   16.813   17.005   17.069   17.175   17.180   17.209   17.314   17.383   17.426   17.490
   17.579   17.753   17.782   17.810   17.850   17.946   18.006   18.026   18.082   18.085
   18.104   18.193   18.259   18.377   18.526   18.553   18.597   18.679   18.732   18.787
   18.857   18.975   19.026   19.086   19.185   19.216   19.294   19.410   19.488   19.514
   19.562   19.612   19.661   19.804   19.838   19.896   19.916   19.970   20.021   20.137
   20.242   20.342   20.401   20.471   20.496   20.568   20.650   20.709   20.772   20.823
   20.877   20.934   20.949   21.064   21.125   21.344   21.387   21.481   21.486   21.662
            0.350000  0.305528  0.000000
  -17.336  -17.334  -17.334  -17.331  -17.330  -17.329  -17.328  -17.327  -17.311  -17.311
  -17.308  -17.305  -17.304  -17.304  -17.304  -17.302  -17.301  -17.301  -17.298  -17.298
  -17.287  -17.286  -17.285  -17.282  -17.281  -17.281  -17.280  -17.279  -17.278  -17.278
  -17.274  -17.273  -17.272  -17.270  -17.269  -17.268  -17.267  -17.260  -17.260  -17.259
  -17.254  -17.254  -17.247  -17.247  -17.245  -17.245  -17.240  -17.238  -17.237  -17.235
  -17.235  -17.233  -17.232  -17.232  -17.224  -17.224  -17.213  -17.213  -17.211  -17.210
   -8.726   -8.703   -8.672   -8.637   -8.601   -8.591   -8.364   -8.332   -8.301   -8.277
   -8.249   -8.248   -3.409   -3.334   -3.227   -3.100   -2.972   -2.835   -2.779   -2.695
   -2.635   -2.588   -2.552   -2.542   -0.859   -0.781   -0.674   -0.555   -0.449   -0.383
   -0.104   -0.025    0.095    0.212    0.241    0.326    0.493    0.537    0.626    0.782
    0.887    0.925    1.151    1.240    1.377    1.542    1.675    1.741    1.744    1.839
    2.026    2.276    2.400    2.553    2.587    2.757    2.789    2.914    2.991    3.004
    5.358    5.660    6.064    6.469    6.738    6.817    6.831    6.863    6.944    6.974
    7.091    7.121    7.154    7.279    7.345    7.524    7.606    7.681    7.780    8.109
    8.144    8.228    8.396    8.483    8.608    8.653    8.738    8.781    8.797    8.824
    8.866    9.567    9.706    9.780    9.826    9.835    9.855    9.892   10.011   10.040
   10.269   10.308   10.396   10.740   10.804   10.980   11.302   11.347   11.440   11.470
   11.786   11.898   12.104   12.194   12.327   12.401   12.510   12.762   12.817   12.878
   12.954   13.022   13.110   13.173   13.255   13.317   13.413   13.448   13.493   13.577
   13.612   13.665   13.886   13.982   14.013   14.022   14.062   14.179   14.240   14.289
   14.339   14.405   14.475   14.608   14.728   14.827   14.887   15.047   15.155   15.226
   15.309   15.349   15.389   15.484   15.525   15.581   15.625   15.673   15.721   15.759
   15.822   15.908   15.916   15.981   16.111   16.140   16.251   16.403   16.582   16.765
   16.922   17.032   17.103   17.213   17.281   17.355   17.412   17.478   17.508   17.608
   17.680   17.769   17.820   17.889   17.952   17.972   17.991   18.045   18.080   18.194
   18.220   18.259   18.315   18.416   18.486   18.499   18.592   18.681   18.716   18.864
   18.940   18.965   18.995   19.090   19.134   19.231   19.264   19.370   19.389   19.553
   19.640   19.700   19.735   19.877   19.915   19.941   20.044   20.101   20.169   20.242
   20.361   20.507   20.550   20.593   20.622   20.658   20.698   20.733   20.785   20.821
   20.870   20.909   20.996   21.029   21.165   21.314   21.446   21.560   21.580   21.652
            0.325000  0.283704  0.000000
  -17.335  -17.333  -17.332  -17.329  -17.328  -17.328  -17.326  -17.326  -17.310  -17.309
  -17.309  -17.307  -17.305  -17.303  -17.303  -17.303  -17.302  -17.302  -17.299  -17.299
  -17.287  -17.286  -17.286  -17.282  -17.282  -17.282  -17.281  -17.280  -17.279  -17.278
  -17.275  -17.274  -17.272  -17.271  -17.270  -17.268  -17.267  -17.260  -17.259  -17.258
  -17.255  -17.254  -17.247  -17.247  -17.245  -17.245  -17.241  -17.239  -17.238  -17.235
  -17.235  -17.234  -17.233  -17.232  -17.225  -17.224  -17.214  -17.214  -17.211  -17.211
   -8.831   -8.806   -8.771   -8.731   -8.693   -8.681   -8.370   -8.334   -8.298   -8.268
   -8.240   -8.238   -3.488   -3.405   -3.283   -3.136   -2.985   -2.849   -2.727   -2.635
   -2.563   -2.506   -2.465   -2.452   -0.798   -0.727   -0.629   -0.525   -0.431   -0.370
    0.014    0.104    0.202    0.233    0.321    0.348    0.617    0.642    0.738    0.901
    1.013    1.057    1.351    1.449    1.580    1.727    1.837    1.862    1.877    1.912
    2.048    2.268    2.539    2.615    2.753    2.793    2.919    3.043    3.094    3.102
    5.250    5.556    5.959    6.342    6.540    6.549    6.788    6.826    6.926    6.965
    7.009    7.071    7.163    7.191    7.203    7.343    7.430    7.449    7.587    8.102
    8.142    8.241    8.333    8.394    8.420    8.438    8.466    8.484    8.618    8.766
    8.871    9.530    9.585    9.618    9.657    9.683    9.685    9.728    9.915   10.153
   10.213   10.237   10.528   10.674   10.824   11.004   11.299   11.369   11.457   11.537
   11.842   11.953   12.145   12.229   12.387   12.435   12.495   12.720   12.781   12.896
   12.938   12.974   13.023   13.086   13.116   13.195   13.212   13.255   13.288   13.318
   13.440   13.621   13.758   13.825   13.850   13.926   13.963   14.041   14.085   14.175
   14.276   14.382   14.478   14.541   14.666   14.709   14.816   14.969   15.179   15.213
   15.312   15.351   15.428   15.497   15.561   15.672   15.714   15.744   15.825   15.853
   15.863   15.938   15.988   16.129   16.191   16.246   16.391   16.535   16.702   16.769
   16.983   17.006   17.119   17.227   17.317   17.426   17.442   17.487   17.537   17.615
   17.671   17.735   17.869   17.916   17.938   17.976   18.027   18.124   18.188   18.199
   18.273   18.305   18.347   18.434   18.511   18.547   18.640   18.742   18.816   18.856
   18.971   19.003   19.070   19.096   19.192   19.257   19.296   19.372   19.412   19.630
   19.709   19.825   19.837   19.872   19.948   20.052   20.129   20.213   20.300   20.318
   20.378   20.424   20.559   20.602   20.656   20.720   20.806   20.820   20.853   20.898
   20.938   20.987   21.054   21.113   21.169   21.296   21.517   21.612   21.636   21.650
            0.300000  0.261881  0.000000
  -17.334  -17.331  -17.330  -17.327  -17.327  -17.326  -17.324  -17.324  -17.310  -17.309
  -17.308  -17.307  -17.306  -17.304  -17.304  -17.304  -17.302  -17.301  -17.300  -17.300
  -17.287  -17.286  -17.286  -17.284  -17.284  -17.282  -17.281  -17.281  -17.280  -17.278
  -17.276  -17.274  -17.273  -17.271  -17.270  -17.268  -17.268  -17.260  -17.259  -17.258
  -17.255  -17.255  -17.248  -17.248  -17.245  -17.244  -17.241  -17.239  -17.239  -17.235
  -17.235  -17.234  -17.233  -17.232  -17.225  -17.224  -17.215  -17.215  -17.211  -17.211
   -8.939   -8.911   -8.873   -8.830   -8.789   -8.776   -8.377   -8.337   -8.295   -8.260
   -8.231   -8.227   -3.552   -3.463   -3.329   -3.168   -2.999   -2.862   -2.652   -2.555
   -2.474   -2.410   -2.364   -2.348   -0.716   -0.650   -0.563   -0.473   -0.389   -0.329
    0.012    0.178    0.293    0.327    0.375    0.407    0.719    0.735    0.828    1.004
    1.149    1.217    1.513    1.622    1.749    1.874    1.952    1.971    2.024    2.044
    2.131    2.307    2.559    2.803    2.823    2.929    3.064    3.157    3.170    3.200
    5.235    5.524    5.900    6.216    6.289    6.329    6.698    6.716    6.815    6.910
    6.920    6.967    7.060    7.097    7.159    7.226    7.229    7.339    7.419    8.055
    8.077    8.135    8.145    8.183    8.270    8.285    8.372    8.432    8.608    8.763
    8.879    9.394    9.443    9.464    9.490    9.522    9.546    9.581    9.839   10.055
   10.155   10.475   10.582   10.747   10.812   11.124   11.276   11.336   11.528   11.609
   11.889   12.014   12.147   12.226   12.410   12.491   12.523   12.604   12.670   12.743
   12.796   12.841   12.869   12.883   12.909   12.968   13.000   13.102   13.180   13.236
   13.385   13.537   13.631   13.720   13.806   13.843   13.892   13.920   14.051   14.131
   14.184   14.344   14.414   14.495   14.627   14.655   14.729   14.847   14.953   15.148
   15.256   15.317   15.399   15.426   15.590   15.723   15.799   15.810   15.878   15.896
   15.977   16.109   16.228   16.298   16.357   16.406   16.571   16.705   16.715   16.801
   17.020   17.034   17.120   17.186   17.334   17.367   17.448   17.490   17.514   17.601
   17.706   17.765   17.809   17.892   17.913   17.946   18.009   18.036   18.153   18.201
   18.341   18.372   18.459   18.520   18.574   18.638   18.755   18.818   18.825   18.844
   18.967   19.090   19.111   19.152   19.235   19.292   19.415   19.496   19.603   19.694
   19.725   19.815   19.882   19.930   19.987   20.131   20.213   20.217   20.326   20.413
   20.436   20.482   20.513   20.583   20.612   20.726   20.769   20.817   20.874   20.914
   20.955   21.044   21.229   21.248   21.275   21.346   21.413   21.553   21.636   21.650
            0.275000  0.240057  0.000000
  -17.332  -17.330  -17.328  -17.326  -17.326  -17.324  -17.322  -17.322  -17.311  -17.310
  -17.308  -17.306  -17.306  -17.306  -17.305  -17.305  -17.302  -17.302  -17.299  -17.299
  -17.288  -17.286  -17.286  -17.285  -17.285  -17.283  -17.282  -17.282  -17.281  -17.279
  -17.277  -17.274  -17.273  -17.272  -17.271  -17.268  -17.268  -17.259  -17.258  -17.258
  -17.256  -17.255  -17.248  -17.248  -17.244  -17.244  -17.242  -17.240  -17.239  -17.236
  -17.235  -17.234  -17.233  -17.233  -17.225  -17.224  -17.216  -17.216  -17.212  -17.212
   -9.048   -9.018   -8.977   -8.930   -8.888   -8.872   -8.385   -8.342   -8.295   -8.253
   -8.223   -8.216   -3.599   -3.504   -3.363   -3.189   -3.009   -2.869   -2.557   -2.457
   -2.369   -2.299   -2.249   -2.231   -0.615   -0.556   -0.479   -0.404   -0.335   -0.263
   -0.058    0.159    0.351    0.440    0.477    0.489    0.815    0.827    0.914    1.081
    1.266    1.372    1.635    1.747    1.866    1.963    2.012    2.013    2.206    2.216
    2.273    2.402    2.609    2.863    2.921    3.067    3.174    3.251    3.269    3.294
    5.310    5.571    5.902    6.101    6.133    6.196    6.509    6.549    6.645    6.726
    6.789    6.799    6.942    6.975    7.071    7.101    7.199    7.350    7.387    7.910
    7.919    7.941    8.008    8.099    8.252    8.285    8.345    8.444    8.578    8.774
    8.860    9.188    9.278    9.281    9.313    9.384    9.395    9.552    9.768    9.980
   10.128   10.524   10.699   10.810   11.046   11.084   11.288   11.449   11.538   11.654
   11.925   11.995   12.122   12.207   12.309   12.404   12.449   12.463   12.496   12.544
   12.591   12.623   12.649   12.689   12.743   12.846   12.905   13.082   13.156   13.224
   13.300   13.459   13.530   13.658   13.727   13.746   13.834   13.895   14.063   14.143
   14.194   14.303   14.331   14.400   14.553   14.587   14.743   14.745   14.832   15.002
   15.170   15.179   15.383   15.468   15.544   15.718   15.798   15.863   15.887   15.914
   16.068   16.218   16.391   16.484   16.577   16.632   16.665   16.679   16.714   16.921
   17.011   17.089   17.165   17.188   17.242   17.294   17.359   17.444   17.545   17.568
   17.669   17.698   17.836   17.883   17.945   17.967   18.003   18.070   18.136   18.251
   18.352   18.435   18.475   18.547   18.660   18.744   18.790   18.872   18.900   18.962
   18.997   19.065   19.116   19.245   19.312   19.389   19.480   19.532   19.621   19.626
   19.737   19.747   19.944   19.978   20.043   20.095   20.210   20.267   20.301   20.390
   20.452   20.481   20.544   20.601   20.633   20.653   20.729   20.758   20.877   20.907
   20.961   21.010   21.132   21.298   21.377   21.404   21.454   21.552   21.562   21.611
            0.250000  0.218234  0.000000
  -17.332  -17.329  -17.326  -17.326  -17.324  -17.323  -17.320  -17.320  -17.312  -17.311
  -17.310  -17.307  -17.307  -17.306  -17.305  -17.305  -17.303  -17.303  -17.298  -17.298
  -17.288  -17.286  -17.286  -17.285  -17.285  -17.283  -17.283  -17.283  -17.282  -17.279
  -17.279  -17.274  -17.273  -17.272  -17.271  -17.268  -17.267  -17.258  -17.258  -17.258
  -17.256  -17.255  -17.248  -17.248  -17.244  -17.243  -17.242  -17.240  -17.240  -17.237
  -17.235  -17.234  -17.233  -17.233  -17.225  -17.224  -17.217  -17.217  -17.212  -17.212
   -9.154   -9.122   -9.079   -9.029   -8.985   -8.968   -8.395   -8.348   -8.295   -8.249
   -8.215   -8.205   -3.625   -3.528   -3.381   -3.199   -3.011   -2.868   -2.444   -2.342
   -2.249   -2.174   -2.120   -2.102   -0.500   -0.449   -0.384   -0.333   -0.308   -0.176
   -0.101    0.108    0.349    0.513    0.590    0.611    0.914    0.926    1.008    1.146
    1.352    1.496    1.715    1.820    1.924    1.985    2.003    2.016    2.378    2.390
    2.434    2.527    2.680    2.917    2.942    3.162    3.249    3.343    3.374    3.390
    5.435    5.669    5.936    6.025    6.089    6.183    6.309    6.345    6.495    6.565
    6.600    6.616    6.846    6.866    6.986    7.053    7.192    7.365    7.378    7.789
    7.845    7.874    7.928    8.040    8.249    8.288    8.342    8.434    8.558    8.759
    8.813    8.995    9.074    9.097    9.149    9.236    9.308    9.554    9.688    9.949
   10.134   10.481   10.660   10.986   11.139   11.190   11.387   11.426   11.609   11.742
   11.847   11.901   12.006   12.113   12.145   12.205   12.210   12.222   12.321   12.359
   12.387   12.445   12.518   12.643   12.737   12.879   12.906   13.044   13.107   13.176
   13.238   13.449   13.494   13.556   13.612   13.661   13.854   13.961   14.017   14.114
   14.215   14.252   14.309   14.372   14.500   14.555   14.620   14.719   14.860   14.956
   14.993   15.075   15.407   15.471   15.561   15.677   15.783   15.860   15.891   15.911
   16.119   16.323   16.397   16.531   16.579   16.624   16.676   16.720   16.818   16.828
   16.918   16.969   17.090   17.129   17.223   17.301   17.409   17.472   17.523   17.625
   17.715   17.743   17.816   17.915   17.969   18.067   18.096   18.151   18.163   18.314
   18.379   18.497   18.543   18.581   18.650   18.686   18.821   18.957   18.991   19.033
   19.058   19.081   19.195   19.225   19.276   19.398   19.428   19.550   19.613   19.659
   19.683   19.731   19.845   19.894   19.945   20.048   20.109   20.130   20.256   20.328
   20.358   20.453   20.494   20.551   20.555   20.672   20.705   20.753   20.772   20.810
   20.952   21.025   21.221   21.279   21.315   21.332   21.416   21.496   21.548   21.599
            0.225000  0.196411  0.000000
  -17.332  -17.329  -17.326  -17.326  -17.322  -17.321  -17.318  -17.318  -17.312  -17.311
  -17.311  -17.309  -17.308  -17.307  -17.306  -17.306  -17.303  -17.303  -17.297  -17.296
  -17.288  -17.287  -17.287  -17.286  -17.284  -17.284  -17.284  -17.284  -17.282  -17.280
  -17.280  -17.274  -17.273  -17.272  -17.271  -17.268  -17.267  -17.259  -17.259  -17.257
  -17.255  -17.254  -17.249  -17.249  -17.245  -17.243  -17.242  -17.241  -17.240  -17.237
  -17.235  -17.234  -17.233  -17.233  -17.224  -17.224  -17.218  -17.218  -17.212  -17.212
   -9.255   -9.222   -9.176   -9.125   -9.078   -9.060   -8.407   -8.356   -8.298   -8.246
   -8.208   -8.195   -3.632   -3.533   -3.382   -3.195   -3.000   -2.855   -2.314   -2.210
   -2.113   -2.035   -1.980   -1.961   -0.381   -0.376   -0.316   -0.300   -0.270   -0.074
   -0.053    0.081    0.318    0.543    0.679    0.735    1.022    1.032    1.112    1.220
    1.413    1.582    1.748    1.840    1.906    1.923    1.962    1.971    2.506    2.523
    2.564    2.634    2.732    2.963    2.968    3.255    3.308    3.400    3.453    3.470
    5.544    5.752    5.953    6.036    6.067    6.119    6.166    6.311    6.437    6.443
    6.494    6.527    6.777    6.830    6.946    7.044    7.162    7.325    7.370    7.731
    7.846    7.908    7.913    7.986    8.221    8.261    8.356    8.403    8.566    8.700
    8.746    8.830    8.877    8.926    9.016    9.112    9.276    9.537    9.637    9.956
   10.155   10.433   10.628   10.909   11.109   11.274   11.480   11.505   11.639   11.701
   11.719   11.781   11.802   11.878   11.939   12.010   12.065   12.112   12.133   12.223
   12.268   12.356   12.510   12.634   12.779   12.813   12.922   13.000   13.124   13.178
   13.260   13.365   13.419   13.457   13.623   13.691   13.870   13.938   14.020   14.037
   14.121   14.229   14.297   14.377   14.509   14.581   14.657   14.684   14.823   14.859
   14.945   15.047   15.437   15.516   15.571   15.640   15.789   15.806   15.867   15.908
   16.096   16.315   16.327   16.408   16.490   16.549   16.559   16.612   16.643   16.814
   16.829   16.880   17.067   17.123   17.183   17.242   17.350   17.421   17.555   17.629
   17.737   17.818   17.882   17.997   18.060   18.162   18.221   18.287   18.327   18.338
   18.385   18.471   18.523   18.632   18.658   18.698   18.781   18.897   19.021   19.080
   19.116   19.155   19.171   19.191   19.295   19.353   19.406   19.459   19.485   19.558
   19.668   19.712   19.751   19.799   19.837   19.947   20.047   20.132   20.148   20.197
   20.235   20.330   20.358   20.435   20.459   20.555   20.567   20.662   20.711   20.864
   20.956   21.024   21.097   21.182   21.273   21.313   21.377   21.470   21.537   21.575
            0.200000  0.174587  0.000000
  -17.333  -17.330  -17.327  -17.326  -17.321  -17.319  -17.316  -17.316  -17.313  -17.311
  -17.311  -17.310  -17.308  -17.308  -17.307  -17.307  -17.303  -17.303  -17.295  -17.295
  -17.289  -17.288  -17.288  -17.286  -17.285  -17.284  -17.284  -17.283  -17.283  -17.281
  -17.281  -17.275  -17.273  -17.272  -17.272  -17.267  -17.267  -17.260  -17.260  -17.257
  -17.255  -17.253  -17.249  -17.249  -17.245  -17.243  -17.242  -17.241  -17.239  -17.238
  -17.235  -17.234  -17.232  -17.232  -17.224  -17.224  -17.219  -17.219  -17.213  -17.213
   -9.350   -9.316   -9.268   -9.215   -9.167   -9.147   -8.420   -8.365   -8.301   -8.244
   -8.202   -8.187   -3.619   -3.519   -3.366   -3.176   -2.977   -2.830   -2.171   -2.064
   -1.964   -1.884   -1.828   -1.810   -0.462   -0.315   -0.231   -0.213   -0.187    0.034
    0.041    0.118    0.295    0.538    0.733    0.834    1.136    1.143    1.220    1.309
    1.465    1.633    1.714    1.781    1.803    1.858    1.871    1.892    2.563    2.586
    2.634    2.698    2.759    3.004    3.013    3.338    3.359    3.443    3.494    3.515
    5.567    5.759    5.922    5.988    6.014    6.159    6.179    6.347    6.370    6.484
    6.513    6.666    6.759    6.890    6.978    7.058    7.127    7.280    7.352    7.716
    7.822    7.922    7.989    8.007    8.179    8.189    8.351    8.428    8.557    8.614
    8.661    8.726    8.746    8.799    8.931    9.032    9.279    9.477    9.648    9.979
   10.181   10.385   10.608   10.827   11.018   11.149   11.354   11.408   11.474   11.543
   11.573   11.583   11.658   11.736   11.772   11.876   11.973   12.091   12.146   12.172
   12.297   12.361   12.593   12.649   12.673   12.754   12.932   13.052   13.129   13.189
   13.249   13.350   13.414   13.436   13.652   13.667   13.842   13.871   13.979   14.037
   14.092   14.198   14.343   14.399   14.486   14.582   14.619   14.700   14.757   14.903
   14.982   15.140   15.397   15.455   15.571   15.694   15.710   15.818   15.846   15.870
   15.973   16.115   16.137   16.287   16.323   16.390   16.419   16.508   16.587   16.805
   16.847   16.874   16.965   17.037   17.104   17.125   17.229   17.378   17.458   17.657
   17.720   17.828   17.879   17.900   18.006   18.119   18.185   18.281   18.354   18.393
   18.495   18.518   18.587   18.604   18.663   18.730   18.788   18.912   18.963   19.002
   19.053   19.085   19.103   19.156   19.191   19.230   19.266   19.492   19.513   19.542
   19.588   19.675   19.730   19.844   19.870   19.886   20.020   20.062   20.078   20.145
   20.207   20.296   20.340   20.368   20.439   20.476   20.542   20.591   20.681   20.730
   20.778   20.908   20.991   21.152   21.242   21.257   21.303   21.366   21.482   21.622
            0.175000  0.152764  0.000000
  -17.334  -17.331  -17.328  -17.327  -17.319  -17.318  -17.315  -17.315  -17.314  -17.312
  -17.311  -17.310  -17.309  -17.309  -17.307  -17.307  -17.304  -17.304  -17.294  -17.294
  -17.289  -17.289  -17.289  -17.287  -17.285  -17.284  -17.284  -17.284  -17.283  -17.281
  -17.281  -17.275  -17.273  -17.272  -17.272  -17.267  -17.267  -17.261  -17.261  -17.256
  -17.254  -17.252  -17.249  -17.249  -17.246  -17.243  -17.242  -17.241  -17.239  -17.238
  -17.236  -17.234  -17.232  -17.232  -17.224  -17.224  -17.220  -17.220  -17.213  -17.213
   -9.437   -9.402   -9.353   -9.297   -9.248   -9.227   -8.433   -8.375   -8.306   -8.244
   -8.198   -8.180   -3.589   -3.489   -3.335   -3.143   -2.942   -2.793   -2.016   -1.906
   -1.804   -1.724   -1.668   -1.652   -0.549   -0.362   -0.163   -0.101   -0.085    0.141
    0.145    0.209    0.314    0.519    0.746    0.893    1.247    1.252    1.329    1.399
    1.482    1.606    1.618    1.674    1.731    1.766    1.779    1.783    2.545    2.576
    2.639    2.718    2.783    3.026    3.038    3.370    3.385    3.469    3.514    3.534
    5.514    5.718    5.913    5.991    5.998    6.220    6.253    6.402    6.460    6.575
    6.662    6.800    6.849    6.985    7.025    7.101    7.105    7.257    7.326    7.712
    7.823    7.869    8.050    8.086    8.113    8.193    8.348    8.426    8.506    8.552
    8.639    8.696    8.733    8.789    8.891    9.004    9.280    9.437    9.666    9.992
   10.217   10.355   10.582   10.732   10.908   11.028   11.143   11.218   11.270   11.331
   11.354   11.370   11.507   11.556   11.601   11.748   11.862   12.103   12.131   12.338
   12.419   12.498   12.526   12.606   12.683   12.755   12.945   13.093   13.114   13.196
   13.314   13.353   13.459   13.479   13.594   13.686   13.751   13.813   13.964   14.027
   14.183   14.227   14.292   14.403   14.463   14.521   14.576   14.729   14.782   14.970
   15.144   15.205   15.269   15.376   15.520   15.605   15.702   15.736   15.760   15.780
   15.870   15.948   16.020   16.137   16.179   16.278   16.304   16.493   16.522   16.650
   16.747   16.789   16.839   16.945   17.000   17.071   17.251   17.327   17.393   17.528
   17.581   17.678   17.750   17.799   17.881   17.928   18.005   18.117   18.238   18.318
   18.387   18.441   18.523   18.583   18.624   18.699   18.745   18.789   18.826   18.872
   18.919   18.989   19.023   19.079   19.219   19.363   19.421   19.469   19.549   19.561
   19.697   19.738   19.798   19.845   19.920   19.980   20.008   20.091   20.113   20.185
   20.226   20.300   20.360   20.402   20.482   20.514   20.558   20.628   20.641   20.719
   20.748   20.867   20.920   21.085   21.121   21.163   21.241   21.275   21.420   21.501
            0.150000  0.130940  0.000000
  -17.336  -17.333  -17.329  -17.328  -17.318  -17.318  -17.315  -17.315  -17.313  -17.313
  -17.311  -17.311  -17.309  -17.308  -17.307  -17.307  -17.305  -17.304  -17.293  -17.293
  -17.290  -17.290  -17.289  -17.289  -17.285  -17.285  -17.284  -17.283  -17.283  -17.282
  -17.281  -17.275  -17.273  -17.272  -17.272  -17.267  -17.267  -17.262  -17.262  -17.256
  -17.253  -17.251  -17.249  -17.248  -17.246  -17.244  -17.242  -17.241  -17.239  -17.238
  -17.236  -17.234  -17.231  -17.231  -17.224  -17.224  -17.220  -17.220  -17.213  -17.213
   -9.515   -9.478   -9.428   -9.371   -9.321   -9.299   -8.447   -8.385   -8.312   -8.245
   -8.195   -8.174   -3.544   -3.444   -3.291   -3.098   -2.896   -2.746   -1.856   -1.740
   -1.636   -1.557   -1.502   -1.491   -0.623   -0.425   -0.173   -0.001    0.027    0.242
    0.247    0.321    0.384    0.514    0.725    0.906    1.301    1.319    1.368    1.426
    1.455    1.535    1.553    1.576    1.610    1.658    1.735    1.810    2.464    2.502
    2.581    2.688    2.800    3.021    3.041    3.351    3.373    3.468    3.521    3.542
    5.428    5.661    5.952    6.059    6.086    6.314    6.321    6.533    6.580    6.774
    6.782    6.869    6.963    7.035    7.039    7.090    7.114    7.261    7.304    7.720
    7.820    7.845    8.043    8.082    8.143    8.291    8.317    8.416    8.494    8.628
    8.667    8.770    8.874    8.881    8.904    9.008    9.264    9.427    9.665    9.984
   10.274   10.348   10.533   10.619   10.750   10.904   10.949   11.054   11.098   11.169
   11.191   11.233   11.338   11.381   11.475   11.651   11.795   12.085   12.089   12.357
   12.426   12.469   12.558   12.641   12.690   12.783   12.939   13.103   13.199   13.227
   13.273   13.442   13.452   13.518   13.597   13.662   13.762   13.844   13.873   14.088
   14.166   14.230   14.281   14.383   14.450   14.499   14.548   14.716   14.783   14.983
   15.098   15.154   15.297   15.403   15.452   15.500   15.590   15.608   15.643   15.663
   15.816   15.892   15.938   16.047   16.103   16.248   16.285   16.307   16.391   16.399
   16.496   16.657   16.730   16.933   16.991   17.051   17.208   17.251   17.310   17.348
   17.378   17.504   17.509   17.582   17.659   17.744   17.818   17.946   18.018   18.128
   18.261   18.331   18.355   18.423   18.521   18.588   18.649   18.665   18.725   18.748
   18.812   18.866   19.043   19.080   19.201   19.300   19.463   19.503   19.702   19.712
   19.750   19.860   19.895   19.941   20.027   20.037   20.150   20.179   20.242   20.296
   20.350   20.387   20.407   20.478   20.494   20.588   20.624   20.643   20.676   20.782
   20.805   20.853   20.935   21.014   21.035   21.169   21.194   21.249   21.387   21.433
            0.125000  0.109117  0.000000
  -17.338  -17.335  -17.331  -17.329  -17.319  -17.317  -17.315  -17.315  -17.314  -17.313
  -17.311  -17.310  -17.309  -17.308  -17.308  -17.307  -17.304  -17.304  -17.293  -17.293
  -17.290  -17.290  -17.290  -17.290  -17.286  -17.286  -17.284  -17.282  -17.282  -17.281
  -17.280  -17.275  -17.273  -17.272  -17.271  -17.267  -17.267  -17.263  -17.263  -17.255
  -17.253  -17.251  -17.250  -17.248  -17.246  -17.244  -17.242  -17.241  -17.238  -17.238
  -17.236  -17.234  -17.231  -17.231  -17.224  -17.224  -17.220  -17.220  -17.214  -17.213
   -9.582   -9.545   -9.494   -9.436   -9.384   -9.362   -8.460   -8.395   -8.318   -8.246
   -8.194   -8.170   -3.488   -3.390   -3.238   -3.045   -2.842   -2.692   -1.696   -1.571
   -1.464   -1.388   -1.336   -1.330   -0.674   -0.485   -0.216    0.032    0.136    0.335
    0.339    0.429    0.477    0.549    0.695    0.873    1.149    1.239    1.315    1.383
    1.398    1.432    1.516    1.555    1.614    1.691    1.793    1.871    2.342    2.382
    2.469    2.600    2.776    3.012    3.026    3.288    3.353    3.461    3.527    3.550
    5.339    5.593    5.972    6.203    6.218    6.420    6.451    6.741    6.762    6.838
    6.895    6.917    6.984    6.998    7.029    7.082    7.098    7.273    7.301    7.752
    7.835    7.850    7.978    8.144    8.203    8.248    8.376    8.470    8.643    8.679
    8.842    8.927    8.978    9.005    9.070    9.135    9.249    9.422    9.633    9.962
   10.325   10.359   10.449   10.508   10.567   10.795   10.831   10.931   10.949   11.051
   11.106   11.155   11.216   11.277   11.414   11.594   11.771   12.032   12.107   12.326
   12.373   12.405   12.520   12.600   12.698   12.795   12.893   13.080   13.144   13.255
   13.305   13.360   13.438   13.543   13.596   13.711   13.746   13.847   13.970   14.054
   14.122   14.238   14.295   14.358   14.407   14.536   14.583   14.616   14.730   14.855
   15.024   15.139   15.231   15.295   15.384   15.410   15.438   15.531   15.605   15.659
   15.728   15.851   15.942   15.974   16.008   16.030   16.081   16.230   16.342   16.371
   16.406   16.516   16.655   16.743   16.896   16.935   16.989   17.018   17.117   17.147
   17.272   17.305   17.386   17.499   17.532   17.622   17.684   17.784   17.913   17.976
   18.078   18.198   18.217   18.266   18.338   18.410   18.542   18.558   18.626   18.629
   18.760   18.904   19.038   19.113   19.146   19.182   19.499   19.562   19.711   19.733
   19.816   19.876   19.996   20.015   20.086   20.142   20.202   20.243   20.307   20.331
   20.402   20.449   20.505   20.545   20.575   20.616   20.632   20.739   20.762   20.836
   20.881   20.965   21.034   21.088   21.149   21.204   21.296   21.344   21.381   21.518
            0.100000  0.087294  0.000000
  -17.340  -17.336  -17.332  -17.330  -17.320  -17.318  -17.316  -17.315  -17.314  -17.312
  -17.310  -17.310  -17.309  -17.309  -17.307  -17.306  -17.303  -17.303  -17.294  -17.294
  -17.291  -17.291  -17.289  -17.289  -17.287  -17.286  -17.284  -17.282  -17.282  -17.281
  -17.279  -17.275  -17.274  -17.272  -17.271  -17.267  -17.266  -17.264  -17.264  -17.255
  -17.253  -17.251  -17.250  -17.247  -17.246  -17.244  -17.241  -17.241  -17.238  -17.238
  -17.236  -17.234  -17.231  -17.230  -17.225  -17.224  -17.219  -17.219  -17.214  -17.214
   -9.638   -9.601   -9.548   -9.489   -9.437   -9.414   -8.472   -8.404   -8.323   -8.249
   -8.193   -8.166   -3.427   -3.331   -3.181   -2.989   -2.786   -2.635   -1.550   -1.408
   -1.295   -1.224   -1.175   -1.173   -0.697   -0.532   -0.270    0.010    0.202    0.411
    0.415    0.518    0.564    0.612    0.691    0.817    1.002    1.111    1.183    1.229
    1.246    1.279    1.604    1.636    1.697    1.779    1.869    1.930    2.208    2.241
    2.324    2.464    2.681    2.968    3.032    3.234    3.347    3.463    3.538    3.564
    5.259    5.526    5.954    6.314    6.384    6.543    6.574    6.806    6.826    6.880
    6.926    6.955    6.979    6.994    7.030    7.146    7.152    7.307    7.344    7.803
    7.835    7.870    7.977    8.119    8.228    8.314    8.441    8.609    8.710    8.898
    8.979    9.025    9.087    9.158    9.249    9.337    9.397    9.451    9.568    9.931
   10.226   10.297   10.405   10.492   10.506   10.717   10.785   10.848   10.880   10.987
   11.079   11.111   11.162   11.275   11.418   11.576   11.782   11.991   12.140   12.276
   12.309   12.352   12.485   12.533   12.647   12.789   12.856   12.965   13.068   13.152
   13.227   13.309   13.402   13.406   13.502   13.648   13.748   13.804   13.915   14.011
   14.162   14.236   14.268   14.410   14.493   14.526   14.542   14.727   14.761   14.857
   14.887   14.964   15.044   15.121   15.124   15.253   15.421   15.495   15.544   15.575
   15.605   15.683   15.799   15.869   15.971   15.999   16.086   16.192   16.224   16.327
   16.386   16.423   16.574   16.702   16.769   16.798   16.857   16.892   16.959   16.999
   17.030   17.108   17.270   17.383   17.511   17.579   17.613   17.709   17.729   17.905
   17.966   18.073   18.117   18.188   18.279   18.318   18.395   18.468   18.542   18.598
   18.778   18.875   18.972   19.018   19.171   19.242   19.393   19.552   19.629   19.718
   19.786   19.841   19.886   19.970   20.017   20.069   20.192   20.233   20.271   20.390
   20.439   20.492   20.615   20.642   20.694   20.724   20.796   20.842   20.887   20.918
   21.020   21.035   21.106   21.157   21.238   21.359   21.461   21.530   21.572   21.668
            0.075000  0.065470  0.000000
  -17.341  -17.338  -17.333  -17.331  -17.321  -17.319  -17.317  -17.316  -17.313  -17.312
  -17.310  -17.310  -17.309  -17.308  -17.307  -17.305  -17.303  -17.302  -17.295  -17.295
  -17.292  -17.291  -17.289  -17.289  -17.287  -17.287  -17.284  -17.281  -17.281  -17.280
  -17.278  -17.275  -17.274  -17.271  -17.271  -17.266  -17.266  -17.265  -17.265  -17.255
  -17.253  -17.251  -17.250  -17.247  -17.246  -17.243  -17.241  -17.241  -17.238  -17.237
  -17.237  -17.234  -17.230  -17.230  -17.225  -17.225  -17.219  -17.219  -17.214  -17.214
   -9.682   -9.644   -9.592   -9.532   -9.479   -9.455   -8.482   -8.412   -8.329   -8.251
   -8.192   -8.164   -3.368   -3.273   -3.125   -2.935   -2.732   -2.581   -1.435   -1.265
   -1.138   -1.071   -1.025   -1.019   -0.690   -0.563   -0.325   -0.043    0.200    0.459
    0.462    0.576    0.624    0.676    0.731    0.780    0.906    0.999    1.048    1.091
    1.102    1.139    1.681    1.718    1.779    1.856    1.925    1.957    2.106    2.115
    2.178    2.310    2.549    2.865    3.067    3.225    3.354    3.473    3.552    3.579
    5.196    5.469    5.923    6.347    6.543    6.612    6.646    6.722    6.753    6.804
    6.851    6.919    6.944    7.091    7.166    7.306    7.333    7.436    7.494    7.817
    7.835    7.880    8.048    8.077    8.266    8.324    8.568    8.676    8.920    8.932
    9.025    9.108    9.244    9.255    9.388    9.461    9.474    9.626    9.723    9.892
   10.111   10.168   10.307   10.484   10.611   10.717   10.771   10.855   10.921   10.983
   11.118   11.142   11.173   11.338   11.475   11.594   11.817   11.977   12.158   12.227
   12.240   12.338   12.378   12.454   12.647   12.761   12.812   12.861   12.951   13.020
   13.069   13.136   13.218   13.329   13.407   13.534   13.607   13.630   13.875   13.892
   14.068   14.184   14.382   14.453   14.540   14.580   14.612   14.698   14.714   14.761
   14.835   14.876   14.935   14.979   15.045   15.147   15.244   15.258   15.334   15.369
   15.503   15.604   15.675   15.784   15.882   15.959   16.101   16.170   16.244   16.283
   16.353   16.458   16.469   16.584   16.724   16.735   16.799   16.845   16.932   17.018
   17.051   17.143   17.210   17.299   17.359   17.403   17.471   17.640   17.788   17.848
   17.915   17.966   18.039   18.129   18.216   18.225   18.322   18.437   18.545   18.717
   18.800   18.815   18.893   18.907   19.164   19.197   19.259   19.280   19.562   19.587
   19.710   19.787   19.804   19.894   19.944   20.038   20.155   20.212   20.278   20.387
   20.436   20.544   20.655   20.698   20.790   20.823   20.883   20.943   20.979   21.080
   21.098   21.167   21.205   21.223   21.293   21.449   21.543   21.616   21.667   21.720
            0.050000  0.043647  0.000000
  -17.342  -17.339  -17.334  -17.332  -17.322  -17.320  -17.317  -17.317  -17.313  -17.311
  -17.311  -17.311  -17.309  -17.308  -17.306  -17.305  -17.302  -17.302  -17.296  -17.296
  -17.293  -17.292  -17.289  -17.289  -17.287  -17.287  -17.283  -17.280  -17.280  -17.280
  -17.278  -17.275  -17.275  -17.271  -17.271  -17.266  -17.266  -17.266  -17.265  -17.255
  -17.253  -17.251  -17.251  -17.247  -17.246  -17.243  -17.241  -17.241  -17.237  -17.237
  -17.237  -17.234  -17.230  -17.230  -17.225  -17.225  -17.218  -17.218  -17.214  -17.214
   -9.714   -9.676   -9.623   -9.562   -9.509   -9.485   -8.489   -8.418   -8.333   -8.252
   -8.192   -8.163   -3.318   -3.224   -3.078   -2.890   -2.688   -2.537   -1.363   -1.160
   -1.007   -0.933   -0.887   -0.880   -0.669   -0.579   -0.374   -0.103    0.155    0.441
    0.476    0.612    0.667    0.731    0.775    0.780    0.850    0.922    0.964    0.975
    0.995    1.027    1.738    1.781    1.838    1.886    1.917    1.931    2.052    2.065
    2.099    2.171    2.426    2.764    3.099    3.235    3.366    3.484    3.566    3.591
    5.150    5.428    5.896    6.348    6.572    6.616    6.642    6.653    6.701    6.750
    6.785    6.925    6.947    7.124    7.235    7.435    7.537    7.624    7.688    7.777
    7.849    7.966    8.013    8.170    8.258    8.435    8.525    8.863    8.878    8.998
    9.045    9.171    9.269    9.374    9.393    9.471    9.682    9.816    9.875    9.943
   10.036   10.079   10.243   10.453   10.627   10.717   10.902   10.940   11.033   11.053
   11.217   11.253   11.257   11.429   11.569   11.639   11.869   11.987   12.135   12.155
   12.197   12.282   12.302   12.435   12.634   12.704   12.722   12.785   12.844   12.865
   12.902   12.968   13.073   13.265   13.309   13.334   13.358   13.396   13.837   13.904
   13.940   14.181   14.319   14.397   14.460   14.516   14.563   14.609   14.631   14.687
   14.822   14.856   14.915   14.934   14.978   15.030   15.087   15.137   15.199   15.208
   15.361   15.510   15.610   15.729   15.900   15.962   16.066   16.143   16.176   16.226
   16.320   16.405   16.596   16.627   16.657   16.744   16.800   16.887   16.919   17.035
   17.095   17.139   17.275   17.349   17.375   17.423   17.492   17.546   17.604   17.779
   17.812   17.929   18.047   18.095   18.223   18.260   18.344   18.380   18.519   18.662
   18.670   18.729   18.842   18.877   18.944   19.106   19.275   19.356   19.359   19.431
   19.476   19.685   19.782   19.870   19.970   20.062   20.128   20.173   20.282   20.362
   20.462   20.536   20.585   20.694   20.715   20.813   20.836   20.904   21.063   21.144
   21.246   21.289   21.338   21.379   21.448   21.495   21.526   21.641   21.741   21.800
            0.025000  0.021823  0.000000
  -17.343  -17.339  -17.335  -17.333  -17.323  -17.320  -17.318  -17.317  -17.312  -17.312
  -17.311  -17.311  -17.308  -17.307  -17.306  -17.304  -17.302  -17.301  -17.296  -17.296
  -17.293  -17.292  -17.289  -17.289  -17.287  -17.287  -17.283  -17.280  -17.280  -17.280
  -17.277  -17.276  -17.275  -17.271  -17.271  -17.266  -17.266  -17.266  -17.266  -17.255
  -17.253  -17.251  -17.251  -17.246  -17.246  -17.243  -17.241  -17.241  -17.237  -17.237
  -17.237  -17.234  -17.230  -17.230  -17.226  -17.225  -17.218  -17.218  -17.214  -17.214
   -9.734   -9.695   -9.642   -9.581   -9.527   -9.503   -8.494   -8.422   -8.335   -8.254
   -8.192   -8.162   -3.285   -3.192   -3.047   -2.859   -2.658   -2.507   -1.328   -1.101
   -0.918   -0.822   -0.775   -0.765   -0.663   -0.595   -0.412   -0.150    0.110    0.398
    0.457    0.651    0.706    0.750    0.772    0.773    0.835    0.867    0.922    0.925
    0.950    0.958    1.768    1.818    1.830    1.853    1.896    1.930    2.017    2.058
    2.084    2.109    2.344    2.697    3.121    3.246    3.375    3.492    3.575    3.600
    5.123    5.403    5.879    6.342    6.526    6.562    6.609    6.619    6.688    6.722
    6.750    6.957    6.973    7.146    7.285    7.513    7.663    7.747    7.754    7.785
    7.913    7.966    8.099    8.185    8.347    8.458    8.574    8.822    8.929    8.979
    9.073    9.184    9.327    9.345    9.361    9.599    9.807    9.819    9.982    9.987
   10.034   10.088   10.210   10.438   10.638   10.709   10.970   11.067   11.142   11.160
   11.341   11.379   11.400   11.516   11.666   11.694   11.911   12.003   12.070   12.079
   12.165   12.266   12.296   12.440   12.573   12.604   12.645   12.718   12.740   12.752
   12.841   12.852   13.033   13.086   13.147   13.183   13.212   13.232   13.735   13.924
   13.957   14.066   14.208   14.277   14.424   14.487   14.511   14.566   14.612   14.689
   14.729   14.737   14.780   14.819   14.858   14.976   15.039   15.128   15.151   15.213
   15.320   15.461   15.555   15.754   15.835   15.933   16.000   16.108   16.222   16.312
   16.399   16.438   16.522   16.617   16.678   16.762   16.819   16.868   17.037   17.075
   17.113   17.166   17.248   17.273   17.460   17.481   17.541   17.613   17.717   17.733
   17.794   17.892   17.905   18.089   18.218   18.235   18.312   18.410   18.472   18.481
   18.556   18.648   18.755   18.843   18.969   19.107   19.129   19.219   19.402   19.458
   19.541   19.572   19.706   19.759   19.824   19.929   20.027   20.250   20.340   20.364
   20.491   20.527   20.554   20.652   20.706   20.733   20.869   20.964   21.057   21.092
   21.179   21.276   21.450   21.516   21.563   21.595   21.618   21.686   21.743   21.873
            0.000000  0.000000  0.000000
  -17.343  -17.339  -17.335  -17.333  -17.323  -17.320  -17.318  -17.317  -17.312  -17.312
  -17.312  -17.311  -17.308  -17.307  -17.306  -17.304  -17.302  -17.301  -17.296  -17.296
  -17.293  -17.293  -17.289  -17.289  -17.287  -17.287  -17.283  -17.280  -17.280  -17.280
  -17.276  -17.276  -17.275  -17.271  -17.271  -17.266  -17.266  -17.266  -17.266  -17.255
  -17.253  -17.251  -17.251  -17.246  -17.246  -17.243  -17.241  -17.241  -17.237  -17.237
  -17.237  -17.234  -17.230  -17.230  -17.226  -17.225  -17.218  -17.218  -17.214  -17.214
   -9.740   -9.701   -9.648   -9.587   -9.534   -9.509   -8.495   -8.423   -8.336   -8.254
   -8.192   -8.162   -3.273   -3.180   -3.036   -2.849   -2.647   -2.497   -1.318   -1.083
   -0.886   -0.775   -0.717   -0.695   -0.694   -0.610   -0.428   -0.168    0.092    0.379
    0.446    0.681    0.717    0.725    0.753    0.786    0.831    0.857    0.893    0.923
    0.925    0.959    1.772    1.816    1.817    1.848    1.887    1.936    2.018    2.026
    2.081    2.114    2.316    2.674    3.129    3.251    3.378    3.495    3.578    3.603
    5.114    5.394    5.873    6.340    6.508    6.541    6.592    6.602    6.676    6.709
    6.749    6.973    6.982    7.156    7.305    7.538    7.702    7.740    7.792    7.801
    7.956    7.958    8.161    8.181    8.403    8.432    8.629    8.800    8.918    8.964
    9.106    9.168    9.329    9.330    9.378    9.642    9.799    9.866    9.970   10.012
   10.033   10.130   10.201   10.437   10.655   10.700   10.991   11.117   11.181   11.213
   11.405   11.442   11.476   11.556   11.697   11.727   11.905   11.996   12.039   12.092
   12.148   12.299   12.322   12.380   12.542   12.568   12.629   12.667   12.684   12.699
   12.834   12.841   12.981   13.033   13.061   13.136   13.145   13.175   13.701   13.919
   13.976   14.012   14.161   14.231   14.419   14.498   14.501   14.549   14.579   14.588
   14.679   14.698   14.768   14.802   14.852   14.973   14.984   15.049   15.161   15.245
   15.345   15.479   15.592   15.658   15.743   15.960   15.969   16.064   16.341   16.382
   16.433   16.454   16.549   16.588   16.688   16.796   16.804   16.914   16.927   16.996
   17.089   17.212   17.218   17.411   17.475   17.507   17.600   17.687   17.694   17.731
   17.889   17.920   17.992   18.025   18.065   18.072   18.181   18.392   18.456   18.469
   18.686   18.722   18.740   18.789   18.889   19.033   19.159   19.224   19.410   19.445
   19.464   19.589   19.667   19.745   19.778   19.866   20.041   20.193   20.249   20.447
   20.483   20.484   20.553   20.646   20.758   20.784   20.830   20.987   21.066   21.092
   21.176   21.292   21.417   21.550   21.576   21.580   21.669   21.696   21.785   21.922
